,State,County,FIPS Code,Avg Temperature (C),Max Temperature (C),Min Temperature (C),Heat_Stress_Day,Cold_Stress_Day,Precipitation (mm),Vapor Pressure Deficit (kPa),Drought_Stress_Day,Wet_Day,Heavy_Rain_Day,Solar Radiation (MJ m**-2 day**-1),Low_Light_Day,Relative Humidity (%),Wind Speed (m s**-1),Year,"PRODUCTION, MEASURED IN BU",harvested_area
0,ARKANSAS,ARKANSAS,05001,17.77827175120326,35.91702702702703,-11.813783783783784,5.5675675675675675,127.89189189189189,1652.4161351351352,0.6968019992595335,0.0,104.64864864864865,18.864864864864867,126087.21771217298,5.918918918918919,71.96485746019992,5.487101295816364,2017,10040000.0,186964.61824953445
1,ARKANSAS,ASHLEY,05003,18.603198630136987,35.7955,-8.312,3.7,108.8,1844.63675,0.683657397260274,0.0,113.0,23.2,122775.89929920001,11.2,73.30917808219178,5.0775728767123285,2017,3490000.0,61443.66197183099
2,ARKANSAS,CHICOT,05017,18.66969315068493,35.024,-8.272,1.2,100.93333333333334,1869.6808666666668,0.6410575342465753,0.0,112.33333333333333,25.666666666666668,127958.4117792,9.2,74.42241095890411,5.543903744292237,2017,8647000.0,168886.71875
3,ARKANSAS,CLAY,05021,16.135537671232875,35.58625,-11.329375,3.375,149.125,1388.5965625,0.6163301369863013,0.0,104.3125,13.9375,130721.4042192,7.6875,72.69482876712328,4.815941095890411,2017,6583000.0,120127.73722627737
4,ARKANSAS,CONWAY,05029,16.813532420091324,35.12866666666667,-14.166,2.6666666666666665,143.06666666666666,1579.0314666666666,0.6139174429223745,0.0,103.26666666666667,20.8,127231.9052832,10.933333333333334,73.26953424657535,2.8273315068493154,2017,745000.0,18908.629441624365
5,ARKANSAS,CRAIGHEAD,05031,16.50629109589041,35.524375,-13.3525,2.3125,141.375,1640.139375,0.6062046232876712,0.0,103.4375,18.3125,127721.68531920001,11.5,73.54979452054795,5.196780821917808,2017,6147000.0,115762.71186440678
6,ARKANSAS,CRITTENDEN,05035,17.549454545454545,34.651818181818186,-13.142272727272728,0.6363636363636364,126.04545454545455,1664.0784545454546,0.6700692403486924,0.0,110.95454545454545,19.59090909090909,127458.8586301091,11.181818181818182,71.80613947696139,5.111983437110834,2017,12165000.0,230834.9146110057
7,ARKANSAS,CROSS,05037,17.07387671232877,35.524,-13.501,3.5,138.6,1545.7559,0.6723446575342465,0.0,106.7,17.4,128836.07910720001,8.9,71.64616438356164,5.383556712328767,2017,8696000.0,170176.1252446184
8,ARKANSAS,DESHA,05041,18.31058904109589,35.169666666666664,-9.128666666666668,2.7666666666666666,113.76666666666667,1682.9831333333334,0.6646026484018265,0.0,113.23333333333333,20.766666666666666,125195.1566112,9.5,73.1715890410959,5.489270684931507,2017,9975000.0,175925.92592592593
9,ARKANSAS,DREW,05043,18.332315068493152,35.597,-8.496500000000001,3.1,117.3,1674.4731,0.6942613698630138,0.0,109.9,19.6,124914.3053472,10.95,72.17306849315068,4.902166849315068,2017,2190000.0,40183.48623853211
10,ARKANSAS,FAULKNER,05045,16.919126171593366,34.94421052631579,-14.122631578947368,1.3157894736842104,142.05263157894737,1630.7888947368422,0.6154357606344629,0.0,105.94736842105263,20.63157894736842,134269.1080992,8.263157894736842,73.23010814708003,3.4108060562364817,2017,336000.0,8000.0
11,ARKANSAS,FRANKLIN,05047,16.493342465753425,34.75705882352941,-15.355882352941178,2.5294117647058822,143.76470588235293,1690.261588235294,0.6193914585012087,0.0,101.3529411764706,22.352941176470587,127752.46179331765,10.529411764705882,72.35642224012892,2.460203223207091,2017,67500.0,1901.4084507042253
12,ARKANSAS,GREENE,05055,16.35149841938883,35.59615384615385,-10.762307692307692,2.6153846153846154,144.3846153846154,1555.7093846153846,0.6206368809272919,0.0,105.0,16.76923076923077,128039.2792992,9.384615384615385,72.53378292939937,4.932404214963119,2017,3755000.0,73627.45098039215
13,ARKANSAS,INDEPENDENCE,05063,16.363809272918864,35.81230769230769,-13.334999999999999,3.6153846153846154,149.42307692307693,1577.6853461538462,0.6269750263435195,0.0,107.03846153846153,20.26923076923077,124415.65299766154,6.038461538461538,71.41308746048472,3.838391253951528,2017,1410000.0,32488.479262672812
14,ARKANSAS,JACKSON,05067,16.485420547945207,35.606,-14.7255,3.75,145.4,1633.3375,0.6034938356164383,0.0,107.05,20.75,128155.38923520001,5.9,73.62787671232877,5.085901232876712,2017,5949000.0,140971.56398104265
15,ARKANSAS,JEFFERSON,05069,17.776995107632093,35.60357142857143,-11.829642857142858,3.428571428571429,129.28571428571428,1674.127392857143,0.6940039138943248,0.0,98.82142857142857,20.535714285714285,128384.22883062858,5.892857142857142,71.77657534246576,5.07401457925636,2017,6240000.0,117514.12429378531
16,ARKANSAS,LAWRENCE,05075,16.233614916286147,36.351111111111116,-11.104999999999999,4.833333333333333,150.55555555555554,1427.0097222222223,0.6269242009132421,0.0,98.0,14.944444444444445,130013.41369920001,5.222222222222222,72.27397260273973,4.67243896499239,2017,2467000.0,58738.09523809524
17,ARKANSAS,LEE,05077,17.37400195694716,35.66428571428572,-13.952857142857143,5.142857142857142,132.42857142857142,1581.3546428571428,0.6628477495107632,0.0,105.42857142857143,16.642857142857142,132428.74551634287,6.642857142857142,72.69297455968689,5.409999412915852,2017,7165000.0,147731.95876288658
18,ARKANSAS,LINCOLN,05079,17.963514677103717,34.83214285714286,-12.094285714285714,0.9999999999999999,125.57142857142857,1779.6664285714285,0.6719982387475538,0.0,103.5,19.785714285714285,127787.72261348572,7.357142857142858,72.48076320939334,5.143745009784736,2017,4422000.0,76505.19031141869
19,ARKANSAS,LONOKE,05085,17.12911856400567,35.30241379310345,-13.621724137931034,2.896551724137931,139.89655172413794,1582.4283103448277,0.621643079829948,0.0,98.82758620689656,18.275862068965516,127103.46779023448,6.275862068965518,73.99851676901275,5.037465281058101,2017,5158000.0,121364.70588235294
20,ARKANSAS,MISSISSIPPI,05093,17.06313035793195,34.81,-14.970967741935485,0.4838709677419355,132.61290322580646,1592.071193548387,0.6418242156429518,0.0,112.3225806451613,18.516129032258064,121588.1800992,14.741935483870968,72.46866106937694,5.030343879805567,2017,16442000.0,289982.36331569665
21,ARKANSAS,MONROE,05095,17.290908675799088,36.195,-13.330416666666666,6.75,137.91666666666666,1587.7815833333334,0.6817256849315068,0.0,104.625,17.5,126143.0026992,6.125,72.48558219178082,5.567676484018265,2017,5597000.0,118580.50847457626
22,ARKANSAS,PHILLIPS,05107,17.65559817351598,35.562380952380956,-13.038571428571428,4.285714285714286,126.52380952380952,1605.4937142857143,0.6501630789302022,0.0,109.52380952380952,18.523809523809526,130841.4604649143,5.285714285714286,73.45208088714938,5.497604174820613,2017,12340000.0,233270.3213610586
23,ARKANSAS,POINSETT,05111,16.91381506849315,35.52625,-15.513125,3.375,137.1875,1494.5609375,0.6579796232876712,0.0,104.875,18.25,128116.4166792,11.0,72.13917808219178,5.39285051369863,2017,11240000.0,202522.52252252251
24,ARKANSAS,PRAIRIE,05117,17.154708755211434,35.88652173913044,-14.058695652173913,4.6521739130434785,140.2173913043478,1509.8229565217391,0.650729839189994,0.0,100.30434782608695,16.08695652173913,124897.35982789566,7.173913043478261,73.05939249553306,5.41580488385944,2017,5482000.0,107701.37524557958
25,ARKANSAS,PULASKI,05119,17.436339559983395,35.18484848484848,-11.796666666666667,3.2424242424242427,133.84848484848484,1769.5945151515152,0.6513330842673308,0.0,104.84848484848484,21.696969696969695,125110.36511738182,7.606060606060606,72.51198837691989,3.8109010377750105,2017,896000.0,19186.29550321199
26,ARKANSAS,RANDOLPH,05121,16.096560922855083,36.82105263157895,-11.58578947368421,6.0,152.89473684210526,1362.5214210526317,0.6777150684931507,0.0,101.36842105263158,14.26315789473684,131180.61186341054,4.842105263157895,69.53790915645277,3.9784007209805337,2017,1900000.0,39419.08713692946
27,ARKANSAS,ST. FRANCIS,05123,17.238544292237442,35.63333333333333,-13.4,4.0,135.8,1643.9968,0.6749121461187214,0.0,106.66666666666667,19.733333333333334,130595.5027872,7.4,71.97543378995434,5.378296073059361,2017,7703000.0,154989.93963782696
28,ARKANSAS,WHITE,05145,16.6723391336542,35.201351351351356,-14.351891891891892,2.2972972972972974,142.94594594594594,1575.3223243243244,0.5951041836356905,0.0,110.54054054054055,18.45945945945946,123963.84337271353,10.243243243243244,73.50864864864866,4.244523731951129,2017,1150000.0,26995.30516431925
29,ARKANSAS,WOODRUFF,05147,16.844665753424657,35.82,-15.0345,4.85,142.8,1560.1775499999999,0.6299049315068493,0.0,107.5,17.85,126121.18590720001,7.4,73.46569863013698,5.465270410958904,2017,5512000.0,123587.44394618833
30,ARKANSAS,YELL,05149,17.581572181243416,35.99974358974359,-13.63,7.948717948717949,133.46153846153845,1480.5793846153847,0.7576847910080787,0.0,102.43589743589743,19.846153846153847,128405.7121115077,7.6923076923076925,68.52436248682824,2.400519845451352,2017,247000.0,5798.122065727699
31,KANSAS,ALLEN,20001,14.548376712328768,38.27625,-17.1175,7.125,177.375,1531.360375,0.595833904109589,0.0,84.0,18.25,130790.1904992,4.25,72.03051369863014,3.808871575342466,2017,3418000.0,82361.44578313253
32,KANSAS,ANDERSON,20003,14.251438356164382,38.10916666666667,-18.075,6.833333333333333,180.83333333333334,1393.493,0.6022271689497717,0.0,83.66666666666667,15.5,133159.2547392,3.0,71.1498401826484,3.8883739726027398,2017,3953000.0,83927.81316348194
33,KANSAS,ATCHISON,20005,13.309031963470321,36.205,-21.448333333333334,2.666666666666667,192.5,1017.2265,0.5959397260273973,0.0,83.33333333333333,13.166666666666666,126153.86425920001,8.5,69.77675799086758,3.6231611872146114,2017,3740000.0,72061.6570327553
34,KANSAS,BARTON,20009,13.404605479452053,40.745,-18.4155,29.55,198.55,732.70625,0.7911552054794521,5.4,69.75,9.45,136602.44075520002,7.45,64.37261643835616,4.790301917808219,2017,1468000.0,46018.80877742947
35,KANSAS,BOURBON,20011,14.873981735159816,37.575833333333335,-17.1875,4.916666666666666,171.16666666666666,1689.61325,0.5889372146118722,0.0,85.75,23.083333333333332,129894.87409920001,4.0,71.88495433789954,3.615998173515982,2017,1550000.0,37990.19607843138
36,KANSAS,BROWN,20013,12.942269406392693,36.763333333333335,-22.26833333333333,3.0,196.16666666666666,1030.73425,0.5980344748858447,0.0,82.75,11.25,126776.44825920001,8.75,69.83561643835617,3.7913611872146116,2017,6228000.0,126072.87449392713
37,KANSAS,BUTLER,20015,14.38494216133942,39.70444444444444,-15.62027777777778,9.527777777777777,179.16666666666666,1145.2604999999999,0.6768007610350076,0.6944444444444445,78.36111111111111,14.38888888888889,130322.32729920001,3.861111111111111,68.17906392694064,4.370343378995434,2017,3392000.0,95819.20903954803
38,KANSAS,CHASE,20017,14.144828767123288,39.6375,-17.052,9.05,180.2,992.2766,0.6924713698630137,1.2999999999999998,83.65,10.9,131325.5339712,3.35,67.28516438356164,4.30906904109589,2017,1203000.0,27528.604118993135
39,KANSAS,CHAUTAUQUA,20019,15.223824200913242,39.11333333333334,-13.775,9.416666666666666,174.33333333333334,1270.5473333333332,0.6958721461187215,0.5,73.08333333333333,17.166666666666668,133029.57409920002,4.166666666666667,68.4483105022831,3.7971253424657534,2017,298000.0,8895.522388059702
40,KANSAS,CHEYENNE,20023,11.366514677103718,39.12714285714286,-22.047500000000003,18.142857142857142,236.60714285714286,826.4723571428572,0.7907914872798435,3.6785714285714284,75.10714285714286,9.464285714285714,139905.42197348573,4.5,61.06701565557729,4.146121135029355,2017,354000.0,6298.932384341637
41,KANSAS,CLAY,20027,13.237436643835617,40.071875,-21.9275,19.0625,197.8125,890.0736875,0.695148801369863,2.1875,86.4375,9.25,131907.5617392,9.1875,67.37890410958904,3.9903893835616437,2017,4981000.0,125465.99496221662
42,KANSAS,CLOUD,20029,13.102293759512937,40.52444444444445,-21.667777777777776,24.833333333333332,199.72222222222223,902.7950555555556,0.735565296803653,5.0,80.88888888888889,9.722222222222221,132380.74921920002,10.277777777777779,65.97184170471841,4.088055555555556,2017,3630000.0,97843.66576819407
43,KANSAS,COFFEY,20031,14.20140410958904,37.850833333333334,-16.856666666666666,7.25,179.41666666666666,1207.01475,0.6166920091324201,0.0,83.16666666666667,13.416666666666668,131605.0173792,2.1666666666666665,70.59470319634703,4.098257077625571,2017,3390000.0,86479.59183673469
44,KANSAS,COWLEY,20035,15.015719178082191,39.656666666666666,-14.160416666666668,10.916666666666666,174.41666666666666,1122.2823333333333,0.7174684931506848,0.6666666666666666,72.91666666666667,15.166666666666666,135083.27473920002,3.1666666666666665,66.89228310502283,4.226703424657535,2017,3152000.0,102006.47249190939
45,KANSAS,DICKINSON,20041,13.989649315068492,40.176,-19.893600000000003,22.16,189.88,928.968,0.7528244383561643,3.16,85.52,10.68,134347.6356768,8.120000000000001,66.03614246575343,4.13301895890411,2017,4001000.0,138923.6111111111
46,KANSAS,DONIPHAN,20043,12.925680365296802,36.223333333333336,-22.35083333333333,2.8333333333333335,198.0,997.988,0.5936968036529681,0.0,79.75,12.0,125730.9924192,8.0,70.23641552511415,3.5349134703196348,2017,4396000.0,75145.29914529914
47,KANSAS,DOUGLAS,20045,14.094582191780821,37.69,-19.2825,5.75,182.25,1403.38825,0.6161664383561644,0.0,86.25,16.375,127676.67577920001,6.75,69.95369863013698,3.6548835616438358,2017,1802000.0,38920.08639308855
48,KANSAS,EDWARDS,20047,13.63220091324201,38.90533333333334,-17.549333333333333,23.0,198.8,677.063,0.8366268493150686,5.6,59.86666666666667,7.666666666666667,138859.5896352,4.6,62.183123287671236,4.849057534246575,2017,1741000.0,32602.99625468165
49,KANSAS,ELK,20049,14.96973515981735,38.862500000000004,-14.4225,8.0,176.41666666666666,1202.32,0.693363698630137,0.08333333333333333,75.25,16.0,131705.4926592,2.5833333333333335,67.82815068493152,4.041802054794521,2017,480000.0,13994.169096209913
50,KANSAS,FRANKLIN,20059,14.08899086757991,38.31666666666667,-18.845,7.0,184.0,1266.2909166666666,0.6093406392694064,0.08333333333333333,85.58333333333333,14.166666666666666,128138.69041920001,4.583333333333333,70.67771689497717,3.7387698630136987,2017,3430000.0,82254.19664268584
51,KANSAS,GEARY,20061,13.808901065449012,39.31888888888889,-19.734444444444446,14.11111111111111,187.0,936.4595555555555,0.7023424657534247,2.1111111111111107,85.66666666666667,9.88888888888889,133426.6274592,9.11111111111111,67.18517503805175,4.108371080669711,2017,702000.0,16794.258373205743
52,KANSAS,GRAHAM,20065,12.63135502283105,41.19541666666667,-19.269166666666667,33.208333333333336,214.45833333333334,680.7131666666667,0.8300001141552511,9.041666666666666,69.79166666666667,6.166666666666667,137102.3628192,5.041666666666666,62.1054908675799,4.365751027397261,2017,301000.0,5996.015936254979
53,KANSAS,GRAY,20069,13.154606849315067,38.6185,-17.7475,26.25,210.2,902.0735,0.8417095890410958,4.35,66.3,13.05,143285.9291712,5.95,61.1194794520548,4.721698219178082,2017,986000.0,15700.63694267516
54,KANSAS,GREENWOOD,20073,14.582764840182648,38.76777777777778,-16.04111111111111,8.0,177.61111111111111,1174.5895555555555,0.6776168949771689,0.0,83.83333333333333,13.36111111111111,131012.9037792,2.7222222222222223,68.09569254185693,4.128357382039574,2017,1194000.0,32802.19780219781
55,KANSAS,HARPER,20077,15.058865753424657,41.19133333333333,-14.431999999999999,34.6,184.6,1038.5540666666666,0.8247256621004565,6.266666666666667,75.06666666666666,12.733333333333333,139232.6302752,5.8,64.60743378995434,4.347045662100457,2017,516000.0,23454.545454545456
56,KANSAS,HARVEY,20079,14.33046301369863,40.558,-17.063,19.4,184.4,844.1302000000001,0.7392871232876713,2.3,77.8,9.3,131255.4449952,5.0,66.50657534246575,4.4385032876712325,2017,3615000.0,117370.12987012987
57,KANSAS,HASKELL,20081,12.905748858447488,39.403333333333336,-19.044999999999998,28.0,214.91666666666666,979.6699166666666,0.8425221461187214,6.916666666666666,66.75,12.416666666666666,145247.3512992,4.666666666666666,61.21942922374429,4.54881598173516,2017,853000.0,14288.107202680067
58,KANSAS,HODGEMAN,20083,13.47322635355512,40.214285714285715,-17.495714285714286,34.047619047619044,204.95238095238096,756.470761904762,0.8810771037181997,10.142857142857142,60.666666666666664,9.285714285714285,143115.9455849143,5.714285714285714,61.18313111545988,4.749062491846054,2017,167000.0,2998.2046678635547
59,KANSAS,JACKSON,20085,13.411357876712328,37.966875,-20.98125,6.375,191.0625,1135.3834375,0.6192196917808219,0.125,89.4375,12.9375,127110.1839192,8.6875,69.37421232876713,3.776390239726027,2017,2167000.0,50512.820512820515
60,KANSAS,JEFFERSON,20087,13.738356164383562,37.2475,-20.81,4.833333333333333,185.58333333333334,1164.0789166666666,0.6056810502283105,0.0,87.58333333333333,14.916666666666666,127214.7849792,7.25,69.77228310502284,3.7166623287671237,2017,2715000.0,51420.45454545455
61,KANSAS,JEWELL,20089,12.54291210045662,40.61416666666667,-22.791666666666668,27.375,207.58333333333334,764.3874583333334,0.7562174657534247,5.875,73.45833333333333,8.041666666666666,133793.46601920002,7.541666666666667,64.82987442922375,4.197833789954338,2017,4313000.0,109745.54707379136
62,KANSAS,KINGMAN,20095,14.567849967384213,40.41809523809523,-15.254761904761907,26.142857142857142,186.57142857142858,919.9080952380953,0.7954803652968035,4.857142857142857,71.33333333333333,11.142857142857142,133775.81923062858,4.666666666666667,64.43279843444228,4.616768819308546,2017,920000.0,34456.92883895131
63,KANSAS,LABETTE,20099,15.255659817351598,36.858333333333334,-13.683333333333332,3.4166666666666665,169.08333333333334,1479.7196666666666,0.6061650684931507,0.0,84.91666666666667,20.75,130485.8104992,5.916666666666666,71.89872146118721,3.596271917808219,2017,3087000.0,78350.25380710661
64,KANSAS,LYON,20111,13.99233105022831,39.23625,-17.29625,8.125,183.16666666666666,1078.7521666666667,0.6541404109589041,0.5,84.79166666666667,11.375,131017.5758592,4.041666666666667,69.02802511415526,4.036379908675799,2017,3229000.0,83652.84974093264
65,KANSAS,MARION,20115,14.144391232876712,40.3256,-16.5424,12.24,184.84,917.26516,0.722810301369863,1.96,84.44,8.92,131958.35496,5.56,66.49379726027398,4.500204383561644,2017,3341000.0,130000.0
66,KANSAS,MARSHALL,20117,12.846351598173515,37.82041666666667,-21.78125,7.416666666666666,197.41666666666666,1093.1738333333333,0.6325777397260274,0.041666666666666664,85.83333333333333,12.208333333333334,126089.0372592,8.916666666666666,68.80803652968036,3.9087294520547946,2017,4647000.0,164204.94699646643
67,KANSAS,MCPHERSON,20113,14.220142465753424,41.8615,-16.416999999999998,28.65,191.25,812.14875,0.7896369863013698,4.0,78.9,9.35,134794.8145152,6.2,65.07557534246575,4.673082739726027,2017,3765000.0,128498.29351535835
68,KANSAS,MEADE,20119,13.946668949771688,38.70166666666667,-15.067916666666667,34.958333333333336,205.625,820.749625,0.9155755707762557,7.5,61.125,10.75,145859.3124192,4.25,59.39268264840182,4.402944406392694,2017,2098000.0,29590.973201692523
69,KANSAS,MIAMI,20121,14.074242009132421,36.95916666666667,-19.14,4.083333333333333,180.0,1358.3641666666667,0.5869598173515982,0.0,85.83333333333333,15.5,126909.6036192,4.25,70.67890410958904,3.6318851598173514,2017,2676000.0,53843.058350100604
70,KANSAS,MONTGOMERY,20125,15.23470091324201,38.25416666666667,-13.890833333333333,6.416666666666666,173.41666666666666,1326.1374166666667,0.6600840182648402,0.0,79.08333333333333,17.583333333333332,131748.1648992,4.416666666666667,69.97997716894977,3.6680534246575345,2017,2701000.0,73000.0
71,KANSAS,MORRIS,20127,13.741617960426181,39.25888888888889,-19.849444444444444,10.055555555555555,187.33333333333334,973.5439444444445,0.684079604261796,1.5555555555555556,85.44444444444444,11.0,133604.4592992,7.0,67.4499086757991,4.349191628614916,2017,2205000.0,56829.8969072165
72,KANSAS,NEMAHA,20131,12.959619863013698,37.458125,-21.7325,4.5625,194.375,1071.362375,0.6090260273972603,0.0,85.4375,11.0,127436.51617920001,9.3125,69.36832191780822,3.9336871575342465,2017,4371000.0,131261.26126126127
73,KANSAS,NEOSHO,20133,14.934184931506849,37.983333333333334,-15.167499999999999,5.833333333333333,173.33333333333334,1559.632,0.6116913242009132,0.0,84.66666666666667,20.916666666666668,130908.1012992,3.833333333333333,71.65511415525114,3.723665068493151,2017,2282000.0,63921.56862745097
74,KANSAS,OSAGE,20139,14.054056506849316,38.771875,-18.84125,7.25,181.5,1202.24275,0.6355571917808219,0.1875,85.5,14.75,130504.8760992,4.9375,69.82510273972602,4.014491095890411,2017,3563000.0,83247.66355140187
75,KANSAS,OSBORNE,20141,13.244320776255707,41.347500000000004,-18.613333333333333,37.291666666666664,202.58333333333334,883.1185,0.8249844748858447,7.291666666666667,74.875,11.125,138643.18945920002,5.833333333333333,63.125376712328766,4.376355365296804,2017,1358000.0,49381.818181818184
76,KANSAS,OTTAWA,20143,13.67206088280061,41.934444444444445,-20.25611111111111,31.833333333333332,196.72222222222223,859.7567222222223,0.7882983257229833,6.5,81.44444444444444,10.333333333333334,134598.10057920002,9.055555555555555,65.03462709284628,4.182177168949772,2017,2353000.0,78695.65217391304
77,KANSAS,PAWNEE,20145,13.491855185909982,39.88333333333333,-17.826666666666668,28.523809523809522,201.23809523809524,671.8745238095238,0.8312439660795825,7.0,63.23809523809524,7.619047619047619,139139.21031634285,5.857142857142857,62.844096542726675,4.755085975212003,2017,948000.0,21995.3596287703
78,KANSAS,POTTAWATOMIE,20149,13.2442567224759,39.29962962962963,-21.090740740740742,9.777777777777777,195.22222222222223,1077.9563703703705,0.6365199391171994,0.962962962962963,91.96296296296296,11.074074074074074,126944.3586592,9.62962962962963,69.30922374429224,3.760431050228311,2017,2303000.0,47879.41787941788
79,KANSAS,PRATT,20151,13.709532420091325,39.48666666666667,-15.910666666666666,20.266666666666666,195.93333333333334,849.4598666666667,0.7894471232876712,3.8666666666666667,60.8,11.466666666666667,136386.69203520002,4.8,63.59764383561644,4.744771689497717,2017,2281000.0,44034.74903474904
80,KANSAS,RENO,20155,14.177719178082192,40.819375,-15.97875,23.96875,190.59375,834.9101875,0.7682315924657535,4.5625,67.3125,9.90625,134409.4878492,6.21875,65.34855308219178,4.605099914383562,2017,2865000.0,124025.97402597402
81,KANSAS,REPUBLIC,20157,12.47921308980213,39.538333333333334,-22.806666666666665,19.27777777777778,205.33333333333334,1009.7404444444445,0.6821284627092846,2.111111111111111,79.05555555555556,10.055555555555555,130174.1512992,9.61111111111111,67.28963470319634,4.04513302891933,2017,5312000.0,118571.42857142858
82,KANSAS,RICE,20159,13.772286757990868,41.037333333333336,-16.836666666666666,26.666666666666668,195.93333333333334,750.1478666666667,0.7767715068493151,5.133333333333333,70.06666666666666,8.6,134789.1036192,8.066666666666666,65.08226484018265,4.757206392694064,2017,2069000.0,70614.33447098976
83,KANSAS,RILEY,20161,13.385678704856787,38.63636363636363,-20.609545454545454,12.0,191.45454545454547,934.3607727272728,0.6621224159402241,1.3181818181818181,87.72727272727273,9.318181818181818,129035.63349556364,9.272727272727273,68.37891656288917,3.894815815691158,2017,1546000.0,41783.78378378379
84,KANSAS,ROOKS,20163,13.040904109589041,41.05708333333333,-18.88083333333333,31.458333333333332,205.91666666666666,754.0320833333333,0.8144187214611872,8.166666666666666,75.08333333333333,9.208333333333334,136518.6699792,4.791666666666667,62.96380136986301,4.355380593607306,2017,555000.0,21764.70588235294
85,KANSAS,RUSSELL,20167,13.514082191780822,41.0855,-18.802500000000002,35.25,199.3,833.8339,0.8269254794520549,7.75,70.9,11.3,137779.8714432,7.550000000000001,63.43379452054794,4.57684904109589,2017,249000.0,9880.952380952382
86,KANSAS,SALINE,20169,14.23625388127854,41.968666666666664,-17.139333333333333,34.266666666666666,191.86666666666667,801.7953333333334,0.8274387214611872,6.266666666666667,79.8,9.2,135360.7404192,7.733333333333333,64.38142465753425,4.384210410958904,2017,1902000.0,84159.29203539822
87,KANSAS,SEDGWICK,20173,14.636441400304413,40.7362962962963,-15.338888888888889,18.59259259259259,181.55555555555554,958.7321111111111,0.727108472856418,2.962962962962963,76.03703703703704,12.037037037037036,131574.0847392,4.407407407407407,67.48200913242009,4.170223642820903,2017,4128000.0,129000.0
88,KANSAS,SEWARD,20175,13.54808904109589,38.44416666666667,-18.273333333333333,33.833333333333336,208.33333333333334,957.0633333333333,0.8725550228310501,6.583333333333333,66.58333333333333,11.833333333333334,145878.9180192,3.8333333333333335,60.345114155251146,4.448186757990867,2017,1610000.0,22206.896551724138
89,KANSAS,SHAWNEE,20177,13.985941552511415,38.49,-19.477333333333334,8.133333333333333,186.26666666666668,1171.4332666666667,0.6559141552511416,0.6666666666666666,88.33333333333333,14.333333333333334,127943.32403520001,6.866666666666667,68.95305936073059,3.7171090410958905,2017,1678000.0,43025.64102564102
90,KANSAS,SHERMAN,20181,11.207035225048923,37.64392857142857,-19.73428571428571,12.892857142857142,235.32142857142858,818.047,0.743821037181996,0.9642857142857143,70.32142857142857,8.392857142857142,140696.28499062857,4.321428571428571,62.30988258317025,4.450771722113503,2017,351000.0,7905.405405405406
91,KANSAS,SMITH,20183,12.533261415525116,41.14625,-23.08791666666667,34.166666666666664,210.29166666666666,682.5755,0.8020125570776255,6.708333333333333,72.04166666666667,6.416666666666667,138695.3282592,3.5833333333333335,63.20584474885845,4.22165,2017,3341000.0,84368.68686868687
92,KANSAS,STEVENS,20189,13.262653881278538,38.565333333333335,-19.903333333333332,31.4,214.6,865.8874666666667,0.8951136073059361,11.133333333333333,65.93333333333334,10.333333333333334,148595.34841920002,3.1333333333333333,59.724365296803654,4.477615707762557,2017,715000.0,12306.368330464717
93,KANSAS,SUMNER,20191,15.144909980430528,40.98892857142857,-14.344285714285714,25.821428571428573,179.64285714285714,963.4118928571429,0.7740994129158513,3.7142857142857144,75.57142857142857,12.25,135156.4684992,4.392857142857143,66.58638943248533,4.223260176125245,2017,4919000.0,185622.64150943398
94,KANSAS,WABAUNSEE,20197,13.72219178082192,38.80526315789474,-18.94421052631579,9.368421052631579,188.3684210526316,1071.550947368421,0.6649929343907715,1.4736842105263157,85.52631578947368,12.421052631578947,130429.76221288422,7.263157894736842,68.38670511896179,4.0800656092285505,2017,1230000.0,33423.913043478264
95,KANSAS,WASHINGTON,20201,12.646421232876714,38.5725,-22.69666666666667,10.333333333333334,201.33333333333334,1040.2540833333333,0.6457383561643836,0.08333333333333333,84.25,12.916666666666666,127918.30957920001,9.083333333333332,68.34296803652968,3.9425410958904106,2017,4602000.0,138614.4578313253
96,KANSAS,WILSON,20205,14.929936073059359,38.824999999999996,-14.338333333333333,7.166666666666666,176.58333333333334,1408.7360833333335,0.6562280821917807,0.0,82.5,18.833333333333332,131866.0288992,2.1666666666666665,69.94454337899543,3.8247910958904106,2017,3083000.0,81777.18832891247
97,KANSAS,WOODSON,20207,14.546205479452054,38.8375,-16.84,8.375,179.375,1276.237625,0.6473969178082192,0.0,83.25,15.125,131476.13305920002,2.25,70.18630136986302,3.9805325342465756,2017,1339000.0,37194.444444444445
98,NORTH DAKOTA,ADAMS,38001,6.637417185554172,39.52212121212121,-33.658181818181816,9.787878787878789,277.8484848484849,448.931696969697,0.6431954337899544,2.8181818181818183,64.06060606060606,3.5454545454545454,125048.95723374546,2.090909090909091,63.16297218762972,4.517413283520133,2017,58000.0,4202.898550724637
99,NORTH DAKOTA,BARNES,38003,6.239713470319635,35.131875,-31.885833333333334,1.4375,257.0,677.8506666666667,0.45015599315068494,0.0,82.75,5.770833333333333,113088.31567920001,7.0,72.50055365296804,4.633940068493151,2017,14060000.0,390555.55555555556
100,NORTH DAKOTA,BENSON,38005,4.819721046077211,34.066909090909085,-34.752,0.3090909090909091,268.45454545454544,634.3682181818182,0.39862704856787046,0.0,85.76363636363637,4.527272727272727,113273.92632174546,4.236363636363636,73.96773599003735,4.699772503113325,2017,6593000.0,199184.29003021147
101,NORTH DAKOTA,BOTTINEAU,38009,4.437258447488585,33.145833333333336,-35.61833333333333,0.16666666666666669,286.35,527.4762833333333,0.44134086757990865,0.0,83.95,2.316666666666667,115068.8558592,5.516666666666667,71.42284931506849,4.44278401826484,2017,9215000.0,281804.28134556575
102,NORTH DAKOTA,BURLEIGH,38015,6.056469489414694,36.63136363636364,-33.44590909090909,3.803030303030303,264.3333333333333,531.0937272727273,0.5121746367787464,0.045454545454545456,69.78787878787878,3.0303030303030303,121067.63999738182,3.9696969696969697,68.92610626816106,4.412006766293068,2017,3247000.0,97507.50750750751
103,NORTH DAKOTA,CASS,38017,6.495447488584475,35.43533333333333,-31.176,2.716666666666667,254.1,681.38155,0.471981598173516,0.5666666666666667,84.3,5.550000000000001,111307.41141120001,9.1,71.4805205479452,4.321890410958904,2017,18880000.0,502127.65957446804
104,NORTH DAKOTA,CAVALIER,38019,4.0247751141552515,33.20020833333333,-33.65020833333333,0.0,277.125,562.8872916666667,0.3526617579908676,0.0,86.47916666666667,2.7708333333333335,110309.13097920001,2.729166666666667,75.29747716894977,4.657799429223744,2017,5893000.0,185314.46540880503
105,NORTH DAKOTA,DICKEY,38021,6.603383146533831,35.48,-32.129393939393935,3.9393939393939394,263.3939393939394,492.56415151515154,0.4585398090493981,0.0,67.57575757575758,3.3030303030303028,122219.04750283637,3.9393939393939394,72.1101203819012,4.294387712743878,2017,8303000.0,205519.80198019804
106,NORTH DAKOTA,EDDY,38027,5.25988698630137,34.256875,-33.604375000000005,0.25,265.25,627.951375,0.4366340753424658,0.0,84.0625,4.75,113161.80733920001,4.5625,72.95943493150685,4.748089554794521,2017,2827000.0,82419.8250728863
107,NORTH DAKOTA,EMMONS,38029,6.66724168297456,37.49267857142858,-33.86607142857143,7.482142857142857,257.4642857142857,457.63057142857144,0.5478954500978473,0.7142857142857143,69.82142857142857,2.6785714285714284,123603.08395062857,1.7857142857142856,67.75771037181995,4.385938454011741,2017,5370000.0,144354.8387096774
108,NORTH DAKOTA,FOSTER,38031,5.628503424657534,35.205625,-32.948750000000004,1.5,263.875,601.3988125,0.4554580479452055,0.0,82.5625,3.4375,117640.2228192,4.75,72.49270547945206,4.769093321917809,2017,4708000.0,150415.3354632588
109,NORTH DAKOTA,GRAND FORKS,38035,5.560316411496105,34.908235294117645,-31.421960784313725,0.4901960784313726,259.1372549019608,654.157568627451,0.42786226161697555,0.058823529411764705,84.41176470588235,4.588235294117647,107977.42021214118,13.07843137254902,72.79297878055331,4.5293057211925865,2017,8786000.0,247492.95774647887
110,NORTH DAKOTA,GRIGGS,38039,5.679161643835617,35.8395,-32.9665,1.4000000000000001,258.95,652.7396,0.46238342465753424,0.0,84.1,4.45,116403.44137920001,5.6,71.96465753424657,4.829397260273972,2017,4498000.0,122561.30790190735
111,NORTH DAKOTA,HETTINGER,38041,6.287880821917809,38.4185,-34.191,8.9,283.025,410.980325,0.6207439726027397,1.9,66.2,2.0,125338.30060320001,2.65,64.0102191780822,4.474603356164383,2017,71000.0,5107.913669064748
112,NORTH DAKOTA,KIDDER,38043,5.794232597148449,36.165306122448975,-31.939591836734692,2.122448979591837,262.6326530612245,523.0095306122449,0.4615804305283757,0.0,73.53061224489795,2.9183673469387754,123599.00344613878,2.612244897959184,71.51062342745317,4.544285043332402,2017,2379000.0,76990.29126213593
113,NORTH DAKOTA,LAMOURE,38045,6.4245305105853046,35.07333333333334,-30.67909090909091,2.4545454545454546,261.969696969697,511.9211212121212,0.44290278123702775,0.0,67.96969696969697,3.787878787878788,116946.10210647274,6.212121212121212,72.85443752594438,4.462082855956829,2017,10939000.0,314339.08045977016
114,NORTH DAKOTA,LOGAN,38047,5.948472146118721,35.894999999999996,-32.39066666666667,2.3333333333333335,263.3,432.53096666666664,0.4579345205479452,0.0,64.8,2.4,123805.54480320001,2.3333333333333335,71.63012785388128,4.600847488584475,2017,3112000.0,111142.85714285714
115,NORTH DAKOTA,MCHENRY,38049,5.162563165905632,35.24722222222222,-35.45902777777778,1.4861111111111112,279.40277777777777,486.0387777777778,0.4911392313546423,0.0,79.0,1.9305555555555556,118048.4242992,5.194444444444445,70.01410197869102,4.596650532724505,2017,4265000.0,160338.34586466165
116,NORTH DAKOTA,MCINTOSH,38051,6.058376458650431,35.93555555555555,-33.18555555555555,3.2962962962962963,264.55555555555554,460.8741111111111,0.4718255707762557,0.0,67.51851851851852,2.814814814814815,126440.9733792,2.074074074074074,70.89262303399289,4.478102993404363,2017,4115000.0,133171.5210355987
117,NORTH DAKOTA,MCKENZIE,38053,6.154457555819222,37.17787401574803,-35.52755905511811,7.039370078740157,276.8897637795276,357.14588188976376,0.5864203645777155,0.905511811023622,63.818897637795274,0.7874015748031495,125994.55853321575,5.921259842519685,66.061986840686,4.339273713730989,2017,86500.0,2500.0
118,NORTH DAKOTA,MOUNTRAIL,38061,4.955390157280568,34.864938271604935,-33.16530864197531,1.4320987654320987,281.1604938271605,456.41224691358025,0.47640558092338914,0.0,76.32098765432099,1.691358024691358,119156.8559392,4.481481481481481,70.28419753086419,4.711088956536445,2017,1456000.0,48695.65217391305
119,NORTH DAKOTA,NELSON,38063,4.992523771152296,34.47676470588235,-33.67352941176471,0.5882352941176471,264.9117647058824,625.8244117647058,0.4149636583400484,0.0,84.8529411764706,4.235294117647059,113033.37761449412,7.352941176470588,73.65560838033844,4.910962207896858,2017,5243000.0,155578.6350148368
120,NORTH DAKOTA,PEMBINA,38067,4.696744422700587,34.23028571428571,-33.139714285714284,0.02857142857142857,269.45714285714286,519.4752285714286,0.40396336594911936,0.0,79.0,1.6857142857142855,110572.96707977144,5.514285714285714,72.96855577299412,4.269368454011742,2017,7195000.0,209156.97674418605
121,NORTH DAKOTA,PIERCE,38069,4.749466755763448,34.96512195121951,-35.57219512195122,0.951219512195122,277.9268292682927,576.4441707317073,0.4310618777146676,0.0,83.09756097560975,2.4878048780487805,117448.80541041952,4.0,72.58435015035082,4.5700777146675575,2017,4392000.0,129557.52212389381
122,NORTH DAKOTA,RAMSEY,38071,4.485893512535539,33.17528301886792,-34.49603773584906,0.018867924528301886,268.45283018867923,616.3687924528302,0.3677668131300078,0.0,86.73584905660377,4.0754716981132075,110825.20282523773,5.169811320754717,75.33847505815456,4.6826262083225645,2017,5841000.0,179723.07692307694
123,NORTH DAKOTA,RANSOM,38073,6.61353196347032,34.817083333333336,-30.739583333333332,1.6666666666666665,257.5416666666667,625.744875,0.4454618721461187,0.0,74.08333333333333,5.166666666666667,116282.8996992,7.958333333333334,72.72842465753425,4.235445890410959,2017,6709000.0,152131.51927437642
124,NORTH DAKOTA,RENVILLE,38075,4.735944422700587,34.10171428571429,-35.03514285714286,0.3714285714285714,286.1714285714286,464.7155714285714,0.47789338551859106,0.0,80.2,1.0,115567.6794912,6.942857142857143,70.07578864970645,4.747950919765166,2017,4233000.0,143491.5254237288
125,NORTH DAKOTA,RICHLAND,38077,6.759333840690005,35.68314814814815,-31.05462962962963,3.351851851851852,253.83333333333334,643.4195185185185,0.46433140537798073,0.5925925925925926,78.98148148148148,4.2592592592592595,115613.1941792,6.185185185185185,71.86439878234398,4.0452998477929984,2017,13572000.0,324688.995215311
126,NORTH DAKOTA,ROLETTE,38079,3.9119549902152646,33.58714285714286,-34.52285714285714,0.10714285714285714,287.2857142857143,533.7768928571428,0.3871210371819961,0.0,87.92857142857143,2.2142857142857144,114803.51395062858,3.75,73.15469667318983,4.414155577299413,2017,2150000.0,68690.09584664536
127,NORTH DAKOTA,SARGENT,38081,6.859431506849315,35.62,-31.901666666666667,2.9166666666666665,258.2916666666667,615.4147916666667,0.46234474885844745,0.0,73.625,3.916666666666667,117239.74549920001,5.25,72.24772831050228,4.109321461187215,2017,8360000.0,190000.0
128,NORTH DAKOTA,SHERIDAN,38083,5.379129549902152,34.584857142857146,-33.958571428571425,0.6,268.9428571428571,515.9878571428571,0.47175287671232874,0.0,80.11428571428571,2.914285714285714,119415.4533792,4.571428571428571,70.66260665362036,4.7829754207436395,2017,2650000.0,91379.31034482758
129,NORTH DAKOTA,STEELE,38091,6.021626027397261,36.0405,-31.762999999999998,1.85,254.75,682.2807,0.47511821917808217,0.5,82.15,5.4,115608.70221120001,7.050000000000001,71.40298630136986,4.812769863013699,2017,6642000.0,178069.7050938338
130,NORTH DAKOTA,STUTSMAN,38093,5.9178871493803005,35.54238095238095,-31.78309523809524,2.0952380952380953,261.76190476190476,564.7557261904761,0.4467692433137639,0.0,76.27380952380952,4.011904761904762,115404.49527634286,5.5476190476190474,72.50632093933464,4.669443672537508,2017,16210000.0,468497.1098265896
131,NORTH DAKOTA,TOWNER,38095,4.032525114155251,33.623666666666665,-34.69266666666667,0.0,284.6333333333333,552.2360666666666,0.3659628310502283,0.0,86.8,2.8,110886.28009920001,3.833333333333333,74.85912328767124,4.46287598173516,2017,5194000.0,150550.72463768115
132,NORTH DAKOTA,TRAILL,38097,6.163656555772993,35.985,-31.47214285714286,1.7142857142857142,254.25,635.1675714285715,0.4687361056751468,0.5714285714285714,85.64285714285714,4.178571428571429,109901.8586592,9.678571428571429,71.170313111546,4.470660861056751,2017,8530000.0,225065.96306068602
133,NORTH DAKOTA,WALSH,38099,4.888355512067841,34.08190476190477,-32.255,0.23809523809523808,266.57142857142856,578.0732142857142,0.39103072407045014,0.0,81.5,4.119047619047619,110214.52112777144,6.833333333333333,74.04165688193086,4.530201435094586,2017,5538000.0,159596.5417867435
134,NORTH DAKOTA,WARD,38101,5.1661932537929,35.08129032258064,-34.778279569892476,1.032258064516129,278.31182795698925,464.5276559139785,0.5119420827809692,0.0,78.08602150537635,1.3763440860215055,117803.32999339355,5.35483870967742,68.78067462070997,4.927308027691855,2017,5689000.0,214679.24528301886
135,NORTH DAKOTA,WELLS,38103,5.375211567732116,34.55244444444444,-33.86511111111111,0.6444444444444445,268.26666666666665,567.8394444444444,0.4404214307458143,0.0,78.62222222222222,3.888888888888889,119706.2391072,3.2666666666666666,72.578800608828,4.74518502283105,2017,8276000.0,234447.59206798868
136,NORTH DAKOTA,WILLIAMS,38105,5.4948186420488385,36.12163043478261,-34.86858695652174,4.934782608695652,278.17391304347825,363.2162608695652,0.5310802561048243,0.5434782608695652,64.32608695652173,0.6304347826086956,121156.60533746087,5.119565217391305,68.5230732578916,4.392504377605718,2017,271000.0,8798.701298701299
137,SOUTH DAKOTA,BEADLE,46005,8.587851598173517,37.29138888888889,-32.121944444444445,7.611111111111111,244.88888888888889,666.2994166666666,0.5533671993911721,0.0,78.69444444444444,5.638888888888888,119995.6826592,5.833333333333333,68.98886605783866,4.163384246575343,2017,9642000.0,229026.12826603325
138,SOUTH DAKOTA,BON HOMME,46009,10.015456164383561,36.05,-26.174,4.55,225.1,992.9028000000001,0.555533698630137,0.0,81.2,11.65,125558.66704320001,6.15,68.83739726027397,4.111089452054794,2017,4573000.0,97091.29511677282
139,SOUTH DAKOTA,BROOKINGS,46011,7.693646444879322,33.92333333333333,-30.72285714285714,0.14285714285714285,246.14285714285714,850.8538095238096,0.4230536203522505,0.0,89.61904761904762,7.095238095238095,115918.63760777144,7.095238095238095,73.96528375733855,4.175274494455316,2017,6621000.0,134847.25050916497
140,SOUTH DAKOTA,BROWN,46013,7.218264677103718,37.95982142857143,-34.10642857142857,7.25,259.125,560.3621071428571,0.5158875733855186,0.21428571428571427,68.10714285714286,3.875,120102.51759634286,5.589285714285714,69.85692270058709,4.03426149706458,2017,14253000.0,374094.48818897636
141,SOUTH DAKOTA,BRULE,46015,9.92417808219178,40.684615384615384,-28.843846153846155,15.5,233.73076923076923,787.5264615384616,0.6378518440463645,1.1153846153846154,81.3076923076923,7.576923076923077,124340.24141612308,8.115384615384615,66.67015806111696,4.231139726027397,2017,3037000.0,82303.52303523036
142,SOUTH DAKOTA,CAMPBELL,46021,7.273506849315068,39.57434782608696,-34.45913043478261,11.478260869565217,256.0869565217391,556.310652173913,0.595264919594997,2.260869565217391,66.17391304347827,4.521739130434782,125358.83762963479,3.0,66.21442525312686,4.233098987492555,2017,2502000.0,75818.18181818182
143,SOUTH DAKOTA,CHARLES MIX,46023,10.137808219178083,37.99607142857143,-27.28375,9.785714285714286,228.5,850.3932321428572,0.6046626712328768,0.25,84.39285714285714,7.696428571428571,127047.84315634286,6.142857142857142,67.37208904109589,4.170690313111546,2017,7039000.0,154703.2967032967
144,SOUTH DAKOTA,CLARK,46025,7.519765296803653,35.00533333333333,-31.70266666666667,1.2,246.43333333333334,729.0556,0.4797374429223744,0.0,79.0,6.5,116594.50086720001,5.6000000000000005,70.38657534246575,4.410464109589041,2017,6608000.0,151908.0459770115
145,SOUTH DAKOTA,CLAY,46027,9.975850837138509,36.11333333333333,-26.735555555555557,1.2222222222222223,224.66666666666666,1089.1617777777778,0.5149415525114155,0.0,83.66666666666667,10.444444444444445,123217.5852192,7.777777777777778,71.279299847793,3.9155467275494673,2017,4947000.0,95317.91907514451
146,SOUTH DAKOTA,CODINGTON,46029,6.942076103500761,34.51833333333334,-31.346666666666668,0.2222222222222222,251.27777777777777,697.8674444444445,0.4352531202435312,0.0,78.05555555555556,5.111111111111111,113775.4130592,6.888888888888888,72.55614916286149,4.330061491628615,2017,4860000.0,108724.83221476509
147,SOUTH DAKOTA,DAVISON,46035,9.520063926940638,37.824444444444445,-29.734444444444446,9.11111111111111,234.44444444444446,808.5243333333333,0.5718158295281582,0.0,89.0,6.888888888888889,119654.5701792,10.333333333333334,69.1283105022831,4.255662100456621,2017,3710000.0,79784.94623655915
148,SOUTH DAKOTA,DAY,46037,6.9067440068493156,35.2315625,-32.199375,1.65625,252.625,678.51896875,0.4572801369863014,0.0,78.1875,5.0625,117741.39343920001,4.875,71.2626455479452,4.501054623287671,2017,6658000.0,163186.27450980394
149,SOUTH DAKOTA,DEUEL,46039,7.594868150684931,34.073125,-29.720625,0.125,241.25,831.3070625,0.44133219178082195,0.0,89.1875,6.625,113677.07965920001,7.625,72.32433219178081,4.3663448630136985,2017,4355000.0,95504.38596491228
150,SOUTH DAKOTA,DOUGLAS,46043,9.580448318804484,38.098181818181814,-28.921818181818182,8.909090909090908,237.45454545454547,821.915,0.5835820672478207,0.0,86.27272727272727,5.818181818181818,123472.73611374546,6.545454545454546,68.55392278953923,4.2598388542963885,2017,3414000.0,79953.16159250584
151,SOUTH DAKOTA,EDMUNDS,46045,7.2994379410543795,39.22212121212121,-32.78636363636364,10.06060606060606,258.2121212121212,527.2670303030303,0.5696535491905355,0.4545454545454545,66.96969696969697,3.090909090909091,126694.43633192728,4.03030303030303,67.46948111249482,4.221678621834786,2017,7352000.0,216873.1563421829
152,SOUTH DAKOTA,FAULK,46049,7.87951902587519,39.71777777777778,-32.281481481481485,11.148148148148149,252.77777777777777,464.80188888888887,0.603484830035515,1.074074074074074,67.25925925925925,2.4444444444444446,128441.19769920001,3.518518518518518,66.23912734652461,4.218743581938102,2017,5853000.0,159918.03278688525
153,SOUTH DAKOTA,GRANT,46051,7.616087410306588,35.10619047619048,-30.535238095238096,0.9523809523809523,241.9047619047619,791.46,0.4765354207436399,0.09523809523809523,79.0,6.095238095238095,114203.87079634286,5.095238095238095,70.48966731898238,4.212478016960208,2017,4772000.0,110719.25754060324
154,SOUTH DAKOTA,HAMLIN,46057,7.345388127853881,34.25416666666667,-31.569166666666664,0.0,248.0,674.7223333333334,0.44074863013698634,0.0,83.5,4.25,114051.2452992,6.75,72.60488584474886,4.299419863013699,2017,4887000.0,99127.78904665315
155,SOUTH DAKOTA,HAND,46059,8.57275733855186,39.20547619047619,-31.65357142857143,10.428571428571429,247.0,512.2501904761905,0.6093401826484018,0.40476190476190477,70.61904761904762,3.0952380952380953,127573.28707062858,4.071428571428571,66.0061252446184,4.298034768427919,2017,7380000.0,217699.1150442478
156,SOUTH DAKOTA,HANSON,46061,9.315853881278539,36.94111111111111,-29.986666666666665,7.111111111111111,233.77777777777777,847.1522222222222,0.5388983257229832,0.0,89.44444444444444,8.333333333333334,119106.6751392,10.444444444444445,70.53713850837138,4.224156468797565,2017,4017000.0,83340.24896265559
157,SOUTH DAKOTA,HUGHES,46065,9.27203623508617,41.26096774193548,-29.865483870967743,20.548387096774192,243.93548387096774,510.9460322580645,0.6932385329209014,4.225806451612903,73.74193548387096,2.741935483870968,130805.47284758711,5.709677419354839,64.16625718073354,4.358274944763588,2017,1228000.0,32659.574468085106
158,SOUTH DAKOTA,HUTCHINSON,46067,9.635141552511415,37.01904761904762,-28.51571428571429,5.190476190476191,228.85714285714286,888.8859047619047,0.5562313111545988,0.0,85.33333333333333,9.0,121248.38329920001,7.809523809523809,69.65058056099153,4.212012133072407,2017,7244000.0,161696.42857142858
159,SOUTH DAKOTA,JERAULD,46073,9.099118721461187,37.67333333333333,-30.368333333333336,9.583333333333334,239.83333333333334,746.901,0.5860799086757991,0.0,76.66666666666667,7.25,121784.1957792,7.166666666666667,67.2306392694064,4.33902100456621,2017,1740000.0,48603.35195530727
160,SOUTH DAKOTA,KINGSBURY,46077,7.906437214611872,34.42625,-31.400000000000002,1.1666666666666667,243.5,822.2854583333333,0.45693093607305935,0.0,86.0,7.666666666666667,117844.4544192,7.125,72.17140410958905,4.425120776255708,2017,7292000.0,152872.1174004193
161,SOUTH DAKOTA,LAKE,46079,8.160918721461188,34.14333333333333,-30.40666666666667,0.0,241.26666666666668,805.2689333333334,0.43851671232876716,0.0,85.93333333333334,6.6,117936.8475552,7.466666666666667,73.29607305936072,4.402924748858448,2017,6138000.0,114301.67597765362
162,SOUTH DAKOTA,LINCOLN,46083,9.36495616438356,34.7915,-27.425,0.4,226.7,1057.6653000000001,0.48818657534246573,0.0,90.7,10.299999999999999,115051.13493120001,10.8,72.34941095890412,3.99131397260274,2017,6619000.0,127779.92277992278
163,SOUTH DAKOTA,MARSHALL,46091,6.858069634703196,35.533750000000005,-32.995416666666664,2.7083333333333335,255.66666666666666,610.7848333333333,0.469225799086758,0.041666666666666664,81.75,3.125,118538.52325920001,5.916666666666666,70.86595890410959,4.374474657534247,2017,4415000.0,105622.009569378
164,SOUTH DAKOTA,MCCOOK,46087,8.882920091324202,35.8725,-29.940833333333334,2.0,234.16666666666666,867.7056666666666,0.4788833333333333,0.0,89.58333333333333,8.25,117329.61553920001,8.166666666666666,72.51356164383562,4.321698401826485,2017,6273000.0,121805.82524271845
165,SOUTH DAKOTA,MCPHERSON,46089,6.6620199252802,38.10272727272728,-33.79818181818182,6.151515151515151,263.030303030303,524.4225757575757,0.5103491905354919,0.09090909090909091,65.84848484848484,3.484848484848485,126715.77896465456,3.5454545454545454,69.33723536737236,4.268915898713159,2017,3203000.0,101360.75949367088
166,SOUTH DAKOTA,MINER,46097,8.568412785388128,35.757333333333335,-31.105999999999998,3.7333333333333334,240.0,880.6192666666667,0.47951762557077626,0.0,89.33333333333333,8.866666666666667,118578.0622752,8.533333333333333,72.22526027397261,4.334616073059361,2017,4474000.0,87382.8125
167,SOUTH DAKOTA,MINNEHAHA,46099,8.599080234833659,34.25190476190476,-29.045714285714286,0.0,235.61904761904762,961.0666666666667,0.45039334637964773,0.0,93.47619047619048,9.380952380952381,113969.07591634286,10.333333333333332,73.30176125244618,4.0793187214611875,2017,7705000.0,142685.1851851852
168,SOUTH DAKOTA,MOODY,46101,8.093196347031963,33.347500000000004,-29.997500000000002,0.0,241.0,888.3839166666667,0.43837648401826484,0.0,88.25,7.5,118810.18753920001,8.083333333333334,73.51123287671233,4.12191095890411,2017,5679000.0,105361.78107606679
169,SOUTH DAKOTA,POTTER,46107,8.006653319283457,40.292692307692306,-32.87346153846154,14.884615384615385,251.57692307692307,463.97515384615383,0.647627397260274,3.576923076923077,66.15384615384616,2.5,131988.07233304615,3.6923076923076925,64.25711275026343,4.563938040042149,2017,2617000.0,88114.47811447812
170,SOUTH DAKOTA,ROBERTS,46109,7.353522218509856,34.8709756097561,-31.08878048780488,2.1707317073170733,245.65853658536585,718.5293658536585,0.4794048780487805,0.14634146341463414,79.8048780487805,6.2439024390243905,117531.80883676099,4.2439024390243905,70.37427998663549,4.175972736384898,2017,8497000.0,190515.69506726458
171,SOUTH DAKOTA,SANBORN,46111,9.05924200913242,37.04666666666667,-31.320666666666668,9.6,238.93333333333334,831.6819333333333,0.5374571689497717,0.0,87.0,6.733333333333333,119139.8454432,8.6,70.21457534246575,4.121124748858447,2017,3401000.0,64780.95238095238
172,SOUTH DAKOTA,SPINK,46115,7.949400684931507,37.66979166666667,-32.813541666666666,8.333333333333334,248.375,612.7299583333333,0.5531371575342465,0.6875,70.33333333333333,4.520833333333333,120511.23289920001,4.375,68.36335616438356,4.11779794520548,2017,13658000.0,343165.82914572867
173,SOUTH DAKOTA,SULLY,46119,8.652756468797564,40.88055555555556,-30.265277777777776,16.833333333333332,246.55555555555554,497.62586111111113,0.6619353881278539,3.333333333333333,68.05555555555556,2.8333333333333335,131834.6587392,4.888888888888888,64.62176560121766,4.445400152207002,2017,1374000.0,41762.9179331307
174,SOUTH DAKOTA,TURNER,46125,9.443996575342466,36.075,-27.92125,1.0625,228.25,998.9136875,0.5023412671232877,0.0,85.25,10.625,118453.6037592,9.5625,71.6451198630137,4.097568321917808,2017,7437000.0,140320.75471698114
175,SOUTH DAKOTA,UNION,46127,9.9414407735697,35.94941176470588,-26.06235294117647,1.6470588235294117,226.11764705882354,1109.5848235294118,0.4997985495568091,0.0,88.05882352941177,11.0,117322.05608978824,9.764705882352942,72.49524576954069,3.9162491539081388,2017,5786000.0,108352.05992509364
176,SOUTH DAKOTA,WALWORTH,46129,7.792171855541719,40.53,-33.53090909090909,13.454545454545455,251.63636363636363,513.9076818181818,0.6397281444582814,3.1818181818181817,66.86363636363636,3.8181818181818183,126225.92434647273,4.454545454545454,64.36143212951431,4.478893275217933,2017,2561000.0,69972.67759562841
177,SOUTH DAKOTA,YANKTON,46135,9.955721461187213,36.96083333333333,-26.852500000000003,3.3333333333333335,223.58333333333334,1014.8983333333333,0.532982191780822,0.0,80.25,11.166666666666666,123615.6496992,7.5,70.27401826484018,3.964321917808219,2017,4398000.0,83137.99621928166
178,TEXAS,BRAZORIA,48039,22.159827299412914,34.411964285714284,-4.179107142857143,0.9642857142857143,47.80357142857143,2224.410142857143,0.6485728473581213,0.0,115.07142857142857,21.464285714285715,124599.99399634286,8.464285714285714,77.93036692759296,6.23430318003914,2017,200000.0,6493.506493506493
179,TEXAS,DENTON,48121,19.186939497716896,36.87208333333333,-10.459166666666667,10.458333333333334,110.91666666666667,1043.585125,0.8306767123287672,0.0,73.29166666666667,13.833333333333334,136811.93317920002,7.0,68.24165525114155,3.292686187214612,2017,10000.0,869.5652173913044
180,TEXAS,ELLIS,48139,19.66269771689498,37.46033333333333,-9.096666666666668,18.033333333333335,106.26666666666667,1132.2519666666667,0.8200361643835616,0.06666666666666667,82.46666666666667,13.5,129411.1168992,5.533333333333333,69.76581735159817,3.808279817351598,2017,270000.0,5895.196506550219
181,TEXAS,FANNIN,48147,18.533583333333333,36.03375,-15.5375,8.916666666666666,122.625,1217.9795416666666,0.7582240867579909,0.0,74.70833333333333,15.833333333333334,132411.8090592,6.416666666666666,70.27199771689497,3.521513584474886,2017,500000.0,12886.59793814433
182,TEXAS,FORT BEND,48157,21.919391073795847,36.37032258064516,-6.0519354838709685,5.741935483870968,56.96774193548387,2102.675677419355,0.7208812196199734,0.0,109.6774193548387,21.677419354838708,131426.32624629678,9.0,75.9615377817057,5.565453380468405,2017,127000.0,4110.032362459547
183,TEXAS,GRAYSON,48181,18.45632876712329,36.20454545454545,-12.713333333333335,5.666666666666667,118.75757575757576,1285.9311515151514,0.7413113325031133,0.0,72.0,17.21212121212121,137582.08965556364,6.363636363636364,70.32565379825654,3.4047564964715646,2017,90000.0,2097.902097902098
184,TEXAS,HUNT,48231,19.000923515981732,36.617916666666666,-11.961666666666666,6.583333333333333,110.83333333333333,1252.6670833333333,0.7223877853881279,0.0,77.875,14.916666666666666,127564.0677792,5.583333333333334,71.8730707762557,3.6356466894977166,2017,350000.0,7795.100222717149
185,TEXAS,KAUFMAN,48257,19.50547123287671,36.9695,-9.0515,12.9,105.35,1143.52765,0.7600232876712328,0.0,81.95,13.3,129204.97125120001,5.55,71.61723287671234,3.909022191780822,2017,250000.0,8223.684210526317
186,TEXAS,LIBERTY,48291,21.072261327713385,35.65692307692307,-4.547179487179487,4.461538461538462,72.7948717948718,2747.018051282051,0.6314415173867228,0.0,121.8974358974359,26.384615384615383,117736.77891766155,9.923076923076923,78.16066736916052,5.3189910080786795,2017,175000.0,5700.325732899023
187,TEXAS,WHARTON,48481,21.702468493150686,37.204750000000004,-6.07,10.7,62.9,1764.280825,0.6943360958904109,0.0,105.95,18.525,138365.28479520002,8.125,77.2592602739726,5.756512191780821,2017,498000.0,15910.543130990414
188,ARKANSAS,ARKANSAS,05001,17.17174453905961,35.97162162162162,-15.372162162162162,13.18918918918919,141.43243243243242,2158.0157837837837,0.6381306182895223,0.0,116.83783783783784,30.864864864864867,136610.39668903785,11.891891891891891,75.62291003332099,5.498353276564235,2018,10218000.0,170869.56521739133
189,ARKANSAS,ASHLEY,05003,17.938471232876715,37.177,-13.4215,18.55,130.85,2248.671,0.6746254794520549,0.0,114.6,29.95,137547.1357632,10.9,74.4898904109589,5.173853698630137,2018,3107700.0,56606.55737704918
190,ARKANSAS,CHICOT,05017,17.842027397260274,36.04266666666667,-13.774666666666667,7.933333333333334,128.33333333333334,2334.5894,0.6417550684931507,0.0,117.13333333333334,30.066666666666666,141049.2110112,11.133333333333333,75.27472146118721,5.594795616438356,2018,8614000.0,165653.84615384616
191,ARKANSAS,CLAY,05021,15.50797089041096,35.909375,-15.62875,5.4375,170.6875,2093.188,0.5821556506849316,0.0,116.75,23.625,137832.45081120002,10.5625,75.62845890410959,4.83951147260274,2018,5528000.0,108818.89763779528
192,ARKANSAS,CONWAY,05029,16.02913789954338,37.035999999999994,-12.922666666666666,16.133333333333333,166.46666666666667,1804.8464,0.6358637442922375,0.0,114.06666666666666,24.53333333333333,134797.1543712,11.933333333333334,73.3819908675799,2.848230867579909,2018,639000.0,17270.27027027027
193,ARKANSAS,CRAIGHEAD,05031,15.800464041095891,36.05875,-16.166249999999998,4.0625,163.875,2145.63525,0.543621404109589,0.0,122.25,29.9375,134109.9359712,11.0625,77.18845890410958,5.18761147260274,2018,4784000.0,95680.0
194,ARKANSAS,CROSS,05037,16.374915068493152,35.888,-15.764,6.6,157.9,2032.2904,0.6259931506849316,0.0,117.3,28.1,135707.52121920002,10.9,74.96627397260274,5.376019178082192,2018,7913000.0,148461.53846153847
195,ARKANSAS,DESHA,05041,17.575964383561644,36.165333333333336,-14.234333333333334,9.566666666666666,132.56666666666666,2182.939,0.6458137899543379,0.0,115.7,30.666666666666668,137932.6198752,14.066666666666666,75.43992694063927,5.523991506849315,2018,10798000.0,181478.99159663866
196,ARKANSAS,DREW,05043,17.57808767123288,36.4975,-14.592500000000001,5.55,134.9,2184.73695,0.6526993150684932,0.0,114.1,29.5,136892.8860192,12.85,74.41872602739726,4.996766301369863,2018,2225800.0,39117.750439367315
197,ARKANSAS,FAULKNER,05045,16.09359480894016,37.86736842105263,-13.596315789473683,15.631578947368421,163.10526315789474,1986.7847894736842,0.6197798125450613,0.0,117.26315789473684,25.105263157894736,135698.81082593685,9.68421052631579,74.03548666186013,3.435454506128335,2018,322000.0,7453.7037037037035
198,ARKANSAS,GREENE,05055,15.694975763962066,36.02538461538462,-14.947692307692307,4.538461538461538,166.3846153846154,2085.401384615385,0.571518440463646,0.0,118.23076923076923,25.153846153846153,135215.03151581538,11.461538461538462,75.94155953635406,4.958268703898841,2018,2940000.0,70843.3734939759
199,ARKANSAS,JACKSON,05067,15.826035616438356,36.927499999999995,-16.174500000000002,8.3,167.7,2099.81895,0.562842191780822,0.0,123.7,28.35,134237.2247712,10.9,76.52978082191781,5.069791506849315,2018,4812000.0,120000.0
200,ARKANSAS,JEFFERSON,05069,17.068552837573385,36.04,-15.707857142857142,11.071428571428571,144.96428571428572,2192.8832857142856,0.6495664383561643,0.0,113.46428571428571,31.142857142857142,137613.18226834288,11.5,74.73297455968688,5.1012114481409,2018,6027000.0,106672.56637168142
201,ARKANSAS,LAWRENCE,05075,15.557802130898022,36.97555555555556,-14.757777777777777,4.666666666666667,170.27777777777777,2043.8808333333334,0.535727092846271,0.0,118.33333333333333,26.055555555555557,136148.0534112,11.444444444444445,76.83165905631658,4.676989802130898,2018,2478000.0,61336.63366336634
202,ARKANSAS,LEE,05077,16.696238747553817,36.06785714285714,-13.970714285714285,6.642857142857142,150.21428571428572,2019.278857142857,0.6068111545988258,0.0,118.07142857142857,27.785714285714285,136186.07119405715,13.857142857142858,76.25743639921723,5.391638356164384,2018,6057000.0,136418.91891891893
203,ARKANSAS,LINCOLN,05079,17.31244227005871,35.96071428571428,-15.907857142857143,5.428571428571429,139.21428571428572,2173.6342142857143,0.6504428571428571,0.0,114.85714285714286,29.0,137908.28424548573,12.214285714285714,74.79176125244618,5.194655772994129,2018,3869500.0,69846.57039711192
204,ARKANSAS,MISSISSIPPI,05093,16.279962881131244,35.71677419354839,-15.680645161290323,4.451612903225806,156.5483870967742,2025.6436129032259,0.6425323906319046,0.0,124.35483870967742,29.516129032258064,129652.35191442582,16.322580645161292,74.24922669023421,5.074063720724702,2018,13567000.0,268653.4653465347
205,ARKANSAS,MONROE,05095,16.728267123287672,36.17,-14.91375,12.291666666666666,151.5,1997.252125,0.607965296803653,0.0,115.125,28.166666666666668,134483.55441120002,11.083333333333334,76.55772831050228,5.562284132420092,2018,4593500.0,97114.16490486258
206,ARKANSAS,PHILLIPS,05107,17.039222439660794,35.830000000000005,-14.817142857142859,7.428571428571428,142.14285714285714,2307.662333333333,0.5933102413568166,0.0,117.42857142857143,31.61904761904762,137595.73923977144,11.523809523809524,76.88744944553164,5.488134768427919,2018,10371000.0,205366.33663366336
207,ARKANSAS,POINSETT,05111,16.170979452054794,36.000625,-15.6425,6.3125,159.3125,2119.865125,0.6020207191780822,0.0,120.625,29.25,134343.9433512,13.0625,75.66787671232878,5.370079452054794,2018,9940000.0,176241.13475177306
208,ARKANSAS,PRAIRIE,05117,16.566281119714116,36.01869565217392,-15.637826086956522,9.826086956521738,156.30434782608697,1968.0119130434782,0.5984223942823109,0.0,116.6086956521739,27.17391304347826,134092.24519554785,10.521739130434783,76.2408576533651,5.383822394282311,2018,5469500.0,102042.9104477612
209,ARKANSAS,PULASKI,05119,16.55580406807804,37.71,-14.876969696969697,16.181818181818183,156.78787878787878,2155.109484848485,0.638864092984641,0.0,120.54545454545455,27.454545454545453,131047.74677847273,10.727272727272727,74.00806143628061,3.867394105437941,2018,937000.0,21151.241534988716
210,ARKANSAS,ST. FRANCIS,05123,16.552480365296802,36.21933333333333,-14.467333333333332,7.2,153.33333333333334,1919.3202,0.6297386301369863,0.0,117.8,25.2,135947.7852192,13.133333333333333,75.31130593607305,5.377596894977169,2018,6823000.0,147683.98268398267
211,ARKANSAS,WOODRUFF,05147,16.255242465753422,36.1475,-16.343,9.049999999999999,160.55,2013.7919,0.5940997260273972,0.0,117.25,26.5,134042.6135232,9.45,76.26568493150684,5.478194657534247,2018,5766000.0,125895.19650655023
212,KANSAS,ANDERSON,20003,13.176136986301369,35.92416666666667,-21.370833333333334,5.5,196.91666666666666,1362.3691666666666,0.5737643835616438,0.0,77.66666666666667,18.166666666666668,136292.3956512,5.416666666666667,72.70689497716894,3.706028538812785,2018,3743000.0,77979.16666666667
213,KANSAS,ATCHISON,20005,12.212095890410959,36.86,-26.653333333333332,8.0,205.16666666666666,827.6468333333333,0.6092068493150685,0.0,88.0,7.333333333333333,129175.04733120001,6.666666666666667,70.06187214611872,3.49057397260274,2018,3406000.0,71856.5400843882
214,KANSAS,BOURBON,20011,13.781746575342465,37.123333333333335,-20.3,9.083333333333334,191.16666666666666,1302.009,0.5941543378995434,0.3333333333333333,89.0,16.333333333333332,133737.3417312,5.25,72.48237442922374,3.394412785388128,2018,1588000.0,41570.68062827225
215,KANSAS,BROWN,20013,11.714810502283104,36.82333333333333,-27.8875,8.5,207.25,845.822,0.583439497716895,0.0,95.0,8.75,129202.63845120001,6.25,71.12317351598173,3.638513926940639,2018,6070000.0,124897.11934156378
216,KANSAS,BUTLER,20015,13.231272450532725,35.86805555555556,-21.08555555555556,6.444444444444445,195.22222222222223,1279.4080555555556,0.6281920852359208,0.0,83.5,14.694444444444445,135949.2518112,5.944444444444445,70.08349315068493,4.1600292998477935,2018,4336000.0,91092.43697478992
217,KANSAS,CHAUTAUQUA,20019,14.151333333333334,37.685833333333335,-19.210833333333333,12.25,188.33333333333334,980.4401666666666,0.6544538812785388,0.0,79.41666666666667,10.083333333333334,135794.2110912,9.75,69.95922374429223,3.6358632420091324,2018,324000.0,9585.798816568049
218,KANSAS,CLAY,20027,12.023780821917809,38.1925,-22.41125,20.4375,207.0625,973.0216875,0.6582792808219178,1.75,84.4375,9.9375,134841.2093712,8.5,69.35902397260274,3.7791772260273975,2018,4827000.0,104480.51948051948
219,KANSAS,COFFEY,20031,12.995260273972601,35.35166666666667,-21.448333333333334,4.916666666666667,196.83333333333334,1326.5045833333334,0.5734520547945205,0.0,77.41666666666667,17.333333333333332,135775.3139712,9.25,72.39808219178082,3.910905936073059,2018,3126000.0,80775.1937984496
220,KANSAS,CRAWFORD,20037,14.03973515981735,36.3075,-19.291666666666668,7.25,184.5,1241.20225,0.5700557077625571,0.0,89.58333333333333,13.583333333333334,132961.2609312,5.666666666666667,73.66536529680366,3.392257762557078,2018,2805000.0,72480.62015503875
221,KANSAS,DICKINSON,20041,12.736717808219177,38.1824,-21.3572,20.76,202.16,922.10488,0.704832,0.9199999999999999,84.36,8.36,137193.3002016,6.6000000000000005,68.09480547945205,3.9197501369863015,2018,4612000.0,105779.81651376147
222,KANSAS,DONIPHAN,20043,11.806682648401827,36.593333333333334,-27.376666666666665,8.75,206.16666666666666,952.0526666666667,0.5830184931506849,0.0,95.08333333333333,9.666666666666666,129509.6356512,5.75,71.45118721461188,3.392573515981735,2018,3744000.0,70243.9024390244
223,KANSAS,DOUGLAS,20045,13.062568493150684,37.4225,-22.17875,15.5,200.25,1016.079125,0.6389044520547945,0.0,84.75,11.875,131059.76325120001,7.875,70.48606164383561,3.518166780821918,2018,1302000.0,38982.03592814371
224,KANSAS,ELK,20049,13.84766210045662,36.65416666666667,-19.914166666666667,10.0,191.5,1175.1321666666668,0.6517189497716895,0.0,80.83333333333333,13.0,135442.0929312,9.333333333333334,69.6182191780822,3.8479773972602738,2018,754000.0,17293.577981651375
225,KANSAS,ELLSWORTH,20053,12.614229832572299,37.702777777777776,-20.975,21.0,205.16666666666666,1123.5646111111112,0.6856400304414003,1.1111111111111112,80.11111111111111,11.222222222222221,142115.2065312,3.888888888888889,68.49850837138509,4.624561187214612,2018,1058000.0,21995.841995841995
226,KANSAS,FRANKLIN,20059,13.063735159817352,36.415,-21.587500000000002,12.333333333333334,199.08333333333334,1249.6935,0.6024933789954338,0.0,80.58333333333333,15.833333333333332,132286.48485120002,9.583333333333334,72.03034246575342,3.572524657534247,2018,3417000.0,78732.71889400922
227,KANSAS,GEARY,20061,12.588566210045663,37.635555555555555,-21.875555555555554,19.444444444444443,202.88888888888889,821.6544444444444,0.6923123287671232,0.6666666666666666,83.33333333333333,7.666666666666666,136031.3140512,8.444444444444445,68.24614916286149,3.8480295281582952,2018,798000.0,17892.37668161435
228,KANSAS,GOVE,20063,11.232294520547946,37.29392857142857,-21.065357142857145,17.75,224.85714285714286,731.3133571428572,0.7291334637964775,3.071428571428571,70.10714285714286,8.214285714285714,155579.3790912,4.642857142857142,64.51220156555773,4.400289823874756,2018,163000.0,3202.3575638506877
229,KANSAS,GRAHAM,20065,11.32739497716895,38.848333333333336,-19.469166666666666,16.25,219.20833333333334,995.6770833333334,0.6897993150684931,3.4583333333333335,78.79166666666667,12.25,143315.89845120002,5.833333333333334,66.57948630136987,4.329394634703196,2018,289000.0,5302.752293577982
230,KANSAS,GREENWOOD,20073,13.337434550989345,36.09861111111111,-21.2275,6.361111111111111,196.36111111111111,1376.3255277777778,0.6190024353120244,0.0,83.88888888888889,14.75,135790.1018112,7.611111111111111,70.35635464231355,3.878552359208524,2018,1117000.0,32097.70114942529
231,KANSAS,HARPER,20077,14.27492602739726,37.95,-19.555333333333333,36.93333333333333,193.06666666666666,1088.5572666666667,0.7794268493150684,0.7999999999999999,73.66666666666667,13.4,152505.9189792,2.933333333333333,65.92345205479452,4.338949771689498,2018,444000.0,15102.040816326531
232,KANSAS,HARVEY,20079,13.257408219178082,37.771,-21.674,16.5,198.1,1194.2752,0.6848238356164383,0.7,82.8,13.0,138893.6214432,4.6,68.93131506849315,4.260150958904109,2018,4681000.0,95922.13114754099
233,KANSAS,HASKELL,20081,12.369554794520548,41.16416666666667,-22.0325,29.5,220.33333333333334,644.95425,0.8558285388127853,5.916666666666667,62.416666666666664,7.666666666666666,158901.97317120002,2.5,60.38365296803653,4.711851369863013,2018,897000.0,13906.976744186046
234,KANSAS,HODGEMAN,20083,12.583827788649707,39.13380952380952,-20.437142857142856,26.904761904761905,217.28571428571428,677.1989523809524,0.8207577299412916,7.190476190476191,68.47619047619048,6.571428571428571,153613.89768548572,2.142857142857143,62.90408349641226,4.729972341813437,2018,117000.0,2049.0367775831874
235,KANSAS,JACKSON,20085,12.345330479452054,38.094375,-24.9875,18.125,206.0,773.3704375,0.6432375,0.9375,84.8125,6.0,131970.9360312,7.25,69.463801369863,3.641199315068493,2018,2105000.0,53022.67002518891
236,KANSAS,JEWELL,20089,11.338514840182649,38.43416666666667,-24.362499999999997,19.166666666666668,215.25,1119.7799583333333,0.6390176940639269,3.25,84.95833333333333,13.583333333333334,135421.3086912,8.083333333333334,68.96116438356165,4.050178082191781,2018,4658000.0,108578.08857808859
237,KANSAS,JOHNSON,20091,12.986504566210044,37.10333333333333,-22.46666666666667,10.5,200.66666666666666,1120.62775,0.624898401826484,0.08333333333333333,85.33333333333333,12.333333333333334,129967.26333120001,8.666666666666666,71.04737442922375,3.1824,2018,856000.0,25102.63929618768
238,KANSAS,KINGMAN,20095,13.81066927592955,37.45333333333333,-19.78,24.285714285714285,197.0,1055.9519523809524,0.754185518590998,0.9047619047619049,74.0,11.571428571428571,147750.22015405714,4.142857142857142,66.06157860404436,4.605662622309198,2018,1090000.0,23695.652173913044
239,KANSAS,KIOWA,20097,13.164942465753423,37.629333333333335,-20.529999999999998,24.2,209.06666666666666,871.4338,0.8353123287671234,5.333333333333333,66.33333333333333,9.4,155745.5877792,4.333333333333333,62.22295890410959,4.84456,2018,1247000.0,19699.842022116904
240,KANSAS,LABETTE,20099,14.216079908675798,37.031666666666666,-19.158333333333335,9.583333333333334,185.25,1187.5036666666667,0.5893301369863014,0.0,85.75,12.916666666666666,133883.04021120002,4.666666666666667,73.07123287671233,3.4289842465753426,2018,2472000.0,73353.11572700297
241,KANSAS,MARION,20115,12.869829041095892,36.9176,-22.45,10.6,200.28,1207.13736,0.6567410410958904,0.04,86.56,13.88,137055.5302176,6.4399999999999995,69.0979506849315,4.224394082191781,2018,4539000.0,107051.88679245283
242,KANSAS,MARSHALL,20117,11.572415525114154,37.13,-26.488333333333333,13.916666666666666,207.66666666666666,1127.7430416666666,0.5867818493150685,0.625,88.79166666666667,11.75,128069.8678512,11.583333333333334,71.04569634703196,3.6892646118721464,2018,6024000.0,156062.1761658031
243,KANSAS,MCPHERSON,20113,12.931401369863014,38.0095,-22.184,19.25,201.0,1076.638,0.6828076712328767,1.2,84.05,11.450000000000001,140388.0062112,5.1,68.95401369863013,4.407074246575343,2018,5080000.0,111648.35164835164
244,KANSAS,MIAMI,20121,13.12968493150685,36.52333333333333,-21.628333333333334,9.083333333333334,199.08333333333334,1191.6243333333334,0.6132735159817352,0.0,82.41666666666667,14.0,130777.15965120001,10.75,71.05819634703195,3.403208219178082,2018,2223000.0,52677.72511848341
245,KANSAS,MITCHELL,20123,12.041823439878234,39.123333333333335,-22.480555555555554,28.055555555555557,210.27777777777777,1148.7769444444446,0.6802910197869102,4.166666666666667,83.33333333333333,14.61111111111111,137990.6937312,7.333333333333333,68.61818873668189,4.067353272450532,2018,3147000.0,73186.04651162791
246,KANSAS,MONTGOMERY,20125,14.17042694063927,37.265,-19.191666666666666,8.416666666666666,187.08333333333334,1114.347,0.6078047945205479,0.0,81.16666666666667,11.916666666666666,132924.0477312,7.083333333333333,72.00835616438356,3.5109205479452057,2018,2546000.0,64292.92929292929
247,KANSAS,MORRIS,20127,12.557372907153729,37.28,-21.996111111111112,10.38888888888889,203.0,979.8200555555555,0.65917899543379,0.0,82.66666666666667,12.166666666666666,136090.1044512,8.222222222222221,68.7576407914764,4.115167275494673,2018,1574000.0,47987.80487804879
248,KANSAS,NEMAHA,20131,11.681904109589043,36.807500000000005,-27.110625,10.9375,206.3125,892.8808124999999,0.5818650684931507,0.1875,90.8125,8.6875,129533.5369512,7.8125,70.82893835616439,3.734339554794521,2018,5045000.0,121566.26506024097
249,KANSAS,NEOSHO,20133,13.813376712328767,35.5675,-20.061666666666667,5.75,188.25,1366.7935,0.5630267123287671,0.0,85.16666666666667,16.333333333333332,133750.3168512,4.666666666666667,73.65262557077625,3.5372027397260273,2018,2251000.0,57866.323907455015
250,KANSAS,NORTON,20137,10.712098630136987,39.118,-20.065,9.85,222.05,1181.18775,0.6048194520547945,1.7,81.1,14.8,141622.5879072,4.75,69.15491780821918,4.1681875342465755,2018,698000.0,14602.510460251047
251,KANSAS,OSAGE,20139,12.978474315068492,37.05125,-21.606875,15.5,200.6875,1077.920625,0.6418195205479452,0.0,81.1875,13.0,133690.69401120002,7.125,70.43986301369863,3.8663063356164384,2018,2992000.0,84281.69014084506
252,KANSAS,POTTAWATOMIE,20149,12.118724505327245,38.65333333333333,-24.133703703703706,18.555555555555554,206.85185185185185,858.8059259259259,0.6303626585489599,0.18518518518518517,88.4074074074074,7.777777777777778,130381.7082912,9.703703703703702,70.1899441907661,3.56732765093861,2018,1796000.0,44900.0
253,KANSAS,PRATT,20151,13.245274885844749,37.22,-20.122666666666664,22.666666666666668,203.8,988.1906666666666,0.7742787214611873,0.8666666666666667,71.13333333333334,10.4,151998.4606752,4.466666666666667,64.92657534246575,4.735836529680365,2018,1992000.0,36888.88888888889
254,KANSAS,REPUBLIC,20157,11.27865905631659,38.660555555555554,-24.753333333333334,15.722222222222221,211.61111111111111,1201.577111111111,0.613458599695586,2.2777777777777777,87.55555555555556,15.333333333333334,132311.4412512,9.777777777777777,70.29529680365296,3.879464383561644,2018,5609000.0,109980.39215686274
255,KANSAS,RILEY,20161,12.182784557907846,37.97181818181818,-22.507727272727273,18.227272727272727,205.0,885.9453636363636,0.6524800747198007,0.5909090909090909,84.68181818181819,8.727272727272727,131830.02337483637,8.545454545454545,69.36306351183063,3.654317061021171,2018,1513000.0,39095.60723514212
256,KANSAS,RUSH,20165,12.396213698630138,38.28733333333333,-20.298000000000002,22.666666666666668,214.0,794.5673333333333,0.749912694063927,4.733333333333333,78.13333333333333,8.466666666666667,145656.4610592,5.533333333333333,65.67970776255709,4.652673242009133,2018,220000.0,5898.123324396784
257,KANSAS,SCOTT,20171,11.347837328767122,37.72375,-20.834375,14.375,225.4375,802.474125,0.7366714041095891,2.4375,70.5625,9.125,156153.5265312,4.625,63.676352739726035,4.613854623287671,2018,51500.0,1000.0
258,KANSAS,SEDGWICK,20173,13.67256823947235,37.60703703703704,-20.158148148148147,18.22222222222222,195.0,1027.8794814814814,0.6919595129375952,0.4074074074074074,78.77777777777777,12.777777777777779,140723.91693120002,3.7777777777777777,68.84213089802131,4.128819989852866,2018,4772000.0,109701.14942528735
259,KANSAS,SEWARD,20175,13.183625570776256,42.44416666666667,-19.775000000000002,37.916666666666664,215.33333333333334,564.72,0.9252833333333332,7.833333333333333,56.083333333333336,4.666666666666666,161223.0990912,2.416666666666667,58.576255707762556,4.622802283105023,2018,882000.0,13404.255319148937
260,KANSAS,SHAWNEE,20177,12.910747031963469,37.75333333333333,-22.087333333333333,22.066666666666666,204.0,886.777,0.6759755251141553,0.26666666666666666,83.53333333333333,9.066666666666666,131977.14880320002,7.666666666666667,69.15525114155251,3.572489132420092,2018,1557000.0,41299.734748010604
261,KANSAS,SMITH,20183,11.298493150684932,39.96083333333333,-22.362083333333334,20.458333333333332,217.375,1082.4986666666666,0.6554313926940639,4.291666666666667,86.79166666666667,12.375,139697.8980912,5.541666666666667,68.23552511415525,4.114674086757991,2018,3567000.0,77882.096069869
262,KANSAS,SUMNER,20191,14.082772994129158,37.82857142857143,-19.27035714285714,20.178571428571427,191.10714285714286,1111.426,0.696371722113503,0.17857142857142855,76.85714285714286,13.5,143414.51520548572,3.7142857142857144,68.49713307240704,4.147094716242662,2018,6454000.0,180784.31372549018
263,KANSAS,WABAUNSEE,20197,12.570749819754866,37.59947368421052,-22.369473684210526,17.36842105263158,204.57894736842104,918.0347368421053,0.6600731074260995,0.0,84.84210526315789,11.210526315789473,133936.8096975158,7.263157894736842,69.29077144917086,3.8351025234318676,2018,1097000.0,35387.096774193546
264,KANSAS,WICHITA,20203,11.037220890410959,37.69875,-20.513125,15.375,229.0,739.1769375,0.7339054794520548,2.9375,71.1875,8.0,157929.4185912,4.25,63.12892123287671,4.657896917808219,2018,52500.0,1000.0
265,NORTH DAKOTA,BARNES,38003,4.973497146118722,34.08583333333333,-29.119791666666668,0.125,249.3125,874.57425,0.3816332191780822,0.0,92.02083333333333,8.625,121922.16747120001,6.666666666666666,75.97868150684931,4.4622582762557075,2018,13118000.0,358415.3005464481
266,NORTH DAKOTA,BENSON,38005,3.8687521793275215,36.531454545454544,-31.708909090909092,1.0909090909090908,261.92727272727274,640.6957454545454,0.38027267745952675,0.0,81.07272727272728,3.9454545454545453,123275.05636974546,6.236363636363636,75.19243835616439,4.41327805728518,2018,5778000.0,196530.61224489796
267,NORTH DAKOTA,BOTTINEAU,38009,3.4605634703196344,38.61516666666667,-32.944,3.3166666666666664,274.2,521.1322333333334,0.4357199543378995,0.31666666666666665,76.8,2.166666666666667,120488.91102720001,6.266666666666667,72.001,3.934700319634703,2018,6194000.0,258083.33333333334
268,NORTH DAKOTA,BURKE,38013,3.329707515734913,38.35351351351351,-31.4172972972973,2.72972972972973,280.05405405405406,508.3207837837838,0.41011543872639766,1.0270270270270272,74.13513513513513,2.486486486486487,119118.82036903784,7.162162162162162,73.09070714550167,4.3736416142169565,2018,961000.0,41068.37606837607
269,NORTH DAKOTA,BURLEIGH,38015,4.887926940639269,37.82272727272727,-31.83590909090909,3.515151515151515,257.59090909090907,712.0872121212121,0.4215923619759236,0.13636363636363635,86.75757575757575,4.96969696969697,122660.67060392728,6.848484848484849,73.81940639269406,4.046896596097966,2018,3473000.0,116936.02693602694
270,NORTH DAKOTA,CASS,38017,5.134675342465753,34.397333333333336,-29.238166666666665,0.3833333333333333,248.6,803.6540333333334,0.4282290410958904,0.2,90.55,7.116666666666666,121399.2960192,5.966666666666667,73.83456621004565,4.189040456621004,2018,20666000.0,478379.6296296296
271,NORTH DAKOTA,CAVALIER,38019,3.369057077625571,36.88270833333333,-31.008333333333336,1.125,267.4375,585.40875,0.3561174086757991,0.0,79.72916666666667,3.7708333333333335,121021.0266312,6.375,76.10247146118722,4.374292351598173,2018,4473000.0,140660.37735849057
272,NORTH DAKOTA,DICKEY,38021,5.373823163138232,34.50090909090909,-29.834545454545452,0.4242424242424242,248.27272727272728,736.660696969697,0.3773388127853881,0.0,84.15151515151516,6.909090909090909,122362.2029821091,6.454545454545455,76.519900373599,4.183991614777916,2018,9327000.0,215404.1570438799
273,NORTH DAKOTA,EDDY,38027,4.298554794520548,36.728125,-30.62,1.0,259.75,683.7479999999999,0.4079893835616438,0.0,84.5625,5.0,124086.50133120001,7.8125,74.68748287671234,4.462353595890411,2018,2190000.0,87250.99601593625
274,NORTH DAKOTA,EMMONS,38029,5.508156555772994,36.49089285714286,-32.74785714285714,3.4285714285714284,249.73214285714286,743.7333392857142,0.4336365459882583,0.03571428571428571,89.64285714285714,5.517857142857143,122844.99982834286,5.732142857142858,73.42196673189824,4.084242074363992,2018,4181000.0,139832.77591973243
275,NORTH DAKOTA,GRAND FORKS,38035,4.527550899811979,36.29666666666667,-29.48078431372549,1.2549019607843137,255.41176470588235,672.6453529411765,0.40804598442116574,0.0,84.19607843137256,5.254901960784314,119794.90232414118,8.235294117647058,74.18593607305935,4.287887886113349,2018,7830000.0,224355.30085959885
276,NORTH DAKOTA,GRIGGS,38039,4.53856301369863,35.8735,-30.486,0.9,253.05,788.3943,0.41526630136986303,0.0,90.0,5.85,126193.05645120001,7.2,74.59478082191781,4.617860684931507,2018,4850000.0,125974.02597402598
277,NORTH DAKOTA,KIDDER,38043,4.626414872798435,35.720408163265304,-31.02387755102041,1.183673469387755,257.9387755102041,690.5961836734693,0.38707123287671236,0.0,89.14285714285714,4.551020408163265,125010.18561364898,6.612244897959184,75.17102599944087,4.2315534805703106,2018,3002000.0,86264.36781609197
278,NORTH DAKOTA,LAMOURE,38045,5.2933374844333745,33.199393939393936,-27.937878787878788,0.0,249.0,799.9595151515151,0.36248252386882523,0.0,86.36363636363636,8.09090909090909,119895.5591712,7.878787878787879,77.13593192195931,4.279083686176837,2018,13986000.0,298846.1538461539
279,NORTH DAKOTA,MCHENRY,38049,4.224520928462709,39.38319444444445,-33.06708333333333,4.652777777777778,265.47222222222223,588.2736111111111,0.4566428462709285,0.4583333333333333,75.94444444444444,3.5277777777777777,122707.0056912,7.027777777777778,72.16148401826484,4.1159116438356165,2018,3968000.0,163966.94214876034
280,NORTH DAKOTA,MCKENZIE,38053,4.925430913601553,41.23551181102362,-34.91606299212599,5.7952755905511815,268.5826771653543,433.92455118110234,0.4938724625175278,2.4015748031496065,61.488188976377955,2.2755905511811023,126374.13833340473,5.2047244094488185,70.13035918455398,3.817210074425628,2018,76000.0,3707.317073170732
281,NORTH DAKOTA,MCLEAN,38055,4.117595471065139,37.96530612244898,-33.520102040816326,3.438775510204082,270.7142857142857,646.2621530612245,0.4254673469387755,0.5204081632653061,78.64285714285714,3.989795918367347,123408.57699977144,7.591836734693878,72.59784176684373,4.075410204081633,2018,4278000.0,167764.70588235295
282,NORTH DAKOTA,MOUNTRAIL,38061,3.6814121427363435,38.94728395061728,-32.517160493827156,3.876543209876543,273.58024691358025,591.1507407407407,0.41938853373921864,1.2716049382716048,73.39506172839506,3.6666666666666665,122868.78466453333,6.395061728395062,72.56824623710469,4.127630441400304,2018,1980000.0,73880.59701492537
283,NORTH DAKOTA,NELSON,38063,3.99434407735697,36.28441176470589,-31.470294117647057,1.0294117647058822,258.0,646.0338529411765,0.3887161160354553,0.0,84.88235294117646,4.4411764705882355,123653.01741120001,6.588235294117647,75.3879049153908,4.653280660757454,2018,4438000.0,136975.3086419753
284,NORTH DAKOTA,OLIVER,38065,5.130691780821918,39.593,-32.515,5.05,262.05,681.235,0.4647305479452055,0.85,80.45,3.4499999999999997,121232.9767392,7.65,71.75713698630138,4.014750136986302,2018,667000.0,24612.546125461253
285,NORTH DAKOTA,PEMBINA,38067,4.117025440313112,36.61057142857143,-28.212857142857143,1.8285714285714285,259.45714285714286,484.5852,0.41696931506849316,0.0,72.48571428571428,3.2,124496.84547977144,9.685714285714285,73.27264187866928,3.9929773776908024,2018,5141000.0,161159.87460815048
286,NORTH DAKOTA,PIERCE,38069,3.7971045773471435,37.62048780487805,-33.08975609756098,2.341463414634146,264.9756097560976,650.9251707317073,0.3993379218175743,0.0,82.6829268292683,4.560975609756097,123672.67277900489,6.048780487804878,74.41302372201804,4.227540795188774,2018,3611000.0,126258.74125874125
287,NORTH DAKOTA,RAMSEY,38071,3.6523029206513313,35.943396226415096,-32.66018867924528,0.9622641509433962,263.77358490566036,598.146,0.3585624192297751,0.0,79.88679245283019,3.9056603773584904,120859.05708516228,5.849056603773585,76.3335073662445,4.4299193073145515,2018,5081000.0,167138.15789473685
288,NORTH DAKOTA,RANSOM,38073,5.314398401826484,33.4575,-28.09125,0.0,248.54166666666666,718.597375,0.3863237442922374,0.0,80.91666666666667,7.375,121426.90845120001,6.041666666666667,75.73291095890411,4.135278881278539,2018,6901000.0,149049.67602591793
289,NORTH DAKOTA,RENVILLE,38075,3.584442270058709,39.05457142857142,-32.033142857142856,3.5142857142857142,275.8857142857143,527.3290857142857,0.44559913894324854,0.7714285714285715,77.71428571428571,1.7714285714285716,119908.11037577143,8.714285714285714,71.59650880626224,4.097543091976517,2018,2456000.0,108193.83259911895
290,NORTH DAKOTA,RICHLAND,38077,5.498949771689498,33.943703703703704,-27.614444444444445,0.018518518518518517,245.87037037037038,716.5744259259259,0.4115263825469305,0.09259259259259259,79.48148148148148,7.481481481481481,119916.0820512,5.277777777777778,74.50444951801117,3.926417250126839,2018,15540000.0,327848.10126582277
291,NORTH DAKOTA,ROLETTE,38079,2.936963796477495,36.33464285714286,-30.4025,1.3214285714285714,275.39285714285717,691.1184642857143,0.3654500978473581,0.0,80.14285714285714,5.714285714285714,119769.19701120001,4.821428571428571,74.70388454011741,4.039586888454012,2018,1904000.0,61419.354838709674
292,NORTH DAKOTA,SARGENT,38081,5.501632420091324,34.06916666666667,-29.4525,0.16666666666666666,247.45833333333334,706.5355,0.39071198630136983,0.0,80.875,6.708333333333334,120368.8086912,6.375,76.0528310502283,4.04594897260274,2018,9175000.0,189958.59213250517
293,NORTH DAKOTA,STEELE,38091,4.7456136986301365,36.173500000000004,-29.6385,1.15,250.05,819.10675,0.41861917808219173,0.05,86.15,7.15,125782.68539520001,7.45,74.39793150684932,4.556899041095891,2018,6564000.0,167448.97959183672
294,NORTH DAKOTA,STUTSMAN,38093,4.848165035877364,34.375,-29.31785714285714,0.23809523809523808,254.67857142857142,798.7622976190476,0.38194275929549903,0.0,90.22619047619048,6.0,121860.77787977144,7.440476190476191,75.82971950424005,4.414794683626875,2018,17984000.0,464702.84237726097
295,NORTH DAKOTA,TOWNER,38095,3.244034703196347,36.37133333333334,-32.931333333333335,1.0,272.76666666666665,682.0257666666666,0.3537133333333333,0.0,83.63333333333334,5.033333333333333,119620.02640320001,3.8666666666666667,76.23524200913242,4.176519452054794,2018,4265000.0,142166.66666666666
296,NORTH DAKOTA,TRAILL,38097,4.768676125244618,35.21142857142857,-29.53964285714286,0.7142857142857142,252.78571428571428,752.4546071428572,0.42582935420743634,0.0,84.78571428571429,5.607142857142857,122649.8637312,6.035714285714286,73.61446183953034,4.278556360078277,2018,8044000.0,192440.1913875598
297,NORTH DAKOTA,WALSH,38099,4.2084761904761905,36.599047619047624,-29.102142857142855,1.3333333333333335,257.6904761904762,587.6897142857143,0.38918734507501634,0.0,78.64285714285714,4.642857142857142,121965.84819977144,8.595238095238095,74.97350293542074,4.223106457925636,2018,4150000.0,132165.6050955414
298,NORTH DAKOTA,WARD,38101,3.9749002798644866,39.05827956989248,-31.825376344086024,3.78494623655914,266.2795698924731,604.3149892473118,0.45243918102813374,0.8924731182795699,78.06451612903226,3.247311827956989,122152.66329507098,7.311827956989247,71.63329209014582,4.335999469730447,2018,4655000.0,217523.36448598132
299,NORTH DAKOTA,WELLS,38103,4.427596955859969,36.72977777777778,-31.278222222222222,1.2,259.75555555555553,634.0103111111112,0.4084325114155251,0.0,81.75555555555556,3.311111111111111,124714.89145920001,6.822222222222222,74.41805175038051,4.423800608828007,2018,7088000.0,234701.9867549669
300,SOUTH DAKOTA,BEADLE,46005,7.2895403348554035,36.52722222222222,-32.609722222222224,4.75,235.5,786.1984444444445,0.48017313546423135,0.1111111111111111,89.08333333333333,6.611111111111111,121237.6396512,7.25,73.21829528158295,4.025513470319635,2018,8950000.0,194143.16702819956
301,SOUTH DAKOTA,BROOKINGS,46011,6.421856490541423,35.42857142857143,-30.226666666666667,0.7619047619047619,233.14285714285714,997.5551904761904,0.3610301369863014,0.0,100.57142857142857,10.333333333333332,114766.7111712,9.333333333333332,77.33585127201565,4.073504109589041,2018,7520000.0,140298.50746268657
302,SOUTH DAKOTA,BROWN,46013,6.047303816046966,37.144285714285715,-33.40660714285714,4.821428571428571,244.92857142857142,645.0951785714286,0.44978649706457924,0.30357142857142855,81.35714285714286,5.732142857142858,120553.09973691429,6.125,74.27567514677104,4.00140102739726,2018,14145000.0,365503.87596899224
303,SOUTH DAKOTA,BRULE,46015,8.313003161222339,35.862307692307695,-31.331153846153846,6.384615384615385,228.19230769230768,988.3606153846154,0.5084655426765016,0.038461538461538464,87.57692307692308,10.538461538461538,124506.71620504616,8.346153846153847,71.94208640674394,3.9348855637513176,2018,4381000.0,82041.19850187266
304,SOUTH DAKOTA,BUFFALO,46017,7.9739373776908025,37.519285714285715,-32.05142857142857,7.428571428571429,228.64285714285714,776.4991428571428,0.5158780821917809,0.21428571428571427,89.71428571428571,5.642857142857142,125288.36883977144,7.642857142857142,71.60348336594912,4.001800782778865,2018,753000.0,17511.627906976744
305,SOUTH DAKOTA,BUTTE,46019,7.257382583170254,39.042500000000004,-29.85964285714286,8.80952380952381,243.77380952380952,648.0177023809524,0.5851201891715591,3.2738095238095237,83.52380952380952,3.011904761904762,134039.92831405715,5.0,66.75598173515982,3.9309870189171563,2018,24500.0,590.3614457831326
306,SOUTH DAKOTA,CAMPBELL,46021,6.103916617033949,37.006521739130434,-33.79826086956522,8.782608695652174,244.43478260869566,744.7815652173913,0.502030613460393,0.17391304347826086,83.78260869565217,6.304347826086956,122517.71690337392,6.434782608695652,71.04904109589042,4.022198332340679,2018,2161000.0,73503.40136054422
307,SOUTH DAKOTA,CHARLES MIX,46023,8.377626223091976,35.03017857142857,-30.52375,2.2857142857142856,227.60714285714286,1154.564732142857,0.4747465753424657,0.07142857142857142,90.57142857142857,13.321428571428571,127330.76841120001,5.75,72.55083170254403,3.7736439334637963,2018,7454000.0,142796.93486590037
308,SOUTH DAKOTA,CLARK,46025,6.4908319634703195,35.13466666666667,-30.514,1.5333333333333332,235.5,690.9339666666666,0.4443819178082192,0.23333333333333334,85.0,4.1,118254.5547552,8.833333333333334,73.34871232876712,4.298056621004567,2018,7782000.0,165927.5053304904
309,SOUTH DAKOTA,CLAY,46027,8.397780821917808,36.196666666666665,-30.808888888888887,3.8888888888888884,225.0,1160.6333333333334,0.43640913242009133,0.6666666666666666,93.66666666666667,12.777777777777779,123103.8983712,11.0,75.34940639269406,3.750847488584475,2018,5112000.0,97001.89753320682
310,SOUTH DAKOTA,CODINGTON,46029,5.82834398782344,34.92166666666667,-29.549999999999997,0.7777777777777778,237.94444444444446,802.1551666666667,0.3762365296803653,0.0,86.72222222222223,6.944444444444445,115013.8818912,10.5,76.2111415525114,4.177369406392694,2018,5014000.0,108060.34482758622
311,SOUTH DAKOTA,DAY,46037,5.587873287671233,34.760625,-30.1390625,1.125,239.78125,640.770875,0.3958292808219178,0.0,80.875,4.21875,118764.3714912,8.53125,75.05429794520548,4.358419691780822,2018,6650000.0,166250.0
312,SOUTH DAKOTA,DEUEL,46039,6.304203767123288,34.965625,-26.803125,0.5625,231.125,941.4195625,0.37587226027397264,0.0,91.8125,10.0625,115681.5433512,9.8125,76.05097602739727,4.21467345890411,2018,4936000.0,95473.88781431335
313,SOUTH DAKOTA,DOUGLAS,46043,7.87654794520548,35.45818181818182,-32.42454545454546,2.3636363636363633,230.54545454545453,1192.5981818181817,0.4491760896637609,0.09090909090909091,92.27272727272727,13.272727272727273,124308.1194912,6.090909090909091,74.14662515566624,3.9402381070983807,2018,4274000.0,76594.98207885305
314,SOUTH DAKOTA,EDMUNDS,46045,6.161882108758822,36.97060606060606,-32.344848484848484,7.606060606060606,245.15151515151516,673.9246969696969,0.4834277293482773,0.09090909090909091,84.03030303030303,5.0606060606060606,125347.98878574546,5.96969696969697,72.62126193441262,4.144632212536322,2018,6065000.0,199506.57894736843
315,SOUTH DAKOTA,FAULK,46049,6.657961440892948,36.84111111111111,-31.708148148148148,8.88888888888889,241.7037037037037,734.3507037037037,0.4950775240994419,0.07407407407407407,82.70370370370371,6.777777777777778,126675.50285120001,6.444444444444445,72.33293759512938,4.11017574835109,2018,4793000.0,171792.1146953405
316,SOUTH DAKOTA,GRANT,46051,6.393392041748206,34.89047619047619,-27.33809523809524,0.8571428571428571,234.14285714285714,786.1071428571429,0.4122978473581213,0.0,81.04761904761905,6.761904761904762,117675.48977691428,10.523809523809524,74.09081539465102,4.033250619699935,2018,5466000.0,112469.13580246913
317,SOUTH DAKOTA,HAMLIN,46057,6.2899200913242,35.458333333333336,-30.45583333333333,0.8333333333333334,237.0,816.5660833333333,0.39287557077625573,0.0,93.08333333333333,7.75,115546.42869120001,8.0,76.0138812785388,4.138584246575342,2018,5100000.0,93577.98165137615
318,SOUTH DAKOTA,HAND,46059,7.166170906718852,37.15380952380953,-31.39190476190476,6.714285714285714,236.21428571428572,763.4575714285714,0.48948812785388124,0.0,85.73809523809524,7.928571428571429,127008.92403977143,7.095238095238095,72.37348988910632,4.103338747553816,2018,8721000.0,227702.34986945172
319,SOUTH DAKOTA,HUGHES,46065,7.903952275740168,38.38612903225807,-30.231290322580644,15.64516129032258,235.48387096774192,667.4914516129032,0.5520217410517012,1.2903225806451613,77.25806451612902,6.064516129032258,128892.61330281291,5.258064516129032,70.72019443216969,4.1090535572249225,2018,1097000.0,34281.25
320,SOUTH DAKOTA,HUTCHINSON,46067,7.957739073711677,35.30095238095238,-31.084285714285713,3.1904761904761902,229.28571428571428,1168.3245238095237,0.4482936725375081,0.047619047619047616,89.85714285714286,13.333333333333332,122209.34376548573,8.857142857142858,74.52691454664057,3.979867188519243,2018,8033000.0,157509.80392156861
321,SOUTH DAKOTA,JERAULD,46073,7.522454337899543,36.270833333333336,-30.377499999999998,2.5,230.91666666666666,923.04025,0.47541689497716894,0.0,91.5,7.833333333333333,122477.72469120001,8.333333333333334,72.85783105022831,4.1310746575342465,2018,2513000.0,52354.166666666664
322,SOUTH DAKOTA,KINGSBURY,46077,6.770519406392695,34.821666666666665,-31.467083333333335,0.5833333333333334,234.20833333333334,835.2055416666667,0.41577488584474886,0.0,91.45833333333333,8.166666666666666,118701.4535712,7.708333333333333,74.98254566210045,4.296817465753425,2018,8088000.0,160795.22862823063
323,SOUTH DAKOTA,LAKE,46079,6.781170776255708,34.83866666666667,-30.924666666666667,0.5333333333333333,233.8,999.6232666666666,0.37844949771689496,0.0,97.53333333333333,10.933333333333334,119895.30688320001,6.466666666666667,76.41309589041096,4.2411442922374425,2018,6613000.0,118300.53667262969
324,SOUTH DAKOTA,LINCOLN,46083,7.876594520547945,36.427499999999995,-30.936,4.55,229.0,1280.7608,0.41689561643835615,0.55,98.95,14.3,116640.25945920001,11.3,76.02609589041096,3.856372191780822,2018,6461000.0,133491.73553719008
325,SOUTH DAKOTA,LYMAN,46085,8.66041173065792,38.27492957746479,-31.411549295774645,13.408450704225352,226.1830985915493,763.6601971830986,0.5752329538877099,1.7183098591549295,82.3943661971831,7.169014084507042,126894.90141796057,7.563380281690141,69.57945977233263,4.061292764808027,2018,1432000.0,38494.62365591397
326,SOUTH DAKOTA,MARSHALL,46091,5.449228310502283,34.52041666666667,-30.40041666666667,1.2083333333333335,243.45833333333334,624.3882916666666,0.39842305936073064,0.0,80.66666666666667,4.625,121424.94429120001,6.75,75.09128995433791,4.2272050228310505,2018,5247000.0,110463.15789473684
327,SOUTH DAKOTA,MCCOOK,46087,7.265228310502283,35.2425,-32.160833333333336,2.0833333333333335,231.33333333333334,1113.1825833333332,0.39348561643835617,0.0,96.08333333333333,11.0,120371.78877120001,8.25,76.13812785388129,4.125358219178082,2018,6202000.0,116798.4934086629
328,SOUTH DAKOTA,MCPHERSON,46089,5.498110419261104,35.3830303030303,-32.580303030303035,2.7878787878787876,247.45454545454547,667.1649696969697,0.4225733499377335,0.0,80.78787878787878,5.151515151515151,124966.83858938182,4.3939393939393945,74.2346201743462,4.188579908675799,2018,3111000.0,103700.0
329,SOUTH DAKOTA,MINER,46097,7.2843105022831045,34.92266666666667,-32.72266666666667,0.6666666666666667,232.6,901.3948666666666,0.421995799086758,0.0,93.33333333333333,8.666666666666666,121194.5422752,7.533333333333333,74.99013698630138,4.216719817351598,2018,4529000.0,88803.92156862745
330,SOUTH DAKOTA,MINNEHAHA,46099,7.1393228962818,35.476190476190474,-30.727142857142855,1.3333333333333333,232.85714285714286,1224.3558095238095,0.3791307240704501,0.0,100.14285714285714,12.761904761904761,115830.0232169143,9.761904761904761,76.84874103065884,3.9242431833007174,2018,8095000.0,148805.14705882352
331,SOUTH DAKOTA,MOODY,46101,6.775376712328766,35.86666666666667,-30.566666666666666,1.0,232.41666666666666,1109.8859166666666,0.3736956621004567,0.0,101.0,12.166666666666666,119914.47717120001,8.916666666666666,76.9924200913242,4.016684931506849,2018,6056000.0,106807.76014109347
332,SOUTH DAKOTA,POTTER,46107,6.748644889357218,37.393076923076926,-31.209615384615386,12.461538461538462,239.92307692307693,639.1574230769231,0.5388357218124341,0.9615384615384616,76.88461538461539,3.5,129075.58176812308,5.807692307692308,70.07893572181243,4.3519000000000005,2018,2586000.0,89480.9688581315
333,SOUTH DAKOTA,ROBERTS,46109,5.993929836284663,34.75170731707317,-27.884390243902438,0.7804878048780488,239.34146341463415,639.585,0.4217639158035416,0.21951219512195122,78.26829268292683,5.512195121951219,120859.1983907122,6.951219512195122,73.56991647176746,3.9542918810557968,2018,9044000.0,183448.275862069
334,SOUTH DAKOTA,SANBORN,46111,7.607638356164384,35.91,-32.778,2.6,233.0,886.3862666666666,0.4582255707762557,0.0,95.2,6.6,121243.1434272,7.866666666666667,74.30038356164384,3.9787912328767123,2018,2950000.0,61203.319502074686
335,SOUTH DAKOTA,SPINK,46115,6.8713561643835614,37.221041666666665,-33.476875,6.875,238.3125,755.8214583333333,0.4970974885844749,0.8125,84.33333333333333,6.395833333333334,121627.14315120001,7.708333333333334,72.39171803652968,4.042642237442922,2018,13878000.0,343514.85148514854
336,SOUTH DAKOTA,TRIPP,46123,8.635635518590998,38.32285714285714,-31.598035714285714,8.678571428571429,228.03571428571428,1060.8103214285713,0.5419440313111545,1.2321428571428572,88.21428571428571,12.035714285714286,125504.53238262857,8.714285714285714,70.58910469667319,4.121623532289629,2018,2570000.0,60900.473933649286
337,SOUTH DAKOTA,TURNER,46125,7.876327054794521,35.82625,-30.858125,3.25,229.75,1226.18775,0.427798801369863,0.25,95.5,13.0,118932.02421120001,11.8125,75.46869863013698,3.904393493150685,2018,6951000.0,139298.59719438877
338,SOUTH DAKOTA,UNION,46127,8.403734085414987,37.24823529411765,-30.71294117647059,4.647058823529412,225.64705882352942,1182.684588235294,0.41789637389202255,0.6470588235294118,96.29411764705883,12.705882352941176,121718.03960414119,8.941176470588236,76.3274939564867,3.7869492344883158,2018,5350000.0,104901.96078431372
339,SOUTH DAKOTA,WALWORTH,46129,6.619290161892902,37.315,-31.937272727272727,11.272727272727273,240.77272727272728,688.7713636363636,0.5411753424657534,0.6363636363636365,78.95454545454545,5.818181818181818,123348.22413120001,6.181818181818182,69.69545454545454,4.262215442092154,2018,2995000.0,77994.79166666667
340,TEXAS,BRAZORIA,48039,21.19865215264188,35.60178571428572,-5.286428571428572,10.339285714285714,68.71428571428571,1664.5691964285713,0.6005005870841488,0.0,116.10714285714286,20.446428571428573,137043.70119977143,4.714285714285714,79.24457925636008,6.144855528375734,2018,200000.0,6993.006993006993
341,TEXAS,DELTA,48119,18.06638698630137,40.7675,-12.00375,43.625,139.125,1372.617875,0.8129260273972603,5.375,108.75,16.375,135911.9580912,7.75,70.63171232876712,3.7591839041095887,2018,222000.0,10422.535211267605
342,TEXAS,FANNIN,48147,17.848211187214613,41.91958333333333,-13.191250000000002,41.458333333333336,144.25,1338.6009583333332,0.82804600456621,7.875,98.29166666666667,17.458333333333332,140409.1389312,7.5,69.83062785388127,3.5918715753424655,2018,164000.0,7008.547008547009
343,TEXAS,FORT BEND,48157,21.0155713654441,37.15806451612904,-7.6332258064516125,21.161290322580644,78.58064516129032,1543.2392258064517,0.7037108263367212,0.0,121.0,18.548387096774192,137461.13653378066,6.774193548387097,76.38539107379584,5.540134158197083,2018,75500.0,2696.4285714285716
344,TEXAS,JACKSON,48239,20.994586105675147,37.683571428571426,-6.022142857142858,29.392857142857142,82.07142857142857,1443.8921785714285,0.6749658512720157,0.0,120.39285714285714,15.357142857142858,137475.8571826286,3.7857142857142856,77.82901174168298,6.122962230919764,2018,80000.0,2597.402597402597
345,TEXAS,MATAGORDA,48321,21.42026923076923,34.335,-5.012499999999999,6.0,63.82692307692308,1593.448173076923,0.5845569546891465,0.0,108.96153846153847,18.826923076923077,139594.70417427694,3.807692307692308,79.95562697576396,6.4823529504741835,2018,81000.0,2250.0
346,TEXAS,VICTORIA,48469,21.118637608966377,38.802121212121214,-5.385454545454546,41.39393939393939,81.6969696969697,1402.6431515151514,0.7113125778331257,0.0,113.60606060606061,14.272727272727273,136035.7530912,4.909090909090909,76.94292237442923,5.988821917808219,2018,175000.0,4794.520547945205
347,TEXAS,WHARTON,48481,20.77075479452055,36.8835,-7.372750000000001,21.5,84.825,1403.48485,0.6827846575342466,0.0,118.0,15.2,139908.1110192,4.8,77.22431506849315,5.799935205479452,2018,571000.0,14203.980099502487
348,ARKANSAS,ARKANSAS,05001,17.306192521288413,36.40432432432433,-8.101891891891892,13.702702702702704,147.56756756756758,1878.3628108108107,0.669302184376157,0.0,94.0,26.56756756756757,147620.65478555678,9.513513513513514,74.45486856719734,5.284518178452425,2019,9254000.0,159551.72413793104
349,ARKANSAS,ASHLEY,05003,17.940305479452057,37.542500000000004,-7.6370000000000005,19.25,136.05,1810.7514,0.6723858904109589,0.0,95.5,26.5,149271.3746208,9.65,74.6918904109589,5.052044520547945,2019,1970000.0,38932.80632411067
350,ARKANSAS,CHICOT,05017,18.136414611872148,36.754,-7.890666666666666,19.8,136.53333333333333,1748.7031333333334,0.7108865753424657,0.0,93.0,24.933333333333334,152104.7567808,9.666666666666666,73.79021004566209,5.482025936073059,2019,7750000.0,143253.2347504621
351,ARKANSAS,CLAY,05021,15.57995205479452,35.12,-9.58,2.0625,168.75,1768.5403125,0.5844217465753425,0.0,105.6875,26.25,140241.9580488,9.5625,74.97155821917809,4.606222602739726,2019,4250000.0,88541.66666666667
352,ARKANSAS,CRAIGHEAD,05031,15.929118150684932,35.63125,-8.98625,3.5625,161.5625,1848.3519375,0.5788385273972603,0.0,104.5625,24.3125,139556.8524888,13.4375,75.73573630136987,4.971308219178082,2019,3404000.0,73520.51835853132
353,ARKANSAS,CRITTENDEN,05035,16.883021170610213,35.64181818181818,-8.148181818181818,5.409090909090909,150.63636363636363,1927.6004545454546,0.6604102117061021,0.0,100.95454545454545,26.727272727272727,142516.91555607272,12.272727272727273,73.58134495641345,4.889490535491905,2019,8130000.0,176355.74837310196
354,ARKANSAS,CROSS,05037,16.48866575342466,35.263999999999996,-8.219,2.8,155.0,1809.4158,0.6103309589041096,0.0,102.0,23.5,141838.5411648,11.5,74.6621095890411,5.0775643835616435,2019,6915000.0,132980.76923076922
355,ARKANSAS,DESHA,05041,17.764587214611872,36.245666666666665,-7.923,16.933333333333334,143.3,1965.3075,0.6964508675799087,0.0,96.63333333333334,28.966666666666665,149807.8027008,10.366666666666667,74.10061187214612,5.33904301369863,2019,8000000.0,133779.26421404682
356,ARKANSAS,DREW,05043,17.660976712328768,37.739,-6.784000000000001,22.2,141.75,1849.64835,0.7044506849315069,0.0,93.95,27.15,149180.8127328,9.25,73.33535616438355,4.846095479452055,2019,1580000.0,27478.260869565216
357,ARKANSAS,GREENE,05055,15.770996838777661,35.21230769230769,-9.452307692307691,2.4615384615384617,164.92307692307693,1782.526,0.5863076923076923,0.0,103.84615384615385,26.53846153846154,138953.74804726156,11.230769230769232,75.0095258166491,4.735475447839831,2019,2396000.0,52314.41048034935
358,ARKANSAS,INDEPENDENCE,05063,15.53709062170706,34.981923076923074,-9.507307692307693,2.6153846153846154,169.69230769230768,1618.173423076923,0.5728240252897787,0.0,100.92307692307692,20.46153846153846,140380.47390572308,9.615384615384615,74.5317808219178,3.534640779768177,2019,1038000.0,25378.973105134475
359,ARKANSAS,JACKSON,05067,15.795453424657534,35.0195,-8.9295,1.95,163.85,1737.54545,0.548326301369863,0.0,101.35,24.0,139752.6209568,11.2,76.39823287671233,4.762068493150685,2019,4070000.0,100992.55583126552
360,ARKANSAS,JEFFERSON,05069,17.09359589041096,36.09357142857143,-8.342857142857143,11.071428571428571,149.42857142857142,1705.5095714285715,0.6780723091976517,0.0,91.5,22.392857142857142,148233.7793088,8.107142857142858,73.09366927592954,4.913330821917808,2019,3835000.0,70626.15101289135
361,ARKANSAS,LAWRENCE,05075,15.582873668188737,35.42444444444445,-9.558333333333334,4.111111111111111,168.77777777777777,1740.587888888889,0.5498520547945206,0.0,97.94444444444444,24.833333333333332,138600.9775488,12.38888888888889,76.22922374429224,4.461708371385083,2019,1864000.0,46716.79197994988
362,ARKANSAS,LINCOLN,05079,17.351091976516635,36.18214285714286,-8.132857142857143,13.071428571428571,145.78571428571428,1925.3384285714285,0.6881831702544031,0.0,89.78571428571429,26.0,149288.3172288,7.714285714285714,73.4418590998043,5.0134763209393345,2019,3150000.0,55069.930069930066
363,ARKANSAS,LITTLE RIVER,05081,17.39008904109589,36.831875,-7.503125,19.3125,142.6875,1433.043,0.6297818493150685,0.0,98.0,18.0,146580.19724880002,6.5625,75.17296232876711,3.4419407534246576,2019,275000.0,9105.960264900663
364,ARKANSAS,LONOKE,05085,16.604719886632026,35.76,-8.60344827586207,4.896551724137931,157.6551724137931,1534.872275862069,0.6337577704298535,0.0,96.89655172413794,20.24137931034483,144367.77168397242,9.344827586206897,74.14199338686821,4.807712612187057,2019,4500000.0,93360.9958506224
365,ARKANSAS,MISSISSIPPI,05093,16.377216968625717,35.25774193548387,-8.633548387096774,3.838709677419355,156.51612903225808,1866.3800322580646,0.6486226248342908,0.0,105.41935483870968,25.161290322580644,139302.7804855742,16.612903225806452,73.35885992045957,4.82972611577552,2019,11126000.0,233739.49579831932
366,ARKANSAS,MONROE,05095,16.858334474885847,36.361666666666665,-8.207083333333333,8.25,153.20833333333334,1785.0347083333334,0.6125502283105023,0.0,99.95833333333333,23.041666666666668,144968.9411088,10.041666666666666,75.8190296803653,5.316170205479453,2019,3435000.0,72012.5786163522
367,ARKANSAS,POINSETT,05111,16.23488184931507,35.52875,-8.375,4.125,157.3125,1909.6373125,0.5953176369863014,0.0,104.0,23.5625,139980.82430880002,13.8125,75.19352739726028,5.087858732876713,2019,8029000.0,157431.3725490196
368,ARKANSAS,PRAIRIE,05117,16.665170935080404,35.885652173913044,-8.471304347826088,5.130434782608695,156.47826086956522,1648.3167826086956,0.6204657534246575,0.0,98.3913043478261,21.043478260869566,144085.28856793043,9.304347826086957,74.94628945801072,5.171110541989279,2019,4470000.0,101590.90909090909
369,ARKANSAS,RANDOLPH,05121,15.275118961788033,35.59894736842105,-10.26421052631579,3.0,173.57894736842104,1803.9684736842105,0.5486940158615717,0.0,103.73684210526315,24.684210526315788,138749.54353616844,11.578947368421053,75.39390050468637,3.7512321557317954,2019,1123000.0,26423.529411764706
370,ARKANSAS,ST. FRANCIS,05123,16.71329315068493,35.878,-8.236666666666666,5.533333333333333,153.4,1749.1760666666667,0.6225059360730594,0.0,98.86666666666666,24.4,144518.6155968,10.533333333333333,74.80147945205479,5.119279086757991,2019,6650000.0,132206.75944333998
371,ARKANSAS,WHITE,05145,15.986912995186968,35.71378378378379,-8.54945945945946,3.864864864864865,161.64864864864865,1567.342945945946,0.5989556460570159,0.0,102.86486486486487,21.594594594594597,140035.9691379892,10.0,74.2420362828582,3.948601703072936,2019,1075000.0,25000.0
372,ARKANSAS,WOODRUFF,05147,16.33905479452055,35.7995,-8.409,3.5,158.7,1647.97655,0.5874361643835616,0.0,102.8,22.15,141840.7335648,10.55,75.79446575342466,5.1934556164383565,2019,4536000.0,103561.64383561644
373,KANSAS,ANDERSON,20003,12.918714611872147,35.6575,-18.755,2.833333333333333,193.08333333333334,1735.8660833333333,0.511348401826484,0.0,101.91666666666667,20.333333333333332,139195.3975488,7.666666666666667,74.58958904109589,3.869965525114155,2019,2819000.0,82426.90058479531
374,KANSAS,ATCHISON,20005,11.916598173515982,35.66833333333333,-21.903333333333336,3.8333333333333335,202.33333333333334,1233.1323333333332,0.5567913242009133,0.0,94.0,14.166666666666666,138347.1425088,7.166666666666667,71.12141552511416,3.572797260273972,2019,3409000.0,65684.0077071291
375,KANSAS,BARBER,20007,13.744283757338552,39.21,-15.584642857142857,28.285714285714285,200.03571428571428,978.0144285714285,0.7541190802348336,1.75,67.35714285714286,11.25,152881.66700022857,2.2857142857142856,66.38745596868885,4.1411000978473576,2019,395000.0,14794.007490636704
376,KANSAS,BARTON,20009,12.062379452054795,38.625,-20.133,16.2,211.65,956.8278,0.6572127397260273,1.7,62.85,12.55,149915.9320128,2.6,69.05594520547946,4.644417945205479,2019,1075000.0,35953.17725752509
377,KANSAS,BOURBON,20011,13.548045662100456,35.7475,-16.903333333333332,2.8333333333333335,190.33333333333334,1811.8808333333334,0.5442107305936074,0.0,107.91666666666667,21.416666666666668,135190.8533088,7.083333333333333,73.62858447488584,3.5154228310502282,2019,1479000.0,41197.77158774374
378,KANSAS,BROWN,20013,11.387244292237444,35.5475,-23.625833333333333,4.166666666666666,209.66666666666666,1364.6406666666667,0.5163755707762557,0.0,91.0,15.25,138316.6929888,7.166666666666667,72.48993150684932,3.7533563926940636,2019,6611000.0,117008.84955752212
379,KANSAS,BUTLER,20015,13.076313546423135,36.32166666666667,-16.934444444444445,5.444444444444445,194.88888888888889,1384.3228888888889,0.5796816590563166,0.0,87.66666666666667,16.36111111111111,142563.58730880002,6.5,71.78233637747337,4.274241780821918,2019,3326000.0,88457.44680851063
380,KANSAS,CHAUTAUQUA,20019,14.185415525114154,35.62916666666667,-14.585833333333333,5.5,185.75,1556.4463333333333,0.6070769406392694,0.0,94.58333333333333,19.333333333333332,140770.2506688,5.416666666666667,71.3639497716895,3.686400684931507,2019,347000.0,8610.421836228288
381,KANSAS,CHEROKEE,20021,14.043086757990867,34.52833333333333,-15.135,0.0,186.08333333333334,2040.3440833333334,0.5102931506849315,0.0,108.58333333333333,21.583333333333332,135374.1919488,7.916666666666666,75.17545662100457,3.354564155251141,2019,3768000.0,96863.75321336761
382,KANSAS,CLAY,20027,11.878849315068493,36.93875,-21.061875,8.0,209.3125,1122.379125,0.6108578767123287,0.0,84.3125,11.0,145630.84322880002,6.6875,69.60585616438357,3.9442734589041097,2019,4330000.0,95584.98896247242
383,KANSAS,COFFEY,20031,12.691198630136988,34.6925,-18.861666666666668,2.25,194.66666666666666,1621.9470833333332,0.504213698630137,0.0,98.25,18.166666666666668,141107.5519488,7.416666666666666,74.3615296803653,4.030799315068493,2019,2854000.0,84188.79056047199
384,KANSAS,COWLEY,20035,13.789013698630136,36.348333333333336,-15.145000000000001,7.75,189.83333333333334,1461.78775,0.6346955479452054,0.0,87.70833333333333,17.958333333333332,144962.4535488,5.666666666666666,69.97135844748858,4.1371498858447495,2019,3090000.0,82400.0
385,KANSAS,DICKINSON,20041,12.320438356164384,37.232800000000005,-18.1812,8.24,203.56,1297.00564,0.6094086575342466,0.08,79.32,13.68,146062.87735680002,8.36,70.18082191780822,4.011727452054795,2019,4627000.0,110693.77990430623
386,KANSAS,DOUGLAS,20045,12.654945205479454,36.2375,-19.25,4.5,194.875,1568.62775,0.5573232876712328,0.0,94.0,15.5,138579.7133088,8.75,72.10513698630137,3.4958780821917808,2019,1588000.0,38731.70731707317
387,KANSAS,ELK,20049,13.740034246575343,35.25666666666667,-15.3125,2.6666666666666665,188.75,1721.2511666666667,0.5877123287671232,0.0,94.83333333333333,19.583333333333332,140567.0256288,6.0,71.37824200913242,3.9199949771689497,2019,606000.0,15187.96992481203
388,KANSAS,FINNEY,20055,11.608924842650872,39.32054054054054,-18.068648648648647,30.45945945945946,224.05405405405406,508.11362162162163,0.769187412069604,4.918918918918919,61.513513513513516,4.5675675675675675,161164.44207204325,2.081081081081081,65.16695298037764,4.405718400592373,2019,340000.0,6049.822064056939
389,KANSAS,GEARY,20061,12.22785692541857,37.79777777777778,-19.10666666666667,8.0,202.33333333333334,1106.923111111111,0.624447488584475,0.0,83.88888888888889,11.222222222222221,144977.19914880002,7.666666666666666,69.64176560121766,3.915537595129376,2019,732000.0,15809.935205183587
390,KANSAS,GRAY,20069,12.032976712328768,38.9065,-16.8725,26.15,217.5,580.592,0.7725782191780821,3.9,60.4,6.3,161193.1913568,2.0,64.39569863013699,4.516732739726027,2019,684000.0,12808.988764044943
391,KANSAS,HARPER,20077,13.806487671232878,39.88533333333333,-14.633333333333333,27.6,197.26666666666668,1333.4576666666667,0.6794672146118722,3.466666666666667,74.93333333333334,16.133333333333333,151727.1144768,4.666666666666666,70.00133333333333,4.113319634703196,2019,416000.0,13419.354838709678
392,KANSAS,HARVEY,20079,12.952920547945205,37.95,-17.546,11.5,200.0,865.8713,0.6278821917808219,0.0,77.5,9.5,144144.3886848,5.7,70.35194520547945,4.339655342465754,2019,3767000.0,100991.95710455764
393,KANSAS,HASKELL,20081,11.897342465753423,38.285000000000004,-17.085833333333333,25.0,220.83333333333334,612.4785833333333,0.7584917808219177,3.1666666666666665,60.666666666666664,6.916666666666666,161941.4935488,2.0,64.82810502283105,4.370403881278539,2019,669000.0,10292.307692307691
394,KANSAS,JACKSON,20085,11.974941780821919,37.181875,-21.30625,6.9375,204.1875,1199.0411875,0.601695890410959,0.0,89.125,9.9375,140484.49418880002,6.9375,69.75626712328767,3.7207179794520546,2019,2205000.0,47727.27272727273
395,KANSAS,JEFFERSON,20087,12.366130136986301,36.66416666666667,-20.64,5.916666666666667,199.16666666666666,1341.9168333333334,0.6036696347031963,0.0,92.83333333333333,14.833333333333334,139090.29842880002,7.916666666666667,69.87872146118721,3.578567123287671,2019,2111000.0,42906.504065040644
396,KANSAS,JEWELL,20089,11.151026255707762,38.5075,-22.982916666666668,9.666666666666666,214.20833333333334,1152.10025,0.5940727168949772,2.291666666666667,85.45833333333333,13.375,146338.4246688,4.875,70.42463470319635,4.093984132420091,2019,5084000.0,102914.97975708502
397,KANSAS,KINGMAN,20095,13.445478147423353,38.93190476190476,-14.989523809523808,17.857142857142858,199.38095238095238,988.5924761904762,0.6902215264187868,1.5238095238095237,69.66666666666667,12.428571428571427,150415.17277165715,4.809523809523809,68.27009784735812,4.482466536203523,2019,528000.0,19775.280898876405
398,KANSAS,LEAVENWORTH,20103,12.302721461187213,35.913333333333334,-21.155833333333334,3.8333333333333335,197.58333333333334,1429.47275,0.5416212328767124,0.0,96.41666666666667,16.083333333333332,136992.8757888,9.0,72.77497716894976,3.240319406392694,2019,1563000.0,33978.260869565216
399,KANSAS,LYON,20111,12.500069634703195,35.824999999999996,-18.91875,4.083333333333333,198.875,1523.7587083333333,0.5360857305936073,0.0,93.79166666666667,18.166666666666668,142150.9770288,8.458333333333334,72.99213470319634,3.9760336757990866,2019,2858000.0,84058.82352941176
400,KANSAS,MARION,20115,12.629824657534249,37.3752,-18.066399999999998,8.64,200.44,1059.82432,0.6064101917808219,0.0,78.52,12.0,144080.76769920002,6.640000000000001,70.44611506849314,4.348421369863014,2019,3787000.0,107891.73789173788
401,KANSAS,MARSHALL,20117,11.395029680365296,36.17,-21.276666666666667,6.0,212.41666666666666,1209.6809166666667,0.5610174657534247,0.0,90.66666666666667,11.083333333333334,139644.5418288,6.166666666666667,70.54471461187215,3.8738712328767124,2019,7200000.0,150000.0
402,KANSAS,MCPHERSON,20113,12.604131506849315,38.2235,-17.7215,12.75,203.45,819.1665,0.6404515068493151,0.65,69.15,8.15,146614.4178048,6.7,69.883,4.452440547945205,2019,3739000.0,106524.21652421652
403,KANSAS,MIAMI,20121,12.824417808219179,36.1625,-18.2425,3.9166666666666665,195.08333333333334,1703.1964166666667,0.5365189497716896,0.0,99.83333333333333,18.583333333333332,135969.8141088,7.833333333333333,73.19858447488585,3.4306196347031963,2019,2287000.0,52817.5519630485
404,KANSAS,MITCHELL,20123,11.932467275494673,40.23222222222223,-22.74388888888889,15.88888888888889,210.88888888888889,1005.5842222222223,0.6775770167427702,5.166666666666667,71.77777777777777,12.38888888888889,148104.3401088,4.611111111111111,68.50197869101979,4.161871080669711,2019,2912000.0,67251.73210161664
405,KANSAS,MONTGOMERY,20125,14.151303652968036,35.163333333333334,-14.468333333333334,3.083333333333333,184.5,1810.2736666666667,0.5651351598173516,0.0,99.91666666666667,20.416666666666668,137564.7919488,6.25,73.275799086758,3.6208013698630137,2019,2274000.0,63876.40449438202
406,KANSAS,MORRIS,20127,12.231695585996956,36.63388888888889,-18.419444444444444,5.333333333333333,201.27777777777777,1161.2562777777778,0.5819283105022831,0.0,84.77777777777777,11.833333333333334,145884.5642688,7.777777777777778,70.67547945205479,4.229031659056317,2019,2337000.0,52048.99777282851
407,KANSAS,OSAGE,20139,12.64147089041096,36.249375,-18.323125,4.375,196.75,1414.089625,0.5687626712328767,0.0,95.5625,15.0625,141556.77272880002,8.875,71.76176369863013,3.930203424657534,2019,3432000.0,83707.31707317074
408,KANSAS,PHILLIPS,20147,11.244195205479453,39.98583333333333,-21.011666666666667,21.166666666666668,216.41666666666666,797.1953333333333,0.6994763698630136,5.5,77.58333333333333,7.875,148394.5250688,4.708333333333333,67.57337899543379,4.161763584474886,2019,1346000.0,30730.59360730594
409,KANSAS,POTTAWATOMIE,20149,11.769659056316591,37.25037037037037,-19.905185185185182,6.407407407407407,208.0,1129.7001851851853,0.5720535768645357,0.0,91.96296296296296,10.074074074074074,141132.12202880002,7.888888888888889,70.8601420598681,3.6885658041603246,2019,2034000.0,41090.90909090909
410,KANSAS,RENO,20155,13.131918664383562,38.881875,-16.076249999999998,19.125,201.15625,790.77965625,0.6918981164383562,2.0625,68.25,9.0625,148734.3692988,5.21875,68.61076198630137,4.529116952054795,2019,2978000.0,90792.68292682928
411,KANSAS,REPUBLIC,20157,11.170984779299848,37.556666666666665,-22.808888888888887,6.777777777777778,214.66666666666666,1060.1176666666668,0.5768363774733638,0.1111111111111111,86.61111111111111,13.055555555555555,144069.79130880002,3.3888888888888893,70.61254185692542,3.993785235920852,2019,4866000.0,107893.56984478935
412,KANSAS,RILEY,20161,11.891663760896638,37.356818181818184,-20.237727272727273,6.818181818181818,205.9090909090909,1073.6241818181818,0.6064004981320049,0.0,88.45454545454545,10.181818181818182,142791.64634880002,7.818181818181818,69.74850560398505,3.784751432129514,2019,1627000.0,35292.84164859002
413,KANSAS,RUSSELL,20167,12.05202602739726,39.8735,-22.6555,20.55,211.7,963.43935,0.7045868493150684,5.15,70.7,11.15,150378.09382080002,3.6500000000000004,67.64519178082192,4.511924657534246,2019,297000.0,9801.980198019803
414,KANSAS,SALINE,20169,12.435231050228312,39.464666666666666,-19.425333333333334,11.4,204.46666666666667,1091.712,0.6402438356164384,2.0666666666666664,71.2,10.8,147412.2892608,8.4,69.88001826484017,4.1024520547945205,2019,2688000.0,62511.62790697674
415,KANSAS,SEDGWICK,20173,13.312844241501775,37.96407407407407,-15.611851851851851,13.444444444444445,198.11111111111111,1026.1102222222223,0.6216264840182648,0.2962962962962963,81.66666666666667,13.185185185185185,146485.0487488,6.0,71.09121258244545,4.14866463723998,2019,3736000.0,102920.11019283747
416,KANSAS,SEWARD,20175,12.59722602739726,39.1775,-16.095,30.0,215.5,610.1760833333334,0.8090166666666667,6.333333333333333,53.75,7.25,162662.24522880002,2.0833333333333335,63.22141552511415,4.263394520547946,2019,531000.0,8245.34161490683
417,KANSAS,SUMNER,20191,13.831160469667319,38.473571428571425,-14.426785714285714,19.82142857142857,193.92857142857142,1305.7562142857143,0.6483988258317026,0.8571428571428571,82.64285714285714,15.857142857142858,146951.2089545143,5.892857142857142,71.1283072407045,4.112313894324853,2019,5305000.0,171129.03225806452
418,KANSAS,TREGO,20195,11.61963698630137,40.53666666666667,-20.88375,23.625,220.16666666666666,756.5075416666667,0.7447439497716896,6.375,68.41666666666667,8.125,154607.9666688,4.25,65.76956621004567,4.544733219178082,2019,47000.0,1350.5747126436784
419,KANSAS,WILSON,20205,13.802794520547945,35.357499999999995,-15.512500000000001,2.1666666666666665,185.83333333333334,1777.719,0.5585664383561644,0.0,99.08333333333333,20.75,138726.54722880002,5.75,73.29707762557078,3.7692842465753422,2019,3086000.0,78324.87309644671
420,NORTH DAKOTA,ADAMS,38001,4.256551266085513,32.36000000000001,-33.31878787878788,0.0,278.030303030303,626.9749090909091,0.3879310917393109,0.0,74.60606060606061,4.424242424242424,129148.3520797091,6.151515151515151,72.84337899543378,4.320628559568286,2019,219000.0,6203.966005665723
421,NORTH DAKOTA,BARNES,38003,4.088784246575343,33.657291666666666,-36.141666666666666,0.1875,259.9375,836.7310833333333,0.34324617579908673,0.08333333333333333,88.47916666666667,6.0,122285.3412888,9.416666666666666,75.87820776255708,4.541254452054795,2019,9195000.0,292834.3949044586
422,NORTH DAKOTA,BOTTINEAU,38009,2.693498630136986,32.35883333333333,-39.780499999999996,0.0,277.98333333333335,653.0518333333333,0.3859462557077626,0.016666666666666666,67.81666666666666,4.8,126792.1865088,6.8,72.50714155251141,4.035256894977169,2019,5406000.0,178415.84158415842
423,NORTH DAKOTA,BURKE,38013,2.6650877452795263,31.67189189189189,-36.16297297297297,0.0,284.1081081081081,635.2446486486486,0.3527184746390226,0.0,62.10810810810811,5.756756756756757,126958.56438123244,5.8108108108108105,73.85980007404665,4.398499074416883,2019,735000.0,25085.32423208191
424,NORTH DAKOTA,CASS,38017,4.204138356164384,34.57483333333333,-36.115,0.5666666666666668,256.28333333333336,865.4773,0.36831739726027396,0.6000000000000001,88.8,5.75,121687.02103680001,9.566666666666666,74.69940182648402,4.211615525114155,2019,14456000.0,414212.0343839542
425,NORTH DAKOTA,CAVALIER,38019,2.4227522831050226,33.51145833333333,-37.672291666666666,0.20833333333333334,278.375,652.7751041666667,0.33200359589041095,0.0,77.6875,3.833333333333333,123987.2636088,7.9375,75.66101027397261,4.456808561643835,2019,2780000.0,106923.07692307692
426,NORTH DAKOTA,DICKEY,38021,4.434162723121627,32.120303030303035,-35.343939393939394,0.0,257.5151515151515,758.2234242424242,0.315458198422582,0.0,80.57575757575758,5.9393939393939394,125458.68275607274,6.818181818181818,77.85877957658779,4.376343711083437,2019,4706000.0,134457.14285714287
427,NORTH DAKOTA,EDDY,38027,3.2673133561643835,33.585,-37.844375,0.0625,267.0625,855.04175,0.34610205479452055,0.0,84.3125,6.3125,123891.51944880001,9.625,76.10549657534246,4.467475856164384,2019,2049000.0,63436.53250773995
428,NORTH DAKOTA,EMMONS,38029,4.173341976516634,32.528392857142855,-36.568214285714284,0.0,263.7857142857143,861.9738928571428,0.34703527397260275,0.0,80.82142857142857,7.321428571428571,127204.19257165714,6.071428571428571,75.21883072407046,4.099583904109589,2019,3304000.0,95491.32947976878
429,NORTH DAKOTA,FOSTER,38031,3.6207397260273972,34.578125,-36.980625,0.5,264.4375,900.8844375,0.35690393835616435,0.375,89.5625,7.6875,124058.12294880001,9.875,75.68703767123287,4.514714726027398,2019,4268000.0,127402.98507462686
430,NORTH DAKOTA,GRAND FORKS,38035,3.455975825946817,34.77549019607843,-36.23529411764706,0.6862745098039216,266.3333333333333,854.281705882353,0.37672215954875105,0.21568627450980393,94.07843137254902,6.549019607843137,121233.7693135059,9.529411764705882,74.22517324738115,4.252258340048348,2019,6054000.0,183454.54545454544
431,NORTH DAKOTA,GRANT,38037,4.400158512720156,32.46442857142857,-34.306285714285714,0.0,270.57142857142856,701.3632285714286,0.3985504109589041,0.0,77.27142857142857,5.557142857142857,129727.63062308572,6.128571428571429,72.45683757338551,4.235011154598825,2019,314000.0,11893.939393939394
432,NORTH DAKOTA,GRIGGS,38039,3.635145205479452,33.7065,-37.368,0.25,265.95,899.9786,0.36893958904109586,0.0,88.3,6.9,124313.80322880001,9.95,74.8771095890411,4.598431917808219,2019,3456000.0,104410.87613293051
433,NORTH DAKOTA,HETTINGER,38041,4.079487671232877,32.77375,-34.523,0.0,282.175,610.995675,0.39268794520547945,0.0,71.9,4.3,129424.4656128,6.5,72.58826712328766,4.319495616438356,2019,227000.0,8107.142857142857
434,NORTH DAKOTA,LAMOURE,38045,4.282439186384392,32.89333333333333,-35.90909090909091,0.0,261.24242424242425,749.007393939394,0.3178994603569946,0.0,85.0909090909091,5.909090909090909,124202.12933061819,7.666666666666666,77.57198837691988,4.502630801162308,2019,7284000.0,209913.54466858789
435,NORTH DAKOTA,MCHENRY,38049,3.478243150684931,32.48,-37.73027777777778,0.0,269.625,609.9048055555555,0.40268394216133946,0.08333333333333333,75.95833333333333,3.833333333333333,126494.8518288,7.555555555555555,72.80547184170473,4.206703805175038,2019,4010000.0,131907.8947368421
436,NORTH DAKOTA,MCKENZIE,38053,4.2614246575342465,33.76653543307087,-36.927322834645665,0.07086614173228346,277.9133858267717,528.2643937007874,0.4197132779635422,0.0,54.20472440944882,4.850393700787401,131635.328564863,5.503937007874016,71.39051882213353,4.007113256390896,2019,175000.0,4605.263157894737
437,NORTH DAKOTA,MCLEAN,38055,3.289363992172211,29.913775510204083,-36.11969387755102,0.0,280.09183673469386,637.2806224489796,0.36687112105116015,0.0,79.13265306122449,4.469387755102041,126532.07830961634,6.826530612244897,73.37198769918926,4.165971903830025,2019,4610000.0,135988.2005899705
438,NORTH DAKOTA,MOUNTRAIL,38061,3.033931675968206,31.16061728395062,-37.26246913580247,0.0,283.38271604938274,640.863938271605,0.36078985286656523,0.0,68.45679012345678,6.308641975308642,127905.70752213334,6.419753086419753,73.74300016911889,4.170516624386944,2019,1744000.0,60555.555555555555
439,NORTH DAKOTA,NELSON,38063,2.9948912167606774,33.43588235294118,-37.91441176470588,0.23529411764705882,271.2352941176471,876.6689411764706,0.344044883158743,0.029411764705882353,89.88235294117646,6.9411764705882355,123322.11177938824,9.411764705882353,76.00077356970185,4.578310153102337,2019,3446000.0,118419.2439862543
440,NORTH DAKOTA,OLIVER,38065,4.071975342465754,31.080000000000002,-33.85,0.0,271.4,690.7238,0.38221397260273976,0.0,78.05,5.35,127637.55809280001,5.3,72.97553424657534,4.08072397260274,2019,765000.0,21191.13573407202
441,NORTH DAKOTA,PEMBINA,38067,3.0764743639921726,35.96514285714286,-37.62828571428572,1.0,272.74285714285713,694.8591714285715,0.3899068493150685,0.3142857142857143,78.85714285714286,4.828571428571428,123671.21217737143,8.8,72.96653620352251,4.052498395303327,2019,2680000.0,122935.77981651376
442,NORTH DAKOTA,PIERCE,38069,2.966056130972268,33.44926829268293,-39.0609756097561,0.07317073170731707,271.3414634146341,607.6397073170732,0.35438576678917477,0.0,77.6829268292683,3.4634146341463414,126762.60971660489,7.219512195121951,75.15697961911125,4.2745578349482125,2019,3330000.0,109900.9900990099
443,NORTH DAKOTA,RANSOM,38073,4.2958413242009135,32.9625,-35.46333333333333,0.041666666666666664,256.6666666666667,795.6390833333334,0.3233793378995434,0.0,83.20833333333333,6.041666666666667,124150.2851088,6.0,77.20086757990867,4.30204600456621,2019,4291000.0,106476.42679900746
444,NORTH DAKOTA,RENVILLE,38075,3.0813518590998044,32.98171428571428,-37.696571428571424,0.0,278.4,687.5700571428572,0.39673659491193736,0.0,68.22857142857143,5.514285714285714,126324.11603108572,7.9714285714285715,71.98312328767123,4.254170489236791,2019,2919000.0,95081.4332247557
445,NORTH DAKOTA,RICHLAND,38077,4.4772800608828005,34.47037037037037,-35.870925925925924,0.3888888888888889,254.66666666666666,733.6320370370371,0.3683224759005581,0.2962962962962963,79.61111111111111,6.12962962962963,125606.7119488,7.277777777777778,74.9206443429731,4.103862100456621,2019,9948000.0,279438.202247191
446,NORTH DAKOTA,SARGENT,38081,4.395643835616439,33.32041666666667,-35.711666666666666,0.0,254.95833333333334,749.7807916666667,0.32333173515981734,0.0,80.625,5.791666666666667,125298.2880288,5.875,77.40061643835617,4.22634200913242,2019,5403000.0,137480.91603053437
447,NORTH DAKOTA,SIOUX,38085,4.635209167544784,32.206346153846155,-33.825384615384614,0.019230769230769232,262.6923076923077,793.8482307692308,0.3996790305584826,0.0,76.51923076923077,7.211538461538462,129451.83261341539,5.980769230769231,72.7467966280295,4.150646838777661,2019,339000.0,8308.823529411766
448,NORTH DAKOTA,STEELE,38091,3.974923287671233,35.088,-35.391000000000005,1.0,259.0,780.18825,0.3967015068493151,0.65,90.4,5.55,124394.7479328,10.0,73.50604109589041,4.5384687671232875,2019,4340000.0,140909.0909090909
449,NORTH DAKOTA,STUTSMAN,38093,3.8856268754076972,33.09321428571428,-36.17857142857143,0.09523809523809523,264.9404761904762,829.9950119047619,0.342687116764514,0.011904761904761904,90.9047619047619,5.666666666666667,123662.17823451429,9.476190476190476,76.14342139595564,4.516014383561644,2019,9136000.0,358274.50980392157
450,NORTH DAKOTA,TOWNER,38095,2.4414940639269407,34.03566666666667,-38.32233333333333,0.36666666666666664,278.6,574.3878,0.3297167123287671,0.03333333333333333,75.66666666666667,3.4666666666666663,124153.54807680001,6.8,75.86011872146119,4.271226940639269,2019,3550000.0,125441.6961130742
451,NORTH DAKOTA,TRAILL,38097,3.9896682974559683,35.566071428571426,-35.71107142857143,1.2142857142857142,258.2857142857143,846.3186785714286,0.38864295499021523,0.6785714285714286,90.82142857142857,5.178571428571429,122673.93338880001,9.214285714285714,73.81804305283757,4.256738943248532,2019,5621000.0,157893.2584269663
452,NORTH DAKOTA,WARD,38101,3.3082200618647812,31.944193548387098,-34.72870967741935,0.0,273.6989247311828,700.4395161290323,0.3915162763293563,0.0,76.70967741935483,6.064516129032258,125889.22972428388,8.311827956989248,72.44911474443953,4.379274473412874,2019,5178000.0,155963.85542168672
453,NORTH DAKOTA,WELLS,38103,3.370551598173516,33.32977777777778,-36.345777777777776,0.1111111111111111,267.31111111111113,859.5948222222222,0.3439164079147641,0.06666666666666667,84.97777777777777,6.888888888888888,126045.7134528,8.733333333333333,75.86406088280062,4.440363652968037,2019,5851000.0,189352.7508090615
454,SOUTH DAKOTA,AURORA,46003,7.2756493150684936,36.703,-27.578500000000002,1.45,232.6,1069.2871,0.43134671232876715,0.0,84.65,12.9,128931.08100480001,6.3,73.5938493150685,4.088944931506849,2019,1758000.0,39505.61797752809
455,SOUTH DAKOTA,BROWN,46013,4.935277397260274,33.24,-36.33714285714286,0.03571428571428571,250.83928571428572,759.7419285714286,0.36095890410958903,0.0,84.78571428571429,5.321428571428571,128261.50269737144,6.339285714285714,76.2759784735812,4.129561545988259,2019,9755000.0,230070.75471698114
456,SOUTH DAKOTA,BRULE,46015,7.807065331928346,37.795,-26.22307692307692,2.576923076923077,235.73076923076923,970.7225384615384,0.45862486828240256,0.0,81.38461538461539,9.423076923076923,128838.98113033846,5.846153846153846,72.95425711275026,4.016082718651212,2019,2137000.0,45084.38818565401
457,SOUTH DAKOTA,CAMPBELL,46021,4.741650982727814,34.25260869565218,-36.32826086956521,0.6521739130434783,259.39130434782606,771.9905217391305,0.3988552709946397,0.0,81.43478260869566,6.043478260869565,127896.66294010436,5.608695652173913,73.19934484812389,4.0619566408576535,2019,2537000.0,59000.0
458,SOUTH DAKOTA,CHARLES MIX,46023,7.856970156555773,36.62464285714286,-28.171071428571427,2.4642857142857144,232.42857142857142,947.863625,0.47526448140900196,0.0,84.41071428571429,9.982142857142858,133131.09494880002,6.375,71.7420107632094,3.762039530332681,2019,3173000.0,67654.5842217484
459,SOUTH DAKOTA,CLARK,46025,5.303372602739726,33.76533333333334,-35.646,0.03333333333333333,244.3,931.239,0.366474703196347,0.0,89.26666666666667,9.3,128406.52356480001,6.166666666666667,75.05811872146118,4.369912785388128,2019,4913000.0,118958.8377723971
460,SOUTH DAKOTA,CLAY,46027,8.142724505327244,35.849999999999994,-28.242222222222225,2.2222222222222223,230.77777777777777,809.7926666666666,0.45693972602739724,0.0,85.44444444444444,7.666666666666667,127188.7447488,7.666666666666667,73.22270928462709,3.851855707762557,2019,2956000.0,57960.78431372549
461,SOUTH DAKOTA,DEUEL,46039,5.25872602739726,33.45,-34.284375,0.0,244.8125,903.4569375,0.35715753424657537,0.0,92.625,10.0,126699.83318880001,6.9375,75.51239726027397,4.228850856164383,2019,2614000.0,66513.99491094147
462,SOUTH DAKOTA,EDMUNDS,46045,4.933939393939394,33.377575757575755,-34.50636363636364,0.030303030303030304,254.6060606060606,824.6702424242425,0.3580465753424658,0.0,90.21212121212122,6.606060606060606,129588.77346152728,5.0606060606060606,75.64341220423412,4.255104192611042,2019,5094000.0,148081.39534883722
463,SOUTH DAKOTA,GRANT,46051,5.17441095890411,33.00857142857143,-34.96095238095238,0.0,244.38095238095238,845.8066666666667,0.37561448140900194,0.0,86.19047619047619,7.476190476190476,127473.0084288,7.857142857142858,74.23919112850619,4.068452707110241,2019,3679000.0,89951.10024449878
464,SOUTH DAKOTA,HAND,46059,5.865884540117417,35.739999999999995,-33.16595238095238,1.1428571428571428,243.78571428571428,984.0375952380953,0.35710711024135683,0.0,91.30952380952381,10.5,131083.8273545143,3.761904761904762,75.8982257012394,4.1074255055446836,2019,4850000.0,108988.76404494382
465,SOUTH DAKOTA,HUGHES,46065,6.58632434821034,37.88225806451613,-28.09161290322581,1.6129032258064515,245.93548387096774,801.1732580645162,0.40969536014140523,0.0,78.48387096774194,8.064516129032258,131857.7393088,1.2580645161290323,74.02927971718957,4.136332832523199,2019,923000.0,19680.170575692966
466,SOUTH DAKOTA,JERAULD,46073,6.604335616438356,36.22416666666667,-30.215833333333336,1.4166666666666667,234.33333333333334,1026.8965833333334,0.4032431506849315,0.0,87.5,10.833333333333334,129230.9107488,4.833333333333333,74.207899543379,4.107311187214612,2019,1045000.0,22521.55172413793
467,SOUTH DAKOTA,LAKE,46079,6.004001826484019,34.038,-34.76466666666667,0.13333333333333333,238.93333333333334,975.5910666666666,0.35671543378995435,0.0,95.46666666666667,9.133333333333333,126835.75946880001,5.933333333333334,76.6333698630137,4.313705205479453,2019,3067000.0,73023.80952380953
468,SOUTH DAKOTA,LINCOLN,46083,7.446586301369862,35.092,-30.040499999999998,0.8,232.4,901.40505,0.4160446575342466,0.0,91.8,7.1000000000000005,126621.55111680001,6.25,74.80838356164384,3.9958663013698628,2019,3840000.0,78048.78048780488
469,SOUTH DAKOTA,MCCOOK,46087,6.854312785388128,35.10333333333333,-32.9925,0.75,234.0,932.539,0.3980666666666666,0.0,90.75,8.666666666666666,127772.6479488,5.916666666666667,75.0959589041096,4.2374835616438356,2019,2586000.0,55612.903225806454
470,SOUTH DAKOTA,MCPHERSON,46089,4.489981735159817,32.41030303030303,-35.79,0.0,259.75757575757575,754.7774848484848,0.3469120797011208,0.0,82.12121212121212,4.606060606060606,128945.74381789092,6.333333333333333,75.79884599418847,4.337122540473225,2019,2687000.0,73016.3043478261
471,SOUTH DAKOTA,SPINK,46115,5.597949200913242,34.46854166666667,-36.279375,0.22916666666666666,243.97916666666666,938.2430625,0.38050216894977174,0.0,91.29166666666667,9.104166666666666,129145.6596888,5.041666666666667,75.2376198630137,4.094978082191781,2019,9409000.0,225635.4916067146
472,SOUTH DAKOTA,TURNER,46125,7.409433219178082,35.2125,-31.1475,1.0,232.25,892.47975,0.42450821917808224,0.0,90.25,8.6875,127899.4323888,6.5625,74.12058219178083,4.018803253424657,2019,2971000.0,61639.004149377586
473,SOUTH DAKOTA,YANKTON,46135,7.896835616438356,36.15,-30.295,3.25,230.41666666666666,888.4558333333333,0.4511278538812785,0.0,84.66666666666667,8.916666666666666,128130.3259488,5.833333333333333,73.36675799086757,3.835760502283105,2019,2356000.0,45658.91472868217
474,TEXAS,MATAGORDA,48321,21.661557428872495,35.27442307692308,-0.028653846153846165,9.538461538461538,67.23076923076923,1264.6412307692308,0.6209319283456269,0.0,105.46153846153847,12.115384615384615,150190.83883495384,3.4038461538461537,79.1008746048472,6.576272339304531,2019,36000.0,1139.240506329114
475,TEXAS,WHARTON,48481,21.061370547945206,37.12375,-2.034,27.225,90.3,1114.5205,0.7400194520547946,0.0,106.125,10.0,150976.3604688,3.925,75.40326712328768,5.695201643835616,2019,248000.0,8406.77966101695
476,ARKANSAS,ARKANSAS,05001,17.222046226554422,35.08486486486486,-3.825135135135135,1.972972972972973,145.51351351351352,1735.659135135135,0.6193525328607297,0.0,105.94594594594595,21.7027027027027,145847.64973543785,6.162162162162162,75.0505316792202,5.427941515285777,2020,9573000.0,161706.08108108107
477,ARKANSAS,ASHLEY,05003,18.025196721311474,35.431,-3.346,2.85,127.8,1987.9836,0.6293901639344263,0.0,106.7,23.3,146234.5141536,6.85,75.35346994535519,5.311613934426229,2020,2715000.0,49007.220216606496
478,ARKANSAS,CHICOT,05017,18.3411839708561,34.79600000000001,-4.343999999999999,2.0,126.8,1840.5731333333333,0.6819,0.0,104.33333333333333,21.8,151231.0844736,6.733333333333333,73.97318761384335,5.7822743169398905,2020,8796000.0,163191.09461966605
479,ARKANSAS,CLAY,05021,15.711673497267759,35.770625,-9.305,3.625,175.875,1310.6958750000001,0.5953253073770491,0.0,102.5625,14.0,144095.8174776,4.6875,73.92535860655738,4.862516564207651,2020,5398000.0,101275.79737335835
480,ARKANSAS,CONWAY,05029,15.93132422586521,35.394666666666666,-6.519333333333334,2.6666666666666665,172.33333333333334,1470.0882666666666,0.5861367941712204,0.0,108.66666666666667,15.333333333333334,138304.0846656,7.666666666666666,73.83216757741349,2.800299089253188,2020,538000.0,16204.819277108432
481,ARKANSAS,CRAIGHEAD,05031,15.941516393442624,35.5625,-8.358125,2.6875,170.625,1365.91975,0.5824395491803279,0.0,103.5625,17.125,142617.7661976,8.125,74.69487704918033,5.233749658469946,2020,3810000.0,78234.08624229979
482,ARKANSAS,CRITTENDEN,05035,16.77160953800298,34.932272727272725,-6.768636363636364,1.7272727272727273,155.77272727272728,1467.6079545454545,0.6247636612021857,0.0,109.68181818181819,19.363636363636363,142372.97050123638,8.681818181818182,73.5633258817685,5.235757948335817,2020,9898000.0,196388.8888888889
483,ARKANSAS,CROSS,05037,16.293887978142077,35.149,-6.834999999999999,1.7000000000000002,163.2,1494.7265,0.595325956284153,0.0,101.2,19.5,142143.2905536,9.2,74.1907650273224,5.388039071038252,2020,6522000.0,129404.76190476191
484,ARKANSAS,DESHA,05041,17.753179417122038,35.04866666666667,-4.397333333333333,2.0,133.73333333333332,1895.132,0.6433059198542804,0.0,101.5,24.766666666666666,148341.57327360002,6.533333333333333,74.7109927140255,5.533325318761384,2020,8257000.0,144101.22164048866
485,ARKANSAS,DREW,05043,17.600599726775954,35.136,-3.457,1.6,135.05,1987.3602,0.6157051912568305,0.0,100.9,25.7,146074.1717376,6.55,75.07463114754098,5.071175273224044,2020,1610000.0,28395.06172839506
486,ARKANSAS,FAULKNER,05045,16.00504889272361,36.176842105263155,-6.824210526315789,3.9473684210526314,170.8421052631579,1426.1445263157896,0.5866484037963762,0.0,105.21052631578948,16.05263157894737,137347.90111023159,8.263157894736842,74.12338222605695,3.3732111015243027,2020,262000.0,7797.619047619048
487,ARKANSAS,FRANKLIN,05047,15.679358727097396,34.64,-5.985294117647059,2.5294117647058822,166.64705882352942,1721.7004705882352,0.5919419800707169,0.0,109.88235294117646,21.0,139593.2627587765,8.411764705882353,72.44212471873995,2.3409508196721314,2020,85800.0,2300.2680965147456
488,ARKANSAS,GREENE,05055,15.8637263556116,35.64,-8.96923076923077,2.8461538461538463,169.76923076923077,1377.9142307692307,0.5914018495166037,0.0,104.61538461538461,15.846153846153847,142848.21605760002,7.6923076923076925,74.12227826817991,4.986587431693989,2020,3100000.0,66098.08102345416
489,ARKANSAS,INDEPENDENCE,05063,15.603278688524592,36.91230769230769,-8.42653846153846,3.730769230769231,174.26923076923077,1463.8831923076923,0.5718568726355612,0.0,108.07692307692308,16.26923076923077,139783.27641452308,8.115384615384615,73.79136191677176,3.656712904581757,2020,965000.0,22389.791183294663
490,ARKANSAS,JACKSON,05067,15.709771857923498,35.494,-7.839499999999999,2.05,173.75,1541.9877999999999,0.5357760928961749,0.0,106.95,19.95,140300.44594560002,8.1,75.96737704918033,4.964408743169399,2020,3816000.0,93990.14778325123
491,ARKANSAS,JEFFERSON,05069,17.003690476190478,34.871428571428574,-4.9750000000000005,1.1785714285714286,150.07142857142858,1767.5227857142856,0.6231543715846994,0.0,107.78571428571429,22.571428571428573,145142.8821833143,6.321428571428571,74.22783957845434,5.110413153786105,2020,4369000.0,78297.49103942653
492,ARKANSAS,JOHNSON,05071,15.377083692838655,33.75526315789474,-6.968421052631579,1.4736842105263157,171.8421052631579,1631.8477368421052,0.5748410986482599,0.0,115.10526315789474,18.94736842105263,139028.73398602105,9.526315789473683,72.31379062410123,2.2503816508484324,2020,125000.0,3602.3054755043227
493,ARKANSAS,LAFAYETTE,05073,17.968662909836066,34.655625,-4.801875,0.5,130.25,1617.9635,0.5716712773224043,0.0,108.875,21.1875,141712.4291976,5.375,76.9129269125683,4.374385587431695,2020,328000.0,6177.024482109227
494,ARKANSAS,LAWRENCE,05075,15.652682149362478,35.90222222222222,-8.862777777777778,2.611111111111111,175.77777777777777,1459.0121666666666,0.5441397996357012,0.0,107.33333333333333,15.833333333333334,141991.22165760002,7.555555555555555,75.57651791135397,4.630670916818458,2020,2059000.0,47995.337995338
495,ARKANSAS,LEE,05077,16.66543520686963,34.855000000000004,-4.316428571428571,0.5714285714285714,155.64285714285714,1552.3124285714287,0.5523030835284933,0.0,107.71428571428571,20.5,146233.08972617143,6.714285714285714,76.54275956284154,5.36516237314598,2020,6198000.0,111474.82014388489
496,ARKANSAS,LINCOLN,05079,17.280013661202187,34.794285714285714,-4.247857142857143,0.9285714285714286,144.21428571428572,1872.7839285714285,0.6196221701795472,0.0,106.35714285714286,25.142857142857142,146574.9652690286,5.642857142857142,74.64711163153785,5.190864558938329,2020,2803000.0,51336.99633699634
497,ARKANSAS,LOGAN,05083,16.24639951426837,35.30851851851852,-4.338148148148148,3.7037037037037037,162.74074074074073,1841.696962962963,0.6264180327868852,0.0,107.03703703703704,19.48148148148148,140774.8291776,7.148148148148148,71.90728597449909,2.3426257842541993,2020,214000.0,5706.666666666667
498,ARKANSAS,LONOKE,05085,16.513874128509514,35.740344827586206,-5.563448275862069,2.7586206896551726,160.51724137931035,1557.757827586207,0.6001609195402299,0.0,104.72413793103448,19.413793103448278,140946.6521624276,7.9655172413793105,74.82665347654041,5.052118240060298,2020,4351000.0,91407.56302521008
499,ARKANSAS,MISSISSIPPI,05093,16.423330689229687,35.082258064516125,-8.002903225806453,1.3548387096774195,162.83870967741936,1320.825193548387,0.6343377401727481,0.0,103.96774193548387,15.161290322580646,140838.77864856774,10.064516129032258,72.69270227392914,5.194500969504672,2020,13610000.0,254868.91385767792
500,ARKANSAS,MONROE,05095,16.70567281420765,35.020833333333336,-4.673333333333333,1.4166666666666667,153.75,1624.0504583333334,0.5653921903460838,0.0,107.33333333333333,19.75,143555.79677760002,8.375,76.42745901639344,5.483126252276867,2020,4014000.0,78860.51080550099
501,ARKANSAS,PHILLIPS,05107,17.065413739266198,34.972857142857144,-3.4142857142857146,0.9047619047619047,147.66666666666666,1691.0642857142857,0.5634597970335675,0.0,103.9047619047619,20.61904761904762,147527.23768045715,6.19047619047619,76.83947436898256,5.384849076242519,2020,9940000.0,179099.0990990991
502,ARKANSAS,POINSETT,05111,16.16677424863388,35.516875,-7.725,1.875,167.3125,1410.19575,0.6020708674863388,0.0,99.1875,17.625,141937.03895760002,7.8125,73.97296789617486,5.415466017759563,2020,8392000.0,161695.56840077072
503,ARKANSAS,PRAIRIE,05117,16.550016631028747,35.40521739130435,-5.137391304347826,1.9565217391304348,157.34782608695653,1567.869304347826,0.585552625326681,0.0,104.3913043478261,19.608695652173914,142185.76622107826,8.347826086956522,75.46520551199811,5.374910311237824,2020,5005000.0,100100.0
504,ARKANSAS,PULASKI,05119,16.487580725285643,36.197272727272725,-5.402727272727272,4.9393939393939394,162.24242424242425,1485.3237575757576,0.6246661698956781,0.0,107.51515151515152,17.93939393939394,138526.75039941818,8.333333333333334,73.45288127173373,3.919467875476072,2020,575000.0,16016.713091922005
505,ARKANSAS,RANDOLPH,05121,15.476196433707218,36.34,-9.698421052631579,3.9473684210526314,179.42105263157896,1473.5345263157894,0.564374460742019,0.0,105.05263157894737,14.736842105263158,142408.0285207579,8.210526315789474,74.15145240149555,3.8979506758700024,2020,1142000.0,25209.713024282562
506,ARKANSAS,SEBASTIAN,05131,16.252803582270797,35.50833333333333,-4.953333333333333,4.333333333333333,163.5,1654.8375555555556,0.6605343047965999,0.0,100.5,18.88888888888889,141546.1776576,8.333333333333334,71.50883424408015,2.4167012750455372,2020,130000.0,3903.9039039039044
507,ARKANSAS,ST. FRANCIS,05123,16.522947176684884,34.97933333333334,-5.288666666666667,1.0666666666666667,158.53333333333333,1492.0234,0.5848861566484517,0.0,105.26666666666667,20.4,144339.7455936,8.266666666666666,74.93315118397085,5.394777595628415,2020,6926000.0,137968.12749003983
508,ARKANSAS,WHITE,05145,15.872888790429773,35.96675675675676,-7.36945945945946,2.081081081081081,169.6216216216216,1461.5191621621623,0.5683458130261408,0.0,106.75675675675676,17.972972972972972,138266.91653760002,9.432432432432433,74.54404814650717,4.132643036479102,2020,1020000.0,21294.36325678497
509,ARKANSAS,WOODRUFF,05147,16.129938524590163,35.3545,-6.645999999999999,1.65,164.95,1508.4362,0.5537516393442623,0.0,105.05,19.6,140899.0921056,8.4,76.01094262295082,5.420652732240438,2020,5867000.0,115492.12598425198
510,ARKANSAS,YELL,05149,16.30722852739246,34.79615384615384,-5.121025641025641,2.5384615384615383,159.76923076923077,1764.2428205128206,0.6285189855681659,0.0,110.3076923076923,18.974358974358974,139938.29906067692,7.230769230769231,71.68310214375788,2.2991476810985008,2020,276000.0,6494.117647058823
511,KANSAS,ALLEN,20001,13.952629781420766,36.16875,-14.95,5.375,192.0,1117.596375,0.6240894808743169,0.0,84.0,14.125,142249.5418176,4.875,71.58712431693989,3.7132373633879783,2020,2402000.0,72787.87878787878
512,KANSAS,ANDERSON,20003,13.692090163934427,34.98833333333334,-15.637500000000001,1.25,191.66666666666666,1065.9631666666667,0.6210530510018215,0.0,81.75,12.416666666666666,142779.1255776,3.75,70.58321948998179,3.7228283242258655,2020,3074000.0,82192.51336898396
513,KANSAS,ATCHISON,20005,12.76755009107468,34.60666666666666,-19.171666666666667,0.5,198.83333333333334,878.7346666666666,0.6015009107468124,0.0,75.83333333333333,10.333333333333334,142972.7098176,5.333333333333333,69.18392531876138,3.52326912568306,2020,3512000.0,71093.11740890688
514,KANSAS,BARTON,20009,12.954461748633879,37.197500000000005,-13.376,16.35,211.75,800.2606,0.7337494535519126,0.55,55.6,8.6,157292.3166336,3.4,66.11882513661203,4.498088114754099,2020,1598000.0,36990.74074074074
515,KANSAS,BOURBON,20011,14.201869307832423,35.62666666666667,-13.667499999999999,5.5,187.58333333333334,1329.4858333333334,0.6391787340619307,0.0,89.58333333333333,17.833333333333332,141471.60197760002,6.333333333333333,70.8365209471767,3.403071265938069,2020,1596000.0,45600.0
516,KANSAS,BROWN,20013,12.307042349726775,34.6475,-17.896666666666665,0.6666666666666666,204.25,903.7613333333334,0.5619822404371585,0.0,72.33333333333333,10.583333333333334,143430.5952576,5.5,70.5591985428051,3.6888907103825135,2020,6953000.0,121555.94405594406
517,KANSAS,BUTLER,20015,13.741081511839708,35.33888888888889,-14.848333333333333,3.0555555555555554,192.75,1024.6590277777777,0.6447088646023073,0.0,74.63888888888889,11.36111111111111,147923.54669760002,6.638888888888889,69.92407407407407,4.120703551912569,2020,2994000.0,87288.62973760934
518,KANSAS,CHASE,20017,13.484706284153006,34.8915,-17.429499999999997,1.5499999999999998,194.6,947.78875,0.6484024590163935,0.0,74.15,8.65,146753.5120416,5.35,68.88275956284153,4.019832923497267,2020,933000.0,23501.259445843825
519,KANSAS,CHEROKEE,20021,14.471798724954462,34.637499999999996,-11.5675,0.41666666666666663,184.25,1440.3865,0.5833863843351549,0.0,96.08333333333333,18.0,141506.2742976,8.75,73.03923041894353,3.2740414389799635,2020,4534000.0,114494.94949494948
520,KANSAS,CHEYENNE,20023,11.569194964871194,40.10285714285715,-17.208928571428572,35.464285714285715,237.57142857142858,378.0392857142857,0.9262679547228727,12.678571428571429,53.42857142857143,1.6071428571428572,162586.07851474287,1.1428571428571428,56.27216042154567,4.308935206869633,2020,411000.0,6618.357487922705
521,KANSAS,CLAY,20027,12.754281079234971,36.691250000000004,-15.570625,5.6875,210.3125,963.785625,0.672193818306011,0.0,64.0,10.5,148090.2617376,4.125,67.35124658469945,3.8140688183060107,2020,5548000.0,106897.88053949903
522,KANSAS,CLOUD,20029,12.814204614450517,37.263333333333335,-15.484444444444442,10.166666666666666,210.22222222222223,983.5863888888889,0.7242455980570736,0.05555555555555555,65.38888888888889,9.166666666666666,150028.9238976,4.333333333333333,65.32205525197328,3.9984028536733454,2020,4586000.0,102595.07829977627
523,KANSAS,COFFEY,20031,13.52353369763206,35.339999999999996,-17.24,1.1666666666666667,192.91666666666666,986.5509166666667,0.6101955828779599,0.0,79.83333333333333,10.166666666666666,143341.7630976,5.0,70.7594262295082,3.863410974499089,2020,2953000.0,77303.66492146597
524,KANSAS,COWLEY,20035,14.412027550091073,35.635,-12.775833333333333,4.666666666666667,185.625,1122.1949583333333,0.69409779143898,0.0,79.25,13.25,150720.4433376,5.625,68.23055555555555,4.033157673041894,2020,3295000.0,88101.60427807487
525,KANSAS,CRAWFORD,20037,14.297700364298723,34.83833333333333,-12.535833333333334,1.3333333333333333,187.5,1308.7149166666668,0.5990145719489982,0.0,95.33333333333333,16.75,141419.8814976,8.333333333333334,72.4558970856102,3.41404485428051,2020,2362000.0,72901.23456790124
526,KANSAS,DICKINSON,20041,13.339466666666668,36.596,-14.918,12.6,201.16,722.42852,0.7169416393442624,0.0,67.04,7.04,148846.85608320002,4.44,67.06707103825136,3.905450819672131,2020,4560000.0,111491.44254278729
527,KANSAS,DONIPHAN,20043,12.234993169398907,33.774166666666666,-19.691666666666666,0.0,205.5,1064.1668333333332,0.5274949908925318,0.0,75.75,13.166666666666666,143347.42445760002,7.333333333333333,72.41163479052823,3.3684162112932605,2020,3650000.0,62607.20411663808
528,KANSAS,DOUGLAS,20045,13.390833333333333,34.723749999999995,-18.0075,1.75,192.5,1062.84,0.6000983606557377,0.0,76.5,11.75,141030.2779776,6.5,70.39381830601093,3.371611338797814,2020,1723000.0,39700.46082949309
529,KANSAS,EDWARDS,20047,13.472469945355192,39.64666666666667,-12.552666666666665,28.133333333333333,204.53333333333333,684.7759333333333,0.8233655737704919,6.133333333333333,59.06666666666666,7.066666666666666,161389.3208256,2.8666666666666667,64.07296903460838,4.6136029143898,2020,1476000.0,23098.591549295776
530,KANSAS,ELLSWORTH,20053,13.21937462052216,37.14833333333333,-13.823888888888888,18.5,209.05555555555554,748.35,0.7647917425622344,0.9444444444444444,60.55555555555556,8.055555555555555,154401.34277760002,4.166666666666667,65.32530358227079,4.478320582877959,2020,929000.0,22493.946731234868
531,KANSAS,FORD,20057,13.336131928181109,40.13428571428572,-12.457142857142857,35.82142857142857,212.03571428571428,544.5818571428572,0.8790143442622951,9.0,56.214285714285715,3.5357142857142856,164489.30326902858,2.5357142857142856,62.06883294301327,4.75171887197502,2020,702000.0,11396.103896103896
532,KANSAS,FRANKLIN,20059,13.47606329690346,34.901666666666664,-16.44,1.0,194.25,1045.8640833333334,0.6042896174863388,0.0,76.16666666666667,10.25,140970.70229760002,5.166666666666667,70.72675318761384,3.5040512295081965,2020,3292000.0,82094.76309226932
533,KANSAS,GEARY,20061,13.067119004250152,35.73888888888889,-15.71888888888889,6.0,201.88888888888889,874.9658888888889,0.6737777777777778,0.0,68.77777777777777,8.88888888888889,147845.1149376,4.111111111111111,67.67856709168184,3.7551150576806314,2020,884000.0,17609.561752988047
534,KANSAS,GREENWOOD,20073,13.860625379477838,35.93138888888889,-15.33861111111111,2.555555555555556,193.19444444444446,1214.138861111111,0.6468979963570127,0.0,74.19444444444444,13.5,143849.8188576,5.194444444444445,69.55840922890104,3.8850361262902244,2020,1046000.0,32687.5
535,KANSAS,HARPER,20077,14.568910746812385,39.372,-10.597333333333333,36.266666666666666,198.33333333333334,818.0414666666667,0.7951289617486339,2.466666666666667,67.13333333333334,9.266666666666667,159076.9475136,5.333333333333333,66.7552276867031,4.118875227686703,2020,684000.0,21111.111111111113
536,KANSAS,HARVEY,20079,13.639453551912569,36.468,-15.103,11.3,200.3,842.2287,0.6946825136612023,0.2,74.9,8.5,151449.7075776,5.2,68.59882513661202,4.149173770491803,2020,3554000.0,100112.67605633802
537,KANSAS,HASKELL,20081,12.95337659380692,39.18083333333333,-15.075000000000001,35.833333333333336,224.5,481.58591666666666,0.899898451730419,8.333333333333334,52.0,4.416666666666666,168425.45213760002,1.5833333333333335,60.61072404371585,4.599037568306011,2020,589000.0,9231.974921630095
538,KANSAS,JACKSON,20085,12.8509631147541,35.574374999999996,-16.710625,1.625,200.8125,904.4528124999999,0.6312155054644809,0.0,70.9375,11.125,144001.60043760002,5.0,68.4484118852459,3.636824112021858,2020,2468000.0,52399.15074309979
539,KANSAS,JEFFERSON,20087,13.119681238615664,35.119166666666665,-16.986666666666668,1.0,196.0,975.1923333333333,0.6226723588342441,0.0,75.5,11.75,141814.5768576,6.083333333333334,68.85029599271402,3.470801912568306,2020,2319000.0,50194.805194805194
540,KANSAS,JEWELL,20089,12.41068533697632,36.04666666666667,-16.028333333333332,14.166666666666666,215.0,759.485125,0.7174598132969034,1.5416666666666667,67.91666666666667,7.666666666666667,150987.1327776,4.875,65.47118624772314,4.118855418943534,2020,5405000.0,115000.0
541,KANSAS,KINGMAN,20095,14.186112412177986,38.602380952380955,-11.598571428571429,28.476190476190474,197.47619047619048,747.0458571428571,0.7916286755139214,3.4761904761904763,66.85714285714286,8.142857142857142,156771.48677760002,3.2857142857142856,65.74497788186314,4.420069476971117,2020,638000.0,18492.753623188404
542,KANSAS,KIOWA,20097,13.613182149362478,40.08133333333333,-12.165333333333333,27.2,205.13333333333333,678.128,0.8297666666666667,5.133333333333333,59.8,5.466666666666667,162426.25157760002,3.6666666666666665,64.10377049180327,4.665785428051002,2020,794000.0,14896.810506566604
543,KANSAS,LABETTE,20099,14.526937613843353,34.975,-11.516666666666666,2.0833333333333335,183.5,1408.5975833333332,0.6123472222222222,0.0,94.75,17.166666666666668,141713.2145376,8.166666666666666,72.11518670309654,3.4694567395264113,2020,3002000.0,81798.3651226158
544,KANSAS,LEAVENWORTH,20103,13.060227686703096,34.73166666666666,-17.183333333333334,0.6666666666666666,196.91666666666666,868.84075,0.5881691712204007,0.0,73.25,8.583333333333334,140391.45797760002,7.666666666666667,70.79519581056466,3.1922877959927143,2020,1835000.0,38794.926004228335
545,KANSAS,LINCOLN,20105,13.107367941712205,37.16833333333333,-14.04,21.055555555555557,213.72222222222223,866.4601111111111,0.7597100789313904,1.0555555555555556,57.5,9.88888888888889,154479.13541760002,4.0,65.09031572556162,4.1123557984213726,2020,1827000.0,43293.83886255924
546,KANSAS,LINN,20107,13.880958561020035,35.3525,-15.225833333333334,5.666666666666667,190.33333333333334,1244.7043333333334,0.6312244990892532,0.0,85.75,14.916666666666666,140697.0115776,4.5,70.46117941712204,3.320787568306011,2020,2736000.0,68400.0
547,KANSAS,LYON,20111,13.365446265938068,35.122499999999995,-18.927083333333332,1.5416666666666667,198.16666666666666,980.0732083333334,0.6323414162112933,0.0,76.625,11.5,143951.6884176,5.041666666666667,69.56456056466303,3.832509335154827,2020,3224000.0,89805.01392757661
548,KANSAS,MARION,20115,13.453146448087432,35.724000000000004,-16.4568,5.36,196.64000000000001,859.77784,0.6744544262295082,0.0,74.96,9.0,148879.38533760002,4.64,68.48503825136612,4.181531584699454,2020,3430000.0,115488.21548821549
549,KANSAS,MARSHALL,20117,12.226205601092897,36.60666666666667,-16.952916666666667,2.4166666666666665,208.08333333333334,860.1637916666667,0.6273870673952642,0.0,69.16666666666667,9.708333333333334,144311.0569776,5.208333333333333,68.29170081967213,3.7957667349726774,2020,6873000.0,160960.18735362997
550,KANSAS,MCPHERSON,20113,13.364080601092896,36.554500000000004,-15.352500000000001,13.05,203.8,787.6892,0.7036304644808743,0.15,70.35,7.6,151775.7021216,4.45,68.14494535519125,4.271519672131148,2020,3367000.0,111490.06622516556
551,KANSAS,MEADE,20119,13.609353369763207,39.94916666666666,-14.822916666666666,40.416666666666664,214.08333333333334,517.6570833333334,0.9331128187613844,9.25,51.583333333333336,4.875,168480.15845760002,2.125,60.344353369763205,4.377730874316939,2020,1316000.0,18002.735978112178
552,KANSAS,MIAMI,20121,13.610546448087431,35.5575,-16.065,2.416666666666667,189.08333333333334,1014.4739166666667,0.6309902094717669,0.0,78.16666666666667,11.5,139039.2108576,6.416666666666667,69.80972222222222,3.3249469489981784,2020,2499000.0,51104.29447852761
553,KANSAS,MITCHELL,20123,12.82864146933819,37.38722222222222,-14.780000000000001,16.444444444444443,213.77777777777777,919.5696111111112,0.727197328476017,0.7222222222222222,60.0,9.777777777777779,152579.94869760002,4.055555555555555,65.61498178506375,4.022628718882817,2020,3401000.0,77295.45454545454
554,KANSAS,MONTGOMERY,20125,14.627618397085609,36.87583333333333,-11.6225,3.8333333333333335,183.66666666666666,1265.7753333333333,0.6376889799635702,0.0,89.08333333333333,14.083333333333334,141995.4977376,6.5,71.39253187613843,3.5296234061930782,2020,2865000.0,70393.12039312039
555,KANSAS,MORRIS,20127,13.112650273224043,35.166666666666664,-17.787777777777777,2.111111111111111,198.61111111111111,821.4023888888889,0.653944292653309,0.0,74.05555555555556,8.722222222222221,147918.56741760002,4.277777777777778,68.07389192471159,4.082031724347298,2020,2078000.0,51691.54228855721
556,KANSAS,NEMAHA,20131,12.38154713114754,35.98,-17.375,1.5625,204.0,814.0596875,0.6123328210382514,0.0,67.0625,8.4375,144487.7159976,4.6875,68.63666325136612,3.837801400273224,2020,5571000.0,121903.71991247265
557,KANSAS,NEOSHO,20133,14.264867941712204,36.05583333333333,-13.193333333333333,4.333333333333333,187.91666666666666,1373.6128333333334,0.6197463570127505,0.0,93.08333333333333,15.166666666666666,142202.1996576,6.416666666666667,71.80992714025501,3.579007969034608,2020,1959000.0,62388.53503184714
558,KANSAS,NORTON,20137,12.231464480874317,37.964,-16.4865,26.8,227.3,472.27845,0.8369301912568305,6.0,55.25,3.7,157467.6261216,2.8,61.483251366120214,4.345679098360656,2020,845000.0,26000.0
559,KANSAS,OSAGE,20139,13.4389924863388,35.568125,-19.66,3.5625,195.1875,950.03575,0.6482587090163935,0.0,76.875,11.0625,142938.9484776,4.4375,68.9338456284153,3.7705901639344264,2020,3315000.0,88400.0
560,KANSAS,OSBORNE,20141,12.821310336976321,38.3525,-14.495,19.541666666666668,216.16666666666666,799.9647916666667,0.7783093123861565,1.5416666666666667,59.208333333333336,7.083333333333333,155438.3574576,4.833333333333333,63.5897427140255,4.252726092896175,2020,1913000.0,49688.31168831169
561,KANSAS,OTTAWA,20143,12.998872191863995,36.79611111111112,-14.58888888888889,13.166666666666666,210.38888888888889,918.8022222222222,0.707350789313904,0.0,59.0,9.833333333333334,150950.10437760002,4.944444444444445,66.61334244080146,3.9276929265330907,2020,3029000.0,68997.72209567198
562,KANSAS,PAWNEE,20145,13.099081446786366,38.99190476190476,-12.864761904761902,24.095238095238095,209.95238095238096,755.5758571428571,0.7722957325006504,2.571428571428571,56.666666666666664,8.857142857142858,160092.82168045716,4.095238095238095,65.24020296643248,4.463044236273745,2020,1043000.0,18395.06172839506
563,KANSAS,PHILLIPS,20147,12.314019808743168,38.78125,-14.974166666666667,25.166666666666668,223.0,644.8959583333333,0.8087690118397085,3.875,60.666666666666664,6.291666666666667,154930.1972976,3.25,62.484426229508195,4.115185223132969,2020,1077000.0,39306.5693430657
564,KANSAS,POTTAWATOMIE,20149,12.650551507791945,35.80888888888889,-16.166296296296295,2.6666666666666665,207.37037037037038,735.3756296296297,0.6305617283950617,0.0,63.96296296296296,7.962962962962963,144942.2445376,5.2592592592592595,68.74608378870674,3.5843366727383117,2020,2070000.0,45196.50655021834
565,KANSAS,PRATT,20151,13.757413479052822,38.74466666666667,-12.171333333333333,25.333333333333332,204.06666666666666,731.8204666666667,0.7959872495446266,3.1333333333333333,65.2,7.466666666666667,159467.2531776,3.8666666666666667,65.35455373406192,4.497210200364298,2020,2297000.0,41992.6873857404
566,KANSAS,RENO,20155,13.69999231557377,37.6875,-12.99625,19.0625,201.375,845.648875,0.7329363046448087,2.40625,69.25,9.625,154913.53973760002,5.15625,67.46704234972678,4.3341689719945355,2020,3378000.0,88894.73684210527
567,KANSAS,REPUBLIC,20157,12.310787795992713,35.794444444444444,-16.589444444444446,4.888888888888889,211.55555555555554,942.4102777777778,0.6757923497267759,0.3333333333333333,70.77777777777777,8.0,148762.2475776,5.611111111111111,66.70622343655131,4.002676533090468,2020,5808000.0,115009.900990099
568,KANSAS,RICE,20159,13.20407650273224,37.24333333333333,-13.315333333333333,17.2,208.0,818.5370666666666,0.7248666666666667,1.4666666666666668,63.86666666666667,8.4,154788.0313536,5.8,67.59158469945355,4.395008378870673,2020,2213000.0,61988.79551820728
569,KANSAS,RILEY,20161,12.755566318926974,35.807272727272725,-15.759545454545453,4.2272727272727275,206.95454545454547,824.4663636363637,0.6529805017386985,0.0,63.86363636363636,9.136363636363637,146443.58436305454,4.954545454545455,67.93612767014406,3.6449729259811225,2020,1897000.0,39194.21487603306
570,KANSAS,ROOKS,20163,12.792622950819673,38.78541666666667,-14.0075,28.333333333333332,219.375,627.0417916666667,0.8344747267759564,4.208333333333333,56.208333333333336,6.291666666666667,157134.36641760002,3.6666666666666665,61.836327413479054,4.335043032786885,2020,757000.0,25488.21548821549
571,KANSAS,RUSSELL,20167,13.02061612021858,37.485,-13.7105,23.0,214.9,766.0249,0.7847994535519126,1.8,52.75,8.35,157117.42143360002,4.55,63.916311475409834,4.375369945355191,2020,490000.0,11694.510739856802
572,KANSAS,SALINE,20169,13.390193078324225,37.16466666666667,-14.112666666666666,18.8,206.13333333333333,763.1527333333333,0.7320761384335155,0.26666666666666666,64.26666666666667,7.866666666666667,150323.2445376,4.866666666666666,66.9935883424408,3.9939409836065574,2020,2734000.0,69390.86294416244
573,KANSAS,SEDGWICK,20173,14.008553936450113,36.69851851851852,-13.596666666666668,14.11111111111111,196.25925925925927,791.6934444444445,0.7102174660999797,0.4444444444444444,72.29629629629629,7.037037037037037,152840.0608576,6.333333333333333,68.6634790528233,4.034609087229305,2020,3795000.0,107507.08215297452
574,KANSAS,SEWARD,20175,13.520692167577414,40.99333333333333,-16.633333333333333,47.833333333333336,218.08333333333334,433.0175,0.9756236338797815,16.666666666666668,48.166666666666664,3.25,170224.24469760002,1.5,59.399408014571954,4.543104735883424,2020,554000.0,9141.914191419142
575,KANSAS,SHAWNEE,20177,13.226193078324226,35.690000000000005,-17.03666666666667,2.2,198.2,1007.1290666666666,0.6306391621129326,0.0,73.46666666666667,11.6,143249.2808256,4.4,69.0496174863388,3.472356830601093,2020,1664000.0,40096.385542168675
576,KANSAS,SHERIDAN,20179,12.270469945355192,38.2895,-15.593,30.5,229.65,361.22365,0.8645965846994534,7.3,48.25,2.5,166141.0478016,0.45,59.874453551912566,4.670109016393442,2020,946000.0,15899.159663865546
577,KANSAS,SMITH,20183,12.390356329690347,39.1575,-15.459166666666667,22.416666666666668,221.08333333333334,638.7998333333334,0.7811067850637523,3.875,61.375,6.5,153443.8274976,3.75,63.36928506375227,4.15384847449909,2020,3311000.0,88293.33333333333
578,KANSAS,STAFFORD,20185,13.359648907103827,37.9825,-12.716,19.55,205.75,798.89315,0.7522331967213114,2.9,62.5,9.85,158715.3807936,4.35,66.57392076502732,4.497997950819673,2020,876000.0,20000.0
579,KANSAS,STEVENS,20189,13.375688524590165,40.507333333333335,-16.188666666666666,43.0,217.06666666666666,472.5462,0.963547723132969,16.333333333333332,50.46666666666667,4.4,173441.47973760002,0.4666666666666667,59.12604735883425,4.713343533697632,2020,320000.0,5161.290322580645
580,KANSAS,SUMNER,20191,14.511835480093676,37.45392857142857,-12.242499999999998,19.57142857142857,189.89285714285714,910.1256071428571,0.7313192818110851,0.6785714285714286,74.46428571428571,10.071428571428571,154041.54187474286,5.321428571428571,68.55227361436378,4.04737656128025,2020,5502000.0,180986.84210526317
581,KANSAS,THOMAS,20193,11.982448282591726,39.61607142857143,-15.641785714285716,33.607142857142854,234.85714285714286,265.63582142857143,0.9171905737704918,11.142857142857142,41.857142857142854,1.0,174227.93913188574,0.8928571428571429,57.028610460577674,4.760733216237314,2020,903000.0,19802.631578947367
582,KANSAS,WABAUNSEE,20197,13.047694851883808,35.62105263157895,-17.283684210526314,2.052631578947368,201.0,796.6826842105263,0.6469414725337935,0.0,69.89473684210526,8.789473684210526,147033.1273839158,4.0,68.26417888984757,3.7821163359217715,2020,1500000.0,35799.522673031024
583,KANSAS,WASHINGTON,20201,12.254308970856103,36.52708333333333,-16.73125,3.25,210.54166666666666,934.78325,0.6532831284153005,0.0,70.04166666666667,9.0,146782.8972576,5.25,67.5688752276867,3.8942758424408015,2020,6052000.0,133893.8053097345
584,KANSAS,WILSON,20205,14.358581511839708,37.655833333333334,-13.0075,7.583333333333333,188.58333333333334,1366.46725,0.6489141621129325,0.0,83.66666666666667,17.666666666666668,143324.6040576,5.583333333333333,70.98021402550091,3.6475439435336976,2020,2348000.0,80410.95890410959
585,KANSAS,WOODSON,20207,13.885918715846994,36.84875,-14.95875,6.5,192.375,1199.47425,0.6292698087431694,0.0,81.875,15.625,143378.97017760001,5.0,71.31137295081967,3.770654030054645,2020,1387000.0,41903.32326283988
586,NORTH DAKOTA,ADAMS,38001,7.107533532041728,35.06393939393939,-28.374242424242425,1.5151515151515151,272.6363636363636,364.9189393939394,0.584958188441795,0.2727272727272727,37.21212121212121,1.9696969696969697,147394.29658123638,0.0,63.86063917867196,4.319004470938897,2020,253000.0,14882.35294117647
587,NORTH DAKOTA,BARNES,38003,6.128786999089253,34.019375000000004,-30.421041666666667,0.4166666666666667,250.02083333333334,528.7148541666667,0.4314104622040073,0.020833333333333332,54.375,5.4375,136833.2600976,1.9583333333333335,72.70114412568306,4.567635473588343,2020,9989000.0,261492.14659685863
588,NORTH DAKOTA,BENSON,38005,5.171577247888723,33.63072727272727,-32.01109090909091,0.21818181818181817,265.2909090909091,389.8779818181818,0.4067078489816195,0.0,46.89090909090909,2.4545454545454546,135539.8317085091,1.6727272727272728,73.45337307501241,4.557516840536513,2020,4848000.0,151500.0
589,NORTH DAKOTA,BOTTINEAU,38009,4.661631602914389,35.21216666666667,-33.02283333333334,1.0,278.55,329.95821666666666,0.44617322404371584,0.0,46.916666666666664,1.8666666666666667,135811.2148416,1.85,70.01288706739527,4.2083478142076505,2020,6381000.0,211993.35548172757
590,NORTH DAKOTA,BURKE,38013,4.724710530202334,34.84945945945946,-33.598108108108114,0.6486486486486487,283.7567567567568,241.8068918918919,0.45747378526067056,0.0,36.67567567567568,1.3243243243243246,137818.41507165408,1.2972972972972974,69.36634913602127,4.651326982720425,2020,732000.0,36783.91959798995
591,NORTH DAKOTA,BURLEIGH,38015,6.163717502897831,34.982121212121214,-31.240151515151513,0.9545454545454546,264.1060606060606,244.42095454545455,0.5196893111442292,0.0,40.54545454545455,1.1515151515151514,142463.05402123637,0.9393939393939394,67.93600761715516,4.1702749213445935,2020,2902000.0,109509.43396226416
592,NORTH DAKOTA,CASS,38017,6.159045992714025,36.353500000000004,-30.981333333333332,3.3833333333333333,247.1,517.9297333333333,0.469697131147541,0.75,52.983333333333334,5.216666666666667,138142.07962560002,3.0,70.79908469945356,4.284480009107468,2020,15942000.0,418425.19685039367
593,NORTH DAKOTA,CAVALIER,38019,4.3869091530054645,32.257083333333334,-31.026666666666667,0.020833333333333332,270.9583333333333,461.8477291666667,0.35696135018214936,0.0,49.3125,3.1458333333333335,131032.9489176,0.12499999999999999,74.98701047358834,4.589009904371585,2020,3796000.0,116085.62691131498
594,NORTH DAKOTA,DICKEY,38021,6.507722305017387,34.15272727272727,-30.173636363636366,0.9696969696969697,251.0,522.2053333333333,0.41459273058453383,0.09090909090909091,49.42424242424242,4.363636363636363,141932.28127941818,2.303030303030303,73.70938069216757,4.278596042391125,2020,5969000.0,138491.87935034803
595,NORTH DAKOTA,DIVIDE,38023,5.160323665405633,36.635384615384616,-32.7148717948718,2.076923076923077,285.71794871794873,175.34628205128206,0.5162754658820232,0.3076923076923077,28.564102564102566,0.717948717948718,140016.46669144617,1.6153846153846154,67.43300406333194,4.441351618327028,2020,828000.0,50181.818181818184
596,NORTH DAKOTA,DUNN,38025,6.645255009107468,35.99952380952381,-28.346190476190475,3.2023809523809526,270.17857142857144,237.4784761904762,0.5882790463179807,0.8214285714285714,30.714285714285715,1.0,144189.74299474288,0.5952380952380952,63.92338342440801,4.2974492583918815,2020,73900.0,3144.68085106383
597,NORTH DAKOTA,EDDY,38027,5.511664959016394,33.705625,-32.261250000000004,0.0,263.5,440.555625,0.4351275614754098,0.0,45.5,3.5625,136328.2274376,2.0,72.74199112021857,4.5793761953551915,2020,2138000.0,64397.59036144578
598,NORTH DAKOTA,EMMONS,38029,6.756209504293521,33.95767857142857,-30.415714285714284,0.49999999999999994,257.4107142857143,267.56030357142856,0.5375001951600312,0.0,40.339285714285715,0.8928571428571428,144807.87898902857,0.9285714285714286,67.61725702576112,4.1551669594067135,2020,4343000.0,137003.1545741325
599,NORTH DAKOTA,FOSTER,38031,5.899880464480874,34.313125,-31.444375,0.3125,258.5,384.365875,0.46863678278688525,0.0,44.125,2.875,138120.3637776,1.9375,71.3280737704918,4.646958845628415,2020,3168000.0,103192.18241042345
600,NORTH DAKOTA,GRAND FORKS,38035,5.371234329797493,34.44156862745098,-30.654901960784315,0.8627450980392157,256.6862745098039,499.6936862745098,0.4240458052073289,0.0196078431372549,54.27450980392157,4.745098039215686,133548.72993995296,2.0,72.21070931104683,4.294627611700418,2020,5608000.0,163498.54227405248
601,NORTH DAKOTA,GRIGGS,38039,5.7412527322404365,33.646,-31.242,0.15000000000000002,255.3,505.2481,0.4586129781420765,0.0,52.55,3.9,136718.5654656,1.75,71.65991803278688,4.6827577868852455,2020,3766000.0,105786.51685393258
602,NORTH DAKOTA,HETTINGER,38041,6.88029781420765,36.34325,-28.70225,2.5,275.025,306.509775,0.5882723360655737,0.15,36.275,1.325,146278.6271856,0.0,63.70637295081968,4.330750956284153,2020,436000.0,20185.185185185182
603,NORTH DAKOTA,KIDDER,38043,5.899377718300435,33.67142857142857,-31.14469387755102,0.14285714285714285,261.265306122449,325.2949387755102,0.4759817664770827,0.0,43.59183673469388,2.4489795918367347,142540.5421310694,1.183673469387755,70.11838407494145,4.329755994200959,2020,2815000.0,91693.81107491857
604,NORTH DAKOTA,LAMOURE,38045,6.36173538665342,33.906969696969696,-30.10030303030303,0.4545454545454545,249.6060606060606,531.3583333333333,0.4111466302367942,0.0,47.90909090909091,4.878787878787879,140244.0970176,1.9090909090909092,73.49037092233813,4.453936661698957,2020,8134000.0,194593.3014354067
605,NORTH DAKOTA,LOGAN,38047,6.062663934426229,32.266333333333336,-29.808666666666667,0.0,259.3666666666667,393.71543333333335,0.44432003642987244,0.0,43.43333333333333,3.7,144015.3118656,1.4333333333333333,71.23531876138433,4.5249077413479055,2020,3358000.0,104285.71428571428
606,NORTH DAKOTA,MCHENRY,38049,5.837914769277473,35.26888888888889,-28.481388888888887,2.4027777777777777,268.2083333333333,310.48156944444446,0.49082551608986036,0.0,41.43055555555556,2.236111111111111,136656.9095376,0.6944444444444444,68.43966302367942,4.368012067395265,2020,4645000.0,151797.38562091504
607,NORTH DAKOTA,MCINTOSH,38051,6.007401335761991,32.18222222222222,-29.307037037037034,0.0,259.14814814814815,437.10003703703705,0.42702013762396274,0.0,47.77777777777778,3.8518518518518516,145251.5312576,1.148148148148148,72.1068306010929,4.413733454766242,2020,3645000.0,115714.28571428571
608,NORTH DAKOTA,MCKENZIE,38053,6.512766016952798,36.25889763779528,-28.971496062992127,4.05511811023622,273.8031496062992,201.2194251968504,0.6014663525665849,2.0078740157480315,29.330708661417322,0.937007874015748,144015.03329476537,1.0708661417322833,64.20189750871305,4.141014693859989,2020,255000.0,10897.435897435898
609,NORTH DAKOTA,MCLEAN,38055,5.806044663767146,34.023163265306124,-30.642346938775507,0.8061224489795918,270.16326530612247,323.9622142857143,0.4875066633210661,0.0,40.48979591836735,1.9081632653061225,140524.87544698777,0.7755102040816326,68.21282201405153,4.303809774729563,2020,5053000.0,168996.65551839466
610,NORTH DAKOTA,MERCER,38057,6.479721653005464,34.772708333333334,-29.5575,1.9166666666666667,266.1041666666667,308.403375,0.5346948998178506,0.020833333333333332,40.229166666666664,1.9166666666666665,142968.68897760002,0.3125,66.226912568306,4.240906477686703,2020,808000.0,23905.325443786984
611,NORTH DAKOTA,MORTON,38059,6.907986042530779,35.429638554216865,-29.79409638554217,2.36144578313253,263.0120481927711,246.38045783132532,0.583617157153203,0.0,39.87951807228916,1.1325301204819276,144337.6542069976,0.4457831325301205,65.00990848640463,4.150285535584962,2020,1664000.0,62792.45283018868
612,NORTH DAKOTA,MOUNTRAIL,38061,5.270416245024624,34.56172839506173,-31.4837037037037,1.0617283950617282,278.98765432098764,320.21986419753085,0.48117162517708967,0.04938271604938271,34.08641975308642,1.2222222222222223,139757.88731093335,0.9629629629629629,68.53634217095055,4.3514260271200165,2020,2175000.0,85294.11764705883
613,NORTH DAKOTA,NELSON,38063,5.15562680810029,32.986176470588234,-32.005,0.058823529411764705,263.5,583.2131176470589,0.39921865959498554,0.0,53.35294117647059,4.823529411764706,134065.6852811294,1.2941176470588236,74.06719704275153,4.646572484731598,2020,3896000.0,117703.92749244712
614,NORTH DAKOTA,OLIVER,38065,6.4783278688524595,35.311,-30.838,2.1500000000000004,266.35,274.86365,0.5434833333333333,0.0,43.15,1.65,142797.54980160002,0.55,66.38498633879782,4.181792759562842,2020,795000.0,28909.090909090908
615,NORTH DAKOTA,PEMBINA,38067,4.805546448087432,34.06885714285715,-31.08028571428571,0.5142857142857142,262.8285714285714,546.8396285714285,0.406527712724434,0.0,50.714285714285715,3.8,132106.03518445714,1.0285714285714285,72.10811085089773,4.138743715846994,2020,4685000.0,118607.59493670886
616,NORTH DAKOTA,PIERCE,38069,5.279508196721311,34.56926829268293,-31.26170731707317,0.5609756097560976,269.3658536585366,388.9080243902439,0.42344135679061706,0.0,46.5609756097561,2.6341463414634148,135611.69049272197,0.8292682926829269,71.919718779155,4.4417499000399845,2020,3663000.0,119705.88235294117
617,NORTH DAKOTA,RAMSEY,38071,4.96264254046809,32.84641509433962,-32.51264150943396,0.24528301886792453,266.75471698113205,442.81688679245286,0.3756003711722858,0.0,49.64150943396226,3.0,132523.84659043018,1.4150943396226414,75.12717805959377,4.55463331271265,2020,3792000.0,113194.02985074627
618,NORTH DAKOTA,RANSOM,38073,6.4501058743169395,35.344166666666666,-30.302916666666665,1.625,248.125,561.4351666666666,0.41214674408014573,0.45833333333333337,49.791666666666664,5.083333333333333,140116.02521760002,2.25,74.06551684881603,4.323921561930783,2020,4685000.0,107208.23798627002
619,NORTH DAKOTA,RENVILLE,38075,5.138629195940672,35.308571428571426,-31.730571428571427,0.8571428571428572,278.8857142857143,334.4466,0.4727688524590164,0.0,46.31428571428572,1.8285714285714285,136136.35227702858,1.6285714285714286,68.47640124902419,4.412018891491023,2020,3054000.0,108297.87234042553
620,NORTH DAKOTA,RICHLAND,38077,6.609327059299737,37.90277777777778,-30.87777777777778,4.2407407407407405,246.90740740740742,465.5341111111111,0.4700239324023477,1.1111111111111112,48.166666666666664,4.2407407407407405,142051.6002176,2.314814814814815,71.34552722121029,4.201448036834649,2020,13717000.0,305501.1135857461
621,NORTH DAKOTA,ROLETTE,38079,3.980184426229508,33.74892857142857,-31.96892857142857,0.0,278.7142857142857,413.39014285714285,0.3790879195940671,0.0,49.392857142857146,2.357142857142857,132812.87704045716,2.2142857142857144,72.95197111631538,4.20802537080406,2020,1465000.0,50692.04152249135
622,NORTH DAKOTA,SARGENT,38081,6.775339253187614,35.69916666666666,-30.45958333333333,1.9166666666666667,248.5,468.789125,0.4317883652094717,0.20833333333333334,51.291666666666664,3.333333333333333,140019.4393776,2.875,73.43293488160292,4.256849726775957,2020,6185000.0,142511.5207373272
623,NORTH DAKOTA,SHERIDAN,38083,5.658772833723654,33.91171428571429,-31.58,0.11428571428571428,265.0857142857143,343.7700571428571,0.4692569086651054,0.0,44.48571428571429,2.657142857142857,138821.43297188572,1.0285714285714285,69.22665886026542,4.544012256049961,2020,2813000.0,97000.0
624,NORTH DAKOTA,SLOPE,38087,7.090084769511,35.405641025641025,-31.172820512820515,4.512820512820513,275.2307692307692,179.76320512820513,0.6382908785203867,1.3333333333333335,32.48717948717949,0.6153846153846154,148766.74189144617,0.07692307692307693,62.13294101162954,4.342308813226846,2020,30800.0,1749.9999999999998
625,NORTH DAKOTA,STARK,38089,6.885837887067395,35.91948717948718,-28.574358974358976,4.128205128205128,273.8974358974359,236.0459487179487,0.6094050021017234,0.6153846153846154,35.256410256410255,0.8974358974358975,145710.16466067694,0.0,63.00364298724954,4.422428121059268,2020,64600.0,3649.7175141242938
626,NORTH DAKOTA,STEELE,38091,5.807655737704918,34.926,-30.095499999999998,1.25,252.4,564.2905,0.45780614754098364,0.19999999999999998,54.4,7.0,137115.8482176,1.75,71.23945355191256,4.545188934426229,2020,4898000.0,134191.7808219178
627,NORTH DAKOTA,STUTSMAN,38093,6.090735753317721,33.25202380952381,-30.59488095238095,0.13095238095238093,254.51190476190476,429.54390476190474,0.4541495901639344,0.0,45.36904761904762,4.404761904761905,139822.8170976,1.9166666666666665,71.40399102263856,4.557218904501692,2020,10509000.0,310000.0
628,NORTH DAKOTA,TOWNER,38095,4.605017304189436,33.18966666666667,-30.197666666666667,0.06666666666666667,276.3333333333333,441.70413333333335,0.36647768670309655,0.0,43.43333333333333,3.3666666666666667,132208.26024960002,1.2666666666666666,74.45755009107468,4.417266211293261,2020,3492000.0,109811.32075471697
629,NORTH DAKOTA,TRAILL,38097,5.650468384074941,36.66857142857143,-31.246785714285714,3.678571428571429,251.10714285714286,571.4745,0.45638973458235754,0.6071428571428572,53.357142857142854,6.5,137854.82093760002,2.2142857142857144,70.94894613583138,4.28242681498829,2020,5704000.0,155000.0
630,NORTH DAKOTA,WALSH,38099,4.9409003382773875,33.05666666666667,-31.156190476190474,0.30952380952380953,263.5,605.2590238095238,0.38087607338017176,0.0,49.92857142857143,4.738095238095238,132441.68145188573,1.0476190476190474,73.96026541764247,4.285678116055165,2020,3419000.0,87892.03084832906
631,NORTH DAKOTA,WARD,38101,5.536143427933486,34.96043010752688,-30.63612903225806,0.5376344086021506,271.7741935483871,309.5958602150538,0.4962858276044421,0.0,43.03225806451613,1.5161290322580645,138034.99180985807,0.8172043010752689,67.51996592044186,4.543363711146366,2020,6118000.0,197993.52750809063
632,NORTH DAKOTA,WELLS,38103,5.685721918639951,33.964666666666666,-31.559111111111115,0.022222222222222223,262.53333333333336,308.0710888888889,0.4602582877959927,0.0,41.666666666666664,2.177777777777778,138606.22604160002,1.711111111111111,70.71958712811173,4.575328961748634,2020,5177000.0,176689.41979522185
633,NORTH DAKOTA,WILLIAMS,38105,5.764523936802091,36.278260869565216,-31.06336956521739,3.4130434782608696,280.5217391304348,174.78426086956523,0.5524391779520076,0.9891304347826086,27.26086956521739,1.0217391304347827,140837.32142107826,1.0,66.29547992397244,4.184760750772155,2020,903000.0,52196.53179190751
634,SOUTH DAKOTA,AURORA,46003,9.18934699453552,36.046499999999995,-24.603,2.15,234.5,532.41375,0.5701025956284153,0.0,45.35,4.3,144481.8607776,3.0500000000000003,68.1213387978142,4.110470218579235,2020,3962000.0,79398.79759519038
635,SOUTH DAKOTA,BEADLE,46005,8.40450591985428,34.55972222222223,-30.270555555555557,0.6388888888888888,237.91666666666666,545.9774722222222,0.5245467516697024,0.0,50.5,4.277777777777778,143170.6877376,4.583333333333333,70.05400728597449,4.110451350941105,2020,7701000.0,157807.37704918033
636,SOUTH DAKOTA,BON HOMME,46009,9.90593306010929,35.8075,-23.942500000000003,6.8,224.5,569.2201,0.6248639344262295,0.5,55.15,4.7,141512.4461376,3.95,66.60445355191257,3.8659445355191258,2020,4437000.0,90000.0
637,SOUTH DAKOTA,BROOKINGS,46011,7.391048659901119,34.555238095238096,-28.991428571428575,0.5714285714285714,241.9047619047619,478.3030476190476,0.4486621129326047,0.0,57.38095238095238,3.4761904761904763,138583.9769718857,5.857142857142857,73.18277387457715,4.196337756960707,2020,6372000.0,120000.0
638,SOUTH DAKOTA,BROWN,46013,7.317221409055426,34.89964285714286,-30.886249999999997,1.892857142857143,247.48214285714286,377.2820892857143,0.4948437256049961,0.0,49.660714285714285,2.0357142857142856,143937.49372045716,2.0892857142857144,71.35579137392662,4.115570647931303,2020,9435000.0,229004.85436893202
639,SOUTH DAKOTA,BRULE,46015,9.659206599411517,36.945,-23.461153846153845,3.3846153846153846,237.8846153846154,553.8069230769231,0.6048620218579235,0.038461538461538464,42.0,5.423076923076923,145673.58179298462,1.5769230769230769,66.28932324506096,4.002628625472887,2020,3973000.0,77295.71984435798
640,SOUTH DAKOTA,BUFFALO,46017,9.304412568306011,36.63928571428572,-23.2,2.4285714285714284,241.14285714285714,524.2465,0.6021612021857923,0.0,42.07142857142857,5.571428571428571,144743.69505188573,2.142857142857143,66.11188524590165,4.020278883684621,2020,996000.0,20493.827160493827
641,SOUTH DAKOTA,BUTTE,46019,8.710330796252927,37.57440476190476,-25.646785714285713,14.05952380952381,261.0595238095238,382.82386904761904,0.7563993624772314,3.1547619047619047,56.01190476190476,1.2857142857142858,150246.81787474288,0.738095238095238,58.123295602393966,3.9862836325787145,2020,42600.0,1189.9441340782123
642,SOUTH DAKOTA,CAMPBELL,46021,7.1849976241387505,35.24,-29.879565217391306,2.8260869565217392,255.08695652173913,348.9618695652174,0.5622381800902827,0.0,44.47826086956522,3.217391304347826,147324.14589412176,1.0,66.91199809931099,4.010991090520314,2020,2112000.0,62300.88495575221
643,SOUTH DAKOTA,CHARLES MIX,46023,9.836493950039033,36.72625,-23.759642857142858,5.357142857142857,229.51785714285714,583.8997857142857,0.6185489363778298,0.26785714285714285,48.035714285714285,5.517857142857142,146915.72949188572,1.625,66.22060889929742,3.836673155737705,2020,6559000.0,137505.24109014674
644,SOUTH DAKOTA,CLARK,46025,7.662908014571949,33.988,-29.66466666666667,0.36666666666666664,237.4,559.1101666666667,0.507142349726776,0.0,52.9,4.333333333333333,141714.86031360002,4.166666666666666,69.40581967213114,4.462358743169399,2020,6826000.0,143403.3613445378
645,SOUTH DAKOTA,CLAY,46027,10.042082574377657,37.150000000000006,-23.704444444444444,6.888888888888888,223.88888888888889,505.271,0.6284757134183364,0.7777777777777778,56.888888888888886,4.0,140235.9101376,6.555555555555555,67.01788099574985,3.973700060716454,2020,4802000.0,92702.7027027027
646,SOUTH DAKOTA,CODINGTON,46029,6.954945355191257,33.74944444444444,-29.07388888888889,0.38888888888888884,243.38888888888889,475.6840555555556,0.4636062537947784,0.0,53.72222222222222,3.888888888888889,140418.8870976,4.166666666666667,71.47800546448087,4.401295081967213,2020,4268000.0,91002.13219616206
647,SOUTH DAKOTA,CORSON,46031,7.9364204234972675,35.67825,-26.08225,4.75,256.3,292.28612499999997,0.6409751707650273,0.075,40.575,1.775,148963.3636536,0.25,62.93117486338798,4.1388745218579235,2020,581000.0,18503.1847133758
648,SOUTH DAKOTA,DAVISON,46035,9.087407407407406,35.49555555555556,-27.743333333333332,2.7777777777777777,230.44444444444446,540.1401111111111,0.566991196114147,0.0,46.77777777777778,4.777777777777778,143351.1667776,4.222222222222222,68.66123254401943,4.077069823922283,2020,3138000.0,66908.31556503198
649,SOUTH DAKOTA,DAY,46037,6.923651810109289,33.12,-29.495625,0.5625,244.4375,416.9346875,0.47683350409836067,0.0,49.90625,3.625,141474.6925776,3.25,70.33209528688525,4.552575990437158,2020,4727000.0,117004.9504950495
650,SOUTH DAKOTA,DEUEL,46039,7.460192964480874,34.125625,-28.546875,0.1875,236.9375,389.097,0.49215351775956284,0.0,54.3125,2.5625,139602.17831760002,5.1875,70.16596653005465,4.343463797814207,2020,4246000.0,85090.18036072144
651,SOUTH DAKOTA,DOUGLAS,46043,9.113894684550422,36.554545454545455,-26.60181818181818,2.8181818181818183,233.63636363636363,541.1819090909091,0.5647061599602583,0.0,48.36363636363637,5.0,145304.47066123638,2.2727272727272725,68.80538996522603,3.9955683060109286,2020,3708000.0,70898.66156787763
652,SOUTH DAKOTA,EDMUNDS,46045,7.116274217585693,34.445151515151515,-29.74030303030303,0.5757575757575758,250.8181818181818,507.0947272727273,0.4855600264944527,0.0,48.72727272727273,4.96969696969697,146252.38941032728,1.1818181818181819,70.58788706739527,4.112000496770988,2020,6702000.0,179197.86096256686
653,SOUTH DAKOTA,FAULK,46049,7.690094110503947,35.40555555555555,-29.176666666666666,1.5185185185185184,244.59259259259258,494.28222222222223,0.526047358834244,0.0,52.55555555555556,4.851851851851852,146243.3594176,1.5925925925925926,69.41315523173446,4.088758348512447,2020,6263000.0,144308.75576036866
654,SOUTH DAKOTA,GRANT,46051,7.4386104605776735,34.36857142857143,-28.765238095238097,1.2380952380952381,238.66666666666666,387.2055238095238,0.5145068956544366,0.19047619047619047,50.095238095238095,3.1904761904761902,140054.12193188572,4.0,68.85094977881863,4.140805360395524,2020,4468000.0,102009.13242009134
655,SOUTH DAKOTA,GREGORY,46053,10.08171627840092,36.50657894736842,-22.7,5.105263157894736,229.23684210526315,563.9236578947368,0.6503710094909405,0.4473684210526315,46.44736842105263,5.7894736842105265,148597.62879865264,1.5263157894736843,64.12194420477424,4.145665084843256,2020,2066000.0,49307.87589498807
656,SOUTH DAKOTA,HAAKON,46055,9.08994757052134,38.928783783783786,-24.236756756756755,17.77027027027027,251.52702702702703,439.22258108108105,0.7203942549106483,2.945945945945946,55.148648648648646,2.054054054054054,150224.1033786811,1.0945945945945945,60.9478806675528,3.911332521045636,2020,104000.0,4859.81308411215
657,SOUTH DAKOTA,HAMLIN,46057,7.350673952641166,34.16583333333333,-28.98,0.4166666666666667,240.33333333333334,468.1885,0.4732862021857923,0.0,51.75,4.25,140758.8156576,5.666666666666667,71.78071493624772,4.338821948998178,2020,4603000.0,89205.42635658915
658,SOUTH DAKOTA,HAND,46059,8.305191907364039,35.55380952380953,-28.554761904761904,1.4047619047619049,241.14285714285714,494.2604523809524,0.5486910616705698,0.0,51.76190476190476,4.285714285714286,145355.04211474286,3.0476190476190474,68.21313427010148,4.120063036690086,2020,8111000.0,180244.44444444444
659,SOUTH DAKOTA,HANSON,46061,8.881605950212508,35.66222222222222,-29.35777777777778,4.111111111111111,230.44444444444446,525.8521111111111,0.5586800242865816,0.2222222222222222,54.888888888888886,5.333333333333333,142718.6189376,4.222222222222222,69.47140255009107,4.110397085610201,2020,3290000.0,70299.1452991453
660,SOUTH DAKOTA,HUGHES,46065,9.201723074211175,38.91903225806452,-25.60741935483871,12.193548387096774,244.4516129032258,360.78716129032256,0.6538517539220872,0.03225806451612903,47.54838709677419,2.6129032258064515,147163.2344008258,1.7741935483870968,64.9214172395558,4.079989599858981,2020,1532000.0,36303.31753554502
661,SOUTH DAKOTA,HUTCHINSON,46067,9.25751756440281,36.07047619047619,-27.73761904761905,5.380952380952381,227.57142857142858,583.2831428571428,0.5817706219099662,0.23809523809523808,54.095238095238095,5.0,142402.75411474286,3.476190476190476,68.35399427530575,4.0734012490242,2020,6448000.0,147889.90825688074
662,SOUTH DAKOTA,JACKSON,46071,9.922321162444113,40.28727272727273,-21.54969696969697,25.37878787878788,249.43939393939394,473.6711363636364,0.7786196390130816,3.515151515151515,60.34848484848485,2.196969696969697,151840.80673396363,1.4393939393939394,60.04088425235967,3.947974623282,2020,93000.0,6078.431372549019
663,SOUTH DAKOTA,JERAULD,46073,8.72037795992714,35.20666666666666,-26.5625,0.9166666666666666,236.41666666666666,546.6878333333333,0.5502720856102004,0.0,47.916666666666664,5.166666666666667,144397.37957760002,3.6666666666666665,68.00366575591985,4.125077413479053,2020,2251000.0,46604.554865424434
664,SOUTH DAKOTA,JONES,46075,9.842508372994889,40.56225806451613,-24.462580645161292,20.258064516129032,241.38709677419354,388.0216129032258,0.7623667371760974,2.5483870967741935,51.225806451612904,2.6774193548387095,150805.0735543742,2.3548387096774195,59.85787061519478,4.096227481050591,2020,167000.0,5075.987841945289
665,SOUTH DAKOTA,KINGSBURY,46077,7.819594717668489,34.17625,-30.411666666666665,0.375,238.54166666666666,487.953875,0.4862009335154827,0.0,54.041666666666664,4.041666666666667,140871.9838176,5.666666666666666,71.30594262295081,4.404757513661202,2020,7275000.0,145791.58316633268
666,SOUTH DAKOTA,LAKE,46079,7.9841530054644805,34.088,-29.073333333333334,0.6666666666666666,236.6,452.54906666666665,0.48988142076502733,0.0,60.06666666666666,3.2666666666666666,139994.5271616,5.333333333333334,71.41959927140255,4.389573588342441,2020,5622000.0,107495.21988527726
667,SOUTH DAKOTA,LINCOLN,46083,9.209017759562842,36.68,-26.575499999999998,3.9,226.95,398.57345,0.5651424863387978,0.44999999999999996,52.65,1.65,140663.75319360002,9.05,69.38468579234973,4.045174863387978,2020,5763000.0,123404.71092077087
668,SOUTH DAKOTA,LYMAN,46085,9.937262756869083,38.7743661971831,-22.087605633802816,8.95774647887324,236.83098591549296,397.68539436619716,0.6947067651812514,0.09859154929577464,43.36619718309859,3.197183098591549,147345.25939281128,2.169014084507042,62.63042792272763,4.078354575540676,2020,2587000.0,65493.670886075946
669,SOUTH DAKOTA,MARSHALL,46091,6.90721766848816,34.48875,-29.65125,1.2916666666666667,247.29166666666666,385.7395833333333,0.47734892987249544,0.0,52.916666666666664,2.5833333333333335,141287.4022176,3.2916666666666665,70.73768214936248,4.3701697404371584,2020,2752000.0,64000.0
670,SOUTH DAKOTA,MCCOOK,46087,8.592918943533697,35.29,-28.765833333333333,2.0833333333333335,232.5,511.98408333333333,0.5323337887067395,0.0,58.0,3.6666666666666665,141667.5982176,6.166666666666666,70.02798269581056,4.264308287795993,2020,5078000.0,108504.27350427351
671,SOUTH DAKOTA,MCPHERSON,46089,6.467988905447922,33.731212121212124,-29.61060606060606,0.09090909090909091,255.36363636363637,524.1990303030303,0.4475790693823481,0.0,49.75757575757576,5.636363636363637,145790.12375214548,1.2121212121212122,71.57497930120881,4.1688701771816525,2020,3307000.0,88897.84946236559
672,SOUTH DAKOTA,MELLETTE,46095,10.248092213114754,40.08325,-23.095499999999998,23.900000000000002,240.2,408.98845,0.7879885245901639,1.975,54.45,2.275,151843.08548160002,1.75,59.42660519125683,4.095876912568306,2020,114000.0,4130.434782608695
673,SOUTH DAKOTA,MINER,46097,8.379557377049181,34.48866666666667,-30.732000000000003,0.4666666666666667,236.93333333333334,481.20386666666667,0.5138943533697632,0.0,56.0,3.8666666666666667,141293.5770816,5.466666666666667,70.72324225865209,4.3062500910746815,2020,3625000.0,78293.73650107991
674,SOUTH DAKOTA,MINNEHAHA,46099,8.587088212334114,35.81142857142857,-26.45952380952381,2.238095238095238,233.42857142857142,382.22266666666667,0.5227785584179027,0.047619047619047616,56.714285714285715,1.4285714285714284,140830.15480045715,6.666666666666666,70.6675123601353,4.112554905022118,2020,7393000.0,135900.73529411765
675,SOUTH DAKOTA,MOODY,46101,8.121609744990893,35.722500000000004,-27.66333333333333,1.75,238.0,407.8516666666667,0.4933829690346084,0.0,55.833333333333336,2.1666666666666665,140067.8914176,4.916666666666667,71.70869763205829,4.20108378870674,2020,5940000.0,99497.48743718592
676,SOUTH DAKOTA,PENNINGTON,46103,8.52358893001939,37.1091935483871,-20.057096774193546,14.70967741935484,258.2983870967742,377.4738790322581,0.7369839150361361,3.8225806451612905,61.16129032258065,1.3951612903225805,151968.62639566453,0.8467741935483871,57.906048387096774,3.6552966684294024,2020,37800.0,5478.260869565217
677,SOUTH DAKOTA,POTTER,46107,7.573182009247583,36.75653846153846,-29.241923076923076,4.730769230769231,248.69230769230768,519.3756153846153,0.551427700714586,0.0,51.26923076923077,4.230769230769231,148014.74597760002,0.7307692307692308,67.4770071458596,4.227142812105927,2020,3266000.0,78888.88888888889
678,SOUTH DAKOTA,ROBERTS,46109,7.134994002399041,35.9019512195122,-29.846341463414635,2.1707317073170733,243.90243902439025,368.301,0.5101211515393842,0.43902439024390244,46.78048780487805,2.658536585365854,142268.36374150246,2.7317073170731705,69.10856324137012,4.097840597094495,2020,7408000.0,170691.24423963134
679,SOUTH DAKOTA,SANBORN,46111,8.69804918032787,34.36666666666667,-29.779999999999998,0.5333333333333333,232.86666666666667,561.5038666666667,0.5282234972677596,0.0,49.0,4.8,143100.43493760002,5.666666666666667,70.20163934426229,4.033994353369763,2020,2362000.0,53804.10022779043
680,SOUTH DAKOTA,SPINK,46115,8.051759448998178,35.09104166666667,-30.05541666666667,1.7708333333333333,240.72916666666666,505.69375,0.5400561247723132,0.0,50.270833333333336,4.0625,143980.6793976,3.6875,69.37901867030965,4.18119814435337,2020,13421000.0,283742.07188160677
681,SOUTH DAKOTA,SULLY,46119,8.183697632058287,37.575833333333335,-29.488055555555555,10.027777777777779,246.19444444444446,463.90833333333336,0.5940460686095932,0.0,49.5,3.694444444444444,148306.9308576,1.4444444444444444,66.65360503946569,4.074213266545233,2020,1840000.0,43192.488262910796
682,SOUTH DAKOTA,TRIPP,46123,10.134115925058548,38.239285714285714,-22.332321428571426,10.5,236.48214285714286,533.3019821428571,0.7097121877439501,0.5,52.05357142857143,4.464285714285714,148689.0052518857,2.1785714285714284,62.39379391100702,4.294817574160812,2020,2821000.0,65300.92592592592
683,SOUTH DAKOTA,TURNER,46125,9.335739412568305,36.310625,-26.29,4.5625,226.5,481.7080625,0.5820426912568306,0.0,55.25,3.125,140775.44765760002,6.5,68.31512978142077,4.108368169398907,2020,6460000.0,130505.0505050505
684,SOUTH DAKOTA,UNION,46127,9.794027643844423,37.42588235294118,-23.98470588235294,4.764705882352941,227.47058823529412,558.4330588235294,0.5754154612664738,0.47058823529411764,57.8235294117647,4.823529411764706,139960.66300348236,7.882352941176471,69.7673256187721,3.9982050787528127,2020,5302000.0,100607.21062618596
685,SOUTH DAKOTA,WALWORTH,46129,7.588247640337804,36.01,-28.636363636363637,4.2727272727272725,250.45454545454547,382.59863636363633,0.5814207650273224,0.0,44.45454545454545,2.8181818181818183,147826.35784669092,0.7727272727272727,65.74730501738699,4.210027570789866,2020,2641000.0,70804.28954423593
686,SOUTH DAKOTA,YANKTON,46135,9.87160746812386,35.321666666666665,-23.690833333333334,3.8333333333333335,223.41666666666666,497.3618333333333,0.6064023224043716,0.0,58.25,3.6666666666666665,139892.1523776,4.333333333333334,67.42447632058288,3.9453192167577416,2020,3889000.0,81189.97912317328
687,TEXAS,BRAZORIA,48039,22.06153786104606,35.26875,0.8319642857142856,10.839285714285714,60.19642857142857,1213.6624642857143,0.6686927205308353,0.0,101.32142857142857,14.071428571428571,149535.8503776,3.4285714285714284,78.07077966432475,6.311131391491023,2020,317000.0,6155.339805825242
688,TEXAS,COOKE,48097,17.706799863387978,38.569583333333334,-3.9116666666666666,15.791666666666666,137.08333333333334,1287.3686666666667,0.7895135473588342,0.625,75.83333333333333,15.333333333333334,155110.4633376,6.583333333333334,69.05007969034608,3.204021744080146,2020,15800.0,681.0344827586207
689,TEXAS,FANNIN,48147,17.858623633879784,38.61708333333333,-3.9904166666666665,20.291666666666668,134.08333333333334,1128.8895833333333,0.7380737704918032,0.0,88.625,13.458333333333334,149193.3643776,6.625,71.72128870673953,3.4544476320582875,2020,187000.0,6360.544217687075
690,TEXAS,KAUFMAN,48257,18.94719398907104,38.942,-3.153,26.05,113.5,1103.31905,0.7647599726775957,0.2,82.1,12.9,148199.5218816,5.5,72.23054644808744,3.919579371584699,2020,97400.0,5020.618556701032
691,TEXAS,MATAGORDA,48321,22.199634300126103,34.88115384615384,2.0078846153846155,6.288461538461538,53.25,1149.3461730769232,0.6316988755779739,0.0,93.11538461538461,12.942307692307693,154689.88137452307,1.2884615384615385,79.02349201345103,6.609344314838167,2020,145000.0,3994.490358126722
692,TEXAS,VICTORIA,48469,22.51916956449743,38.92272727272727,-1.2121212121212122,57.121212121212125,70.21212121212122,852.5853333333333,0.8713290279847656,0.12121212121212122,94.87878787878788,6.848484848484849,156273.78507578184,1.1818181818181819,73.37593972512006,6.016780013247226,2020,119000.0,3082.901554404145
693,TEXAS,WHARTON,48481,21.60033606557377,36.398,-1.07925,18.35,73.5,1216.043625,0.7267250683060109,0.0,99.325,12.125,151510.4526096,1.8499999999999999,76.22412568306011,5.8213599726775955,2020,315000.0,6274.900398406374
694,ARKANSAS,ARKANSAS,05001,17.523318030359125,36.489459459459454,-16.84864864864865,13.702702702702704,133.72972972972974,1117.4123243243243,0.6953671232876713,0.0,80.54054054054055,11.18918918918919,168930.43357543784,5.162162162162162,72.3386301369863,5.41074424287301,2021,9749000.0,167508.5910652921
695,ARKANSAS,ASHLEY,05003,18.04452739726027,36.269,-13.839500000000001,6.8,126.65,1029.8991,0.6440401369863014,0.0,84.1,9.1,170007.5095776,5.0,74.19753424657534,4.981822328767124,2021,2795000.0,45373.37662337662
696,ARKANSAS,BENTON,05007,14.983641184268672,34.68387096774194,-25.37741935483871,1.4838709677419355,172.16129032258064,973.2648709677419,0.5976169686257181,0.0,86.45161290322581,11.483870967741936,161771.94247308388,4.451612903225806,71.88730888201502,2.7520790101635,2021,24700.0,599.5145631067961
697,ARKANSAS,CHICOT,05017,18.182122374429223,35.81933333333333,-13.76,3.666666666666667,123.8,1075.1814666666667,0.6390710502283105,0.0,84.86666666666666,11.4,173036.5744896,4.4,74.58779908675798,5.579784657534247,2021,8829000.0,163197.78188539742
698,ARKANSAS,CLAY,05021,15.595010273972603,34.99625,-20.080000000000002,1.3125,163.0,1245.6764375,0.5521489726027398,0.0,89.4375,16.25,166195.98221760002,7.625,74.70744863013698,4.842615239726027,2021,4600000.0,104308.39002267574
699,ARKANSAS,CONWAY,05029,16.410299543378997,36.358,-19.357333333333333,13.666666666666666,158.73333333333332,924.1563333333334,0.6544898630136986,0.0,80.0,10.066666666666666,165345.0667776,2.6,71.95881278538813,2.856925662100456,2021,470000.0,14506.172839506173
700,ARKANSAS,CRITTENDEN,05035,16.869259028642592,35.198181818181816,-18.648636363636363,3.5,140.45454545454547,1172.7018636363637,0.6284447073474471,0.0,90.18181818181819,13.045454545454545,165296.3832576,4.090909090909091,73.44625155666252,5.251587297633873,2021,10854000.0,211992.1875
701,ARKANSAS,CROSS,05037,16.569580821917807,35.845,-19.794,7.2,148.5,928.7312,0.6412526027397261,0.0,85.4,8.3,166644.24658560002,4.4,72.9552602739726,5.437890958904109,2021,8059000.0,151200.75046904315
702,ARKANSAS,DESHA,05041,17.80539908675799,35.92066666666666,-14.844666666666667,6.333333333333333,127.96666666666667,1179.322,0.6569524200913242,0.0,86.3,11.733333333333333,170934.7349376,4.233333333333333,73.64824657534247,5.434085844748859,2021,7833000.0,154192.91338582677
703,ARKANSAS,DREW,05043,17.833547945205478,37.0965,-16.2895,12.6,128.6,1084.05555,0.6709913698630137,0.0,86.7,12.05,169389.5210496,4.85,73.16339726027397,4.871316712328767,2021,1584000.0,27595.81881533101
704,ARKANSAS,FAULKNER,05045,16.4757548666186,36.9078947368421,-18.90157894736842,15.368421052631579,158.52631578947367,923.2861578947368,0.6522680605623649,0.0,77.94736842105263,10.631578947368421,164105.9263144421,3.894736842105263,72.4389762076424,3.457646142754146,2021,239000.0,7353.846153846154
705,ARKANSAS,JACKSON,05067,16.020271232876713,35.993,-18.664,3.35,161.3,934.82065,0.5954843835616438,0.0,81.75,9.2,167517.1976256,4.65,73.77702739726028,5.13812493150685,2021,4812000.0,105295.40481400437
706,ARKANSAS,JEFFERSON,05069,17.449221135029354,36.70464285714286,-19.857142857142858,14.642857142857142,135.92857142857142,1038.9121071428572,0.7265545988258317,0.0,78.14285714285714,12.5,169029.56340617145,4.178571428571429,70.82745596868884,5.073988160469667,2021,5141000.0,92298.0251346499
707,ARKANSAS,LEE,05077,16.70721917808219,35.121428571428574,-17.263571428571428,2.7142857142857144,142.5,1206.5374285714286,0.5534800391389432,0.0,87.14285714285714,13.5,168528.34312045714,3.571428571428571,76.65285714285714,5.346637181996086,2021,5765000.0,109809.52380952382
708,ARKANSAS,LINCOLN,05079,17.653497064579255,36.49785714285714,-18.229285714285716,13.857142857142858,130.57142857142858,1117.5817857142856,0.7145373776908023,0.0,82.64285714285714,12.428571428571429,170468.6371776,4.428571428571429,71.41467710371819,5.131955577299413,2021,3364000.0,64692.307692307695
709,ARKANSAS,LOGAN,05083,16.734421106037544,36.28777777777778,-22.297407407407405,11.555555555555555,148.0,967.2107407407408,0.7177421613394217,0.0,78.37037037037037,10.481481481481481,167145.7950976,4.333333333333333,69.23558599695586,2.3207432775240995,2021,201000.0,5677.966101694916
710,ARKANSAS,LONOKE,05085,16.872795465281058,36.237931034482756,-18.923448275862068,10.517241379310345,147.89655172413794,930.7870344827586,0.673342560226736,0.0,79.06896551724138,8.96551724137931,166237.5107500138,3.3793103448275863,72.29094945677846,5.046139726027397,2021,4250000.0,91594.8275862069
711,ARKANSAS,MONROE,05095,16.835374429223744,35.505,-17.538333333333334,5.708333333333333,143.04166666666666,1087.0547916666667,0.5939688356164383,0.0,82.08333333333333,10.666666666666666,168026.1005376,5.125,75.53342465753425,5.474090410958904,2021,3468000.0,81408.45070422535
712,ARKANSAS,PHILLIPS,05107,17.061562948467056,35.287619047619046,-16.01238095238095,2.761904761904762,138.23809523809524,1239.2307142857142,0.5654133072407045,0.0,82.09523809523809,13.476190476190476,170446.13182902857,4.285714285714286,76.68202217873451,5.3518956294846705,2021,11280000.0,195493.93414211436
713,ARKANSAS,POINSETT,05111,16.412686643835617,36.45,-19.465625,7.5,152.0625,913.5175625,0.6509835616438356,0.0,85.0,8.375,166434.08333760002,5.5,72.3480993150685,5.49137602739726,2021,9815000.0,184492.4812030075
714,ARKANSAS,PRAIRIE,05117,16.768302561048245,35.65260869565218,-19.235217391304346,7.391304347826087,146.34782608695653,1004.319652173913,0.626152114353782,0.0,78.95652173913044,9.217391304347826,167795.0941723826,4.173913043478261,74.01039904705182,5.368798570577725,2021,5511000.0,101305.14705882354
715,ARKANSAS,PULASKI,05119,16.831571606475716,36.699696969696966,-18.153333333333332,13.90909090909091,147.93939393939394,921.1151515151515,0.6691293482772934,0.0,83.21212121212122,9.151515151515152,164040.42913396365,3.242424242424242,72.01358239933583,3.881238522208385,2021,660000.0,16296.296296296296
716,ARKANSAS,ST. FRANCIS,05123,16.679724200913242,35.23866666666667,-18.903333333333332,3.2,144.13333333333333,1131.0844666666667,0.5986767123287671,0.0,86.26666666666667,12.466666666666667,168312.54677760002,4.2,74.6446210045662,5.407517442922375,2021,7013000.0,138596.83794466403
717,ARKANSAS,WHITE,05145,16.176539059607553,36.13081081081081,-18.87675675675676,7.297297297297297,160.16216216216216,985.2673783783783,0.6178924102184377,0.0,79.29729729729729,10.108108108108109,165284.6636813838,4.162162162162162,73.02944094779711,4.222756016290263,2021,1415000.0,31797.752808988764
718,ARKANSAS,WOODRUFF,05147,16.34109315068493,35.142,-18.9165,2.35,154.05,1043.93795,0.5862879452054794,0.0,81.2,9.15,167763.2734656,4.4,74.9320684931507,5.455006849315069,2021,5461000.0,116191.48936170213
719,ARKANSAS,YELL,05149,16.66265191429575,35.8574358974359,-20.921794871794873,10.564102564102564,147.87179487179486,996.797,0.6917638215665614,0.0,80.76923076923077,11.282051282051283,166948.95162683076,1.8461538461538463,69.8181664910432,2.318289005971198,2021,242000.0,6558.265582655827
720,KANSAS,ANDERSON,20003,13.987285388127855,36.60333333333333,-26.911666666666665,7.5,191.41666666666666,1009.7175,0.6330842465753425,0.0,70.41666666666667,12.583333333333334,162094.4849376,3.9166666666666665,69.44358447488584,3.9016237442922375,2021,3230000.0,78588.80778588807
721,KANSAS,ATCHISON,20005,13.086899543378996,36.38333333333333,-26.39,3.6666666666666665,197.83333333333334,653.8926666666666,0.5890648401826484,0.16666666666666666,67.5,5.833333333333333,157050.32549760002,6.333333333333333,70.02817351598173,3.6633342465753422,2021,3737000.0,70509.43396226416
722,KANSAS,BARBER,20007,14.741006849315069,40.13071428571429,-23.174642857142857,41.82142857142857,197.28571428571428,441.44,0.8789807240704501,6.892857142857142,43.107142857142854,3.5,182281.23653760002,0.7857142857142857,61.64235812133072,4.426554892367906,2021,530000.0,19202.898550724636
723,KANSAS,BARTON,20009,13.396768493150685,39.1,-25.612000000000002,31.05,204.35,641.9816500000001,0.7842273972602739,6.6,49.45,6.1,179103.9292416,1.8,63.77901369863014,4.592268219178082,2021,1649000.0,44209.11528150134
724,KANSAS,BOURBON,20011,14.567538812785388,36.600833333333334,-25.064166666666665,8.666666666666666,183.16666666666666,1019.945,0.6428296803652969,0.0,70.5,12.75,160797.3062976,6.5,69.79876712328767,3.5591689497716894,2021,1285000.0,39296.63608562691
725,KANSAS,BROWN,20013,12.851787671232877,35.785833333333336,-27.246666666666666,1.1666666666666667,199.0,707.98375,0.5893125570776256,0.0,62.583333333333336,8.166666666666666,161151.6564576,5.833333333333333,69.39440639269407,3.9005835616438356,2021,7908000.0,123177.57009345794
726,KANSAS,BUTLER,20015,14.063640791476407,36.85722222222222,-27.628333333333334,13.5,192.69444444444446,662.2159722222221,0.6925087519025875,0.0,60.916666666666664,6.333333333333333,167061.4450176,2.0,67.23984779299848,4.358145509893455,2021,3309000.0,93211.26760563381
727,KANSAS,CHASE,20017,14.114876712328767,38.1385,-26.342000000000002,16.85,190.55,745.8347,0.7548182191780821,0.7000000000000001,57.3,8.0,167757.1269696,1.75,64.28497260273973,4.4595138356164385,2021,995000.0,24092.009685230027
728,KANSAS,CHAUTAUQUA,20019,15.050299086757992,36.9825,-26.025833333333335,17.916666666666668,183.5,777.03075,0.7187422374429223,0.0,67.5,9.5,165029.73197760002,1.25,67.32815068493152,3.8245689497716895,2021,160000.0,8648.648648648648
729,KANSAS,CHEROKEE,20021,14.754639269406393,35.175000000000004,-24.999166666666667,1.9166666666666665,179.33333333333334,853.1963333333333,0.5879826484018265,0.0,67.33333333333333,9.583333333333334,163897.8581376,6.916666666666667,72.26134703196347,3.386635159817352,2021,2967000.0,93301.88679245283
730,KANSAS,CLOUD,20029,13.170427701674278,39.82277777777778,-28.257777777777775,21.055555555555554,204.0,405.11705555555557,0.7255214611872146,2.7777777777777777,47.55555555555556,3.7222222222222223,171304.7477376,1.9444444444444444,65.56155251141553,4.160963318112633,2021,4056000.0,103206.10687022902
731,KANSAS,COFFEY,20031,13.707148401826485,36.355,-26.224166666666665,4.416666666666667,193.91666666666666,960.7966666666666,0.5991632420091324,0.0,64.0,11.083333333333334,164749.3891776,4.333333333333333,70.3134703196347,3.993190410958904,2021,2702000.0,75898.87640449438
732,KANSAS,COWLEY,20035,14.63577397260274,36.503750000000004,-26.721249999999998,13.916666666666666,187.70833333333334,673.9236666666667,0.7217429223744293,0.041666666666666664,63.916666666666664,6.041666666666667,168240.9244176,1.2916666666666665,66.6313698630137,4.18867899543379,2021,2454000.0,93307.98479087453
733,KANSAS,CRAWFORD,20037,14.474502283105023,35.4325,-24.084999999999997,1.9166666666666665,181.66666666666666,875.6056666666667,0.5739662100456622,0.0,69.16666666666667,10.083333333333334,162454.9090176,4.833333333333333,72.48095890410958,3.5048205479452057,2021,2322000.0,68698.22485207101
734,KANSAS,DICKINSON,20041,13.724417534246577,38.8232,-27.2684,20.72,195.08,594.147,0.7238255342465754,2.32,46.96,7.28,170397.3894912,2.96,66.44667397260274,4.2222462465753425,2021,5015000.0,126005.02512562815
735,KANSAS,DONIPHAN,20043,12.924399543378994,36.5,-26.984166666666667,2.25,198.5,702.3410833333334,0.591772602739726,0.08333333333333333,63.666666666666664,7.083333333333333,157868.0042976,6.0,69.95513698630137,3.6088979452054795,2021,4531000.0,70907.6682316119
736,KANSAS,DOUGLAS,20045,13.471965753424657,36.06375,-26.490000000000002,4.5,197.0,900.289375,0.555608904109589,0.0,71.25,10.375,158279.7690576,6.5,72.25839041095891,3.5138455479452055,2021,1317000.0,36994.38202247191
737,KANSAS,EDWARDS,20047,13.61445296803653,38.455333333333336,-25.441333333333333,32.13333333333333,204.73333333333332,517.5668,0.8267897716894976,5.666666666666667,48.86666666666667,5.133333333333333,181964.2997376,2.0,62.06743378995434,4.7232188127853885,2021,1438000.0,26003.61663652803
738,KANSAS,ELK,20049,14.59941780821918,36.619166666666665,-28.0775,13.916666666666666,183.75,818.96225,0.6879155251141552,0.0,66.08333333333333,9.583333333333334,164833.7191776,1.75,67.87052511415524,4.073806392694063,2021,474000.0,14191.616766467067
739,KANSAS,ELLSWORTH,20053,13.705167427701674,39.5,-25.079444444444444,33.833333333333336,201.55555555555554,533.2056666666666,0.7932923896499239,5.833333333333333,42.611111111111114,5.722222222222222,175862.2349376,2.611111111111111,63.98677321156774,4.7005669710806695,2021,804000.0,23786.98224852071
740,KANSAS,FRANKLIN,20059,13.765974885844749,36.26166666666666,-26.349166666666665,5.833333333333333,195.58333333333334,941.63025,0.6171230593607306,0.0,70.91666666666667,11.833333333333334,160316.0230176,4.75,69.86287671232877,3.6891146118721463,2021,2628000.0,72197.8021978022
741,KANSAS,GEARY,20061,13.743777777777778,38.778888888888886,-29.398888888888887,19.11111111111111,195.77777777777777,650.1395555555556,0.7444365296803653,2.0,48.0,7.555555555555555,168457.5346176,3.444444444444444,65.15686453576865,4.154153729071537,2021,748000.0,18700.0
742,KANSAS,GRANT,20067,13.055787671232878,40.88833333333333,-28.85083333333333,41.666666666666664,217.58333333333334,370.46625,0.9514246575342465,13.666666666666666,41.25,4.083333333333333,193794.48077760002,1.0,56.72036529680366,4.471296118721461,2021,52100.0,990.4942965779468
743,KANSAS,GRAY,20069,13.22827808219178,40.223,-26.633999999999997,33.65,212.25,375.32885,0.8948242465753424,9.1,44.75,2.2,189289.3470336,1.7,58.5901506849315,4.798060410958904,2021,717000.0,11696.57422512235
744,KANSAS,GREENWOOD,20073,14.085968797564687,36.97777777777778,-27.841388888888886,9.527777777777777,189.52777777777777,923.6149444444444,0.637730898021309,0.0,64.33333333333333,9.472222222222221,164537.4468576,2.6666666666666665,69.13287671232877,4.123543835616438,2021,954000.0,31485.148514851484
745,KANSAS,HARPER,20077,14.918871232876713,41.066,-25.853333333333335,46.2,192.26666666666668,525.2228,0.8778878538812784,8.533333333333333,44.733333333333334,4.6,177980.5806336,0.7333333333333334,62.664273972602736,4.297787397260274,2021,606000.0,26008.583690987125
746,KANSAS,HARVEY,20079,13.975350684931506,38.82,-27.436,25.2,196.0,582.5559,0.7399443835616438,2.2,52.1,6.1,170865.58728960002,2.0,65.77254794520547,4.379476438356164,2021,4376000.0,104190.47619047618
747,KANSAS,HASKELL,20081,13.090269406392695,40.28333333333333,-27.603333333333335,33.666666666666664,213.5,371.0950833333333,0.9087497716894978,11.666666666666666,43.333333333333336,3.4166666666666665,191447.93813760002,1.0,58.10506849315068,4.697690410958904,2021,484000.0,7744.0
748,KANSAS,JACKSON,20085,12.980852739726027,37.7675,-27.91625,6.9375,199.9375,693.7215,0.5843248287671232,0.4375,63.5,6.875,161597.4388776,4.875,70.9994691780822,3.7264291095890414,2021,2286000.0,51602.70880361174
749,KANSAS,JEFFERSON,20087,13.187022831050228,36.4475,-25.315833333333334,4.583333333333333,199.08333333333334,812.95775,0.5505335616438356,0.08333333333333333,68.08333333333333,9.0,157854.8786976,6.333333333333334,71.94735159817351,3.5258949771689494,2021,2668000.0,52007.79727095517
750,KANSAS,JEWELL,20089,12.594460045662101,40.74583333333333,-31.742499999999996,21.958333333333332,210.20833333333334,491.445125,0.7170329908675799,2.9166666666666665,51.125,4.375,170649.4342176,2.0,65.3941095890411,4.066529908675799,2021,4847000.0,119090.90909090909
751,KANSAS,JOHNSON,20091,13.841723744292239,37.10916666666666,-25.375,8.25,193.5,871.2861666666666,0.6425595890410959,0.25,71.0,9.25,153276.93941760002,6.666666666666667,68.93755707762557,3.4494520547945204,2021,1003000.0,26187.989556135773
752,KANSAS,KINGMAN,20095,14.551201565557731,40.260000000000005,-25.184761904761906,40.047619047619044,195.8095238095238,525.7928571428571,0.8706052185257666,8.285714285714285,49.714285714285715,4.904761904761904,177369.58147474288,1.619047619047619,61.93478147423353,4.670519504240052,2021,746000.0,21498.559077809798
753,KANSAS,KIOWA,20097,13.845154337899542,38.65466666666667,-25.332666666666668,30.066666666666666,203.53333333333333,550.0106,0.8303906849315068,4.2,48.4,7.0,184103.1138816,1.4,61.67167123287671,4.839165662100457,2021,757000.0,15200.803212851406
754,KANSAS,LABETTE,20099,15.051168949771688,36.38,-24.426666666666666,10.833333333333334,179.33333333333334,816.16625,0.6834972602739726,0.0,67.5,8.5,163056.6554976,5.166666666666667,69.03824200913242,3.666345890410959,2021,1675000.0,69791.66666666667
755,KANSAS,LEAVENWORTH,20103,13.515269406392695,36.48833333333334,-25.366666666666664,5.166666666666667,196.33333333333334,882.34425,0.5963591324200913,0.08333333333333333,71.16666666666667,9.416666666666666,153618.80117760002,6.75,70.32084474885845,3.3738984018264837,2021,1474000.0,35603.86473429952
756,KANSAS,LINN,20107,14.188675799086758,36.67166666666667,-24.206666666666667,9.916666666666666,187.41666666666666,1016.3534166666667,0.6293522831050228,0.0,74.75,10.916666666666666,160666.2108576,6.333333333333333,69.93009132420092,3.445924657534247,2021,2178000.0,66000.0
757,KANSAS,LYON,20111,13.84705593607306,37.24916666666667,-25.58375,11.25,193.58333333333334,842.6142083333333,0.6743893835616439,0.16666666666666666,60.875,9.5,165787.5128976,3.6666666666666665,67.51550228310502,4.15559897260274,2021,3049000.0,85887.32394366198
758,KANSAS,MARION,20115,13.800655342465753,37.8908,-26.388,17.36,194.2,653.40972,0.717451506849315,0.96,52.12,7.0,169762.0139136,3.0,65.92807671232876,4.515322082191781,2021,4415000.0,117108.75331564985
759,KANSAS,MARSHALL,20117,12.76439497716895,38.81583333333333,-31.34,8.416666666666666,203.45833333333334,556.1401666666667,0.645260502283105,1.125,58.458333333333336,4.916666666666666,165023.65157760002,4.041666666666667,67.70118721461188,3.9565238584474884,2021,7646000.0,161991.5254237288
760,KANSAS,MCPHERSON,20113,13.769790410958905,38.982,-27.335500000000003,25.5,197.55,587.39895,0.7465045205479452,3.1,49.5,7.15,172458.7665696,3.3,65.65273972602739,4.548728082191781,2021,3987000.0,117610.61946902655
761,KANSAS,MEADE,20119,13.954062785388128,40.39833333333333,-25.849166666666665,41.291666666666664,208.83333333333334,303.27054166666665,0.9605748858447488,13.458333333333334,40.125,1.0,190707.86453760002,1.4583333333333333,57.35863013698631,4.552662557077626,2021,1735000.0,25108.538350217077
762,KANSAS,MIAMI,20121,13.857673515981736,36.854166666666664,-25.13,7.916666666666667,192.08333333333334,874.2616666666667,0.6254059360730594,0.0,72.33333333333333,8.5,156599.6695776,6.5,69.52954337899543,3.446758219178082,2021,2389000.0,52390.35087719298
763,KANSAS,MITCHELL,20123,13.238957382039574,40.653888888888886,-27.317777777777778,32.94444444444444,207.16666666666666,448.09711111111113,0.7621079147640791,4.555555555555555,43.5,3.388888888888889,173169.5160576,1.3888888888888888,65.089299847793,4.059718873668189,2021,2346000.0,82315.78947368421
764,KANSAS,MONTGOMERY,20125,14.860244292237441,36.41,-25.891666666666666,10.583333333333334,182.5,792.3376666666667,0.6428762557077625,0.0,67.33333333333333,8.083333333333334,164659.2019776,2.5,70.31723744292238,3.6540440639269405,2021,1819000.0,65905.79710144927
765,KANSAS,MORRIS,20127,13.791485540334854,38.73388888888889,-26.188888888888886,16.5,193.11111111111111,638.6713333333333,0.7479834094368342,1.7222222222222223,52.22222222222222,6.722222222222222,167793.21941760002,3.2222222222222223,64.52896499238965,4.523879299847793,2021,1957000.0,54210.52631578947
766,KANSAS,NEMAHA,20131,12.48607191780822,36.161249999999995,-29.203125,1.625,203.5,630.4915625,0.5388998287671233,0.0,60.125,5.9375,163829.4349176,4.8125,71.8332705479452,3.8863873287671233,2021,7004000.0,123093.14586994729
767,KANSAS,NEOSHO,20133,14.540022831050228,36.545833333333334,-25.615,5.333333333333333,184.66666666666666,901.7559166666666,0.6151360730593607,0.0,67.66666666666667,9.833333333333334,163748.6935776,2.9166666666666665,71.1374200913242,3.6850025114155254,2021,1729000.0,59415.80756013745
768,KANSAS,NORTON,20137,12.284686301369863,41.144,-27.795499999999997,32.25,219.85,387.58975,0.8127760273972603,5.3,40.15,4.55,180481.9064256,1.2000000000000002,60.926589041095895,4.307072876712328,2021,836000.0,25487.804878048784
769,KANSAS,OSAGE,20139,13.689361301369862,37.09375,-25.995625,8.375,195.25,963.5476875,0.6325830479452055,0.0,65.625,12.0625,162238.40915760002,4.9375,69.09390410958905,3.990872773972603,2021,3147000.0,80692.30769230769
770,KANSAS,PHILLIPS,20147,12.279702054794521,41.11833333333333,-29.276666666666667,28.458333333333332,215.66666666666666,498.967375,0.7518772831050228,3.0833333333333335,47.541666666666664,5.541666666666667,176090.3993376,0.9166666666666667,63.34399543378996,4.021290639269406,2021,1322000.0,34698.16272965879
771,KANSAS,POTTAWATOMIE,20149,13.130640284119737,38.53703703703704,-30.685185185185187,10.555555555555555,200.0,657.1417037037037,0.6462651445966514,0.9629629629629629,57.03703703703704,6.2592592592592595,164587.3995776,4.333333333333333,68.28281075596144,3.824493049213597,2021,1773000.0,44104.477611940296
772,KANSAS,PRATT,20151,14.2018100456621,39.571333333333335,-24.728,36.333333333333336,198.73333333333332,512.8468,0.8671881278538812,9.4,47.4,5.533333333333333,181660.5369216,1.2000000000000002,61.6083105022831,4.726254246575342,2021,1739000.0,38991.03139013453
773,KANSAS,RAWLINS,20153,12.00534540117417,41.39714285714285,-27.749285714285715,36.92857142857143,226.89285714285714,266.72875,0.9147437377690802,10.178571428571429,34.357142857142854,1.7142857142857142,185127.15348617145,1.3214285714285714,55.740225048923676,4.428208512720157,2021,136000.0,3863.6363636363635
774,KANSAS,REPUBLIC,20157,12.699459665144596,39.92888888888889,-30.92777777777778,13.88888888888889,207.94444444444446,504.99522222222225,0.6885477929984779,2.1666666666666665,51.5,5.055555555555555,169133.3803776,2.666666666666667,66.17334855403348,4.054274277016743,2021,6431000.0,119092.5925925926
775,KANSAS,RICE,20159,13.778646575342465,39.66866666666667,-25.421333333333333,35.4,201.53333333333333,535.9548666666667,0.8072241095890411,7.133333333333333,48.0,5.6,176428.1350656,2.466666666666667,64.09468493150685,4.574670867579909,2021,2452000.0,66091.64420485175
776,KANSAS,RILEY,20161,13.290190535491904,38.89090909090909,-30.35909090909091,13.681818181818182,198.9090909090909,646.4436363636363,0.6836515566625155,1.9090909090909092,50.63636363636363,7.181818181818182,166397.0171485091,3.409090909090909,66.99310087173102,3.890002615193026,2021,1852000.0,39404.255319148935
777,KANSAS,ROOKS,20163,12.912270547945207,40.372499999999995,-27.8325,34.541666666666664,210.58333333333334,411.42854166666666,0.8160623287671233,3.791666666666667,42.666666666666664,3.6666666666666665,178524.5951376,1.0416666666666665,61.468812785388124,4.318901369863014,2021,826000.0,27905.405405405403
778,KANSAS,RUSSELL,20167,13.325826027397259,39.229,-25.4965,34.3,206.95,519.36835,0.8038447945205479,5.4,44.85,5.4,177148.19698560002,1.8,62.767136986301374,4.4512861643835615,2021,461000.0,14012.158054711246
779,KANSAS,SALINE,20169,13.864535159817352,39.798,-26.271333333333335,31.6,197.8,485.0620666666667,0.7662425570776256,4.066666666666666,43.06666666666667,5.0,172507.3814016,2.466666666666667,65.5077808219178,4.3124619178082195,2021,2576000.0,75988.20058997051
780,KANSAS,SEDGWICK,20173,14.367558599695586,38.706296296296294,-26.25777777777778,27.037037037037038,194.14814814814815,543.1069259259259,0.7595294774226282,1.9629629629629628,55.074074074074076,4.851851851851852,171368.24821760002,1.1851851851851851,65.66119736174531,4.264643023845764,2021,3444000.0,108987.34177215189
781,KANSAS,SEWARD,20175,13.738091324200914,40.62166666666667,-26.87,42.416666666666664,211.5,299.65183333333334,0.9837372146118721,13.916666666666666,40.583333333333336,1.0833333333333333,193077.11453760002,1.3333333333333333,56.27602739726027,4.598307077625571,2021,712000.0,12006.745362563239
782,KANSAS,SHAWNEE,20177,13.654480365296804,37.730000000000004,-26.340666666666667,11.266666666666667,196.46666666666667,888.1599333333334,0.6457200000000001,0.4,63.666666666666664,11.266666666666667,160994.6925696,5.666666666666667,68.77141552511415,3.7252896803652966,2021,1755000.0,42289.156626506025
783,KANSAS,SHERIDAN,20179,12.319983561643836,40.3595,-28.1295,35.15,220.7,394.76235,0.8642401369863014,6.95,38.8,4.65,185417.75871360002,1.05,58.34334246575342,4.534542602739726,2021,923000.0,15697.278911564626
784,KANSAS,SMITH,20183,12.333198630136987,40.99708333333333,-29.344166666666666,24.625,212.66666666666666,508.09229166666665,0.7202528538812786,3.125,49.083333333333336,4.708333333333333,172803.07841760002,1.2083333333333335,65.01167808219178,3.9965952054794522,2021,3802000.0,88009.25925925926
785,KANSAS,STEVENS,20189,13.431552511415525,39.96333333333334,-28.413999999999998,36.733333333333334,213.8,342.0486,0.9721203652968037,12.666666666666666,42.4,2.6,195206.8363776,1.0666666666666667,55.663470319634705,4.623310136986301,2021,410000.0,7044.6735395189
786,KANSAS,SUMNER,20191,14.87645205479452,39.02214285714285,-27.502857142857145,33.67857142857143,190.39285714285714,629.02775,0.8015635029354208,1.7857142857142858,53.42857142857143,6.25,172143.3604690286,0.7142857142857142,64.87353228962819,4.232312720156556,2021,3908000.0,186985.64593301437
787,KANSAS,WABAUNSEE,20197,13.649727469358329,37.61473684210526,-27.849473684210526,13.210526315789473,195.73684210526315,728.4741052631579,0.7036979091564527,0.8421052631578947,56.63157894736842,7.63157894736842,165316.4398807579,4.578947368421053,66.23118961788032,4.2001785147801005,2021,1320000.0,33587.78625954199
788,KANSAS,WASHINGTON,20201,12.589867579908674,39.137499999999996,-28.72666666666667,9.458333333333334,206.125,526.2523333333334,0.6224922374429224,1.4583333333333335,53.708333333333336,4.791666666666667,167917.5522576,3.2083333333333335,69.18052511415524,3.9905221461187215,2021,6376000.0,132008.28157349897
789,KANSAS,WILSON,20205,14.455132420091322,36.777499999999996,-27.14916666666667,7.833333333333333,185.08333333333334,987.2738333333333,0.600701598173516,0.0,66.25,11.333333333333334,164705.06741760002,2.5833333333333335,71.27271689497717,3.754722602739726,2021,2287000.0,71692.78996865204
790,KANSAS,WOODSON,20207,13.831818493150687,36.621249999999996,-26.25125,2.75,191.75,1090.693125,0.5364311643835616,0.0,65.5,11.5,164631.8149776,2.625,73.10041095890412,3.8447349315068493,2021,1199000.0,38306.70926517572
791,NORTH DAKOTA,ADAMS,38001,7.814682440846824,39.2230303030303,-35.236060606060605,16.424242424242426,263.09090909090907,329.12760606060607,0.732029306766293,6.0,36.03030303030303,2.909090909090909,163202.96152669092,2.909090909090909,59.721154005811535,4.459816355334164,2021,240000.0,15094.33962264151
792,NORTH DAKOTA,BARNES,38003,7.21577397260274,37.94145833333334,-32.68208333333333,5.770833333333333,243.95833333333334,487.2552083333333,0.5580768835616439,1.7500000000000002,53.104166666666664,4.083333333333333,151289.7397776,6.1875,68.73825342465754,4.579576883561644,2021,11250000.0,356012.65822784806
793,NORTH DAKOTA,BENSON,38005,6.1088677459526775,37.31636363636364,-36.75727272727273,4.927272727272727,249.61818181818182,371.98565454545457,0.5317410709838107,1.1454545454545455,42.2,3.6363636363636362,149358.46037760001,5.127272727272727,68.53969613947696,4.545999850560398,2021,3899000.0,190195.1219512195
794,NORTH DAKOTA,BOTTINEAU,38009,5.367165296803653,37.777,-37.464333333333336,5.883333333333334,268.45,274.97658333333334,0.5659280365296804,2.35,40.56666666666667,2.0,147671.3748096,4.5,65.68835616438356,4.164626347031963,2021,5387000.0,268009.9502487562
795,NORTH DAKOTA,BURKE,38013,5.28358904109589,35.96,-37.18945945945946,1.972972972972973,272.43243243243245,296.3167027027027,0.56350181414291,1.5675675675675675,37.351351351351354,2.0540540540540544,150245.9990067892,3.135135135135135,65.05869677897076,4.65463761569789,2021,770000.0,35000.0
796,NORTH DAKOTA,BURLEIGH,38015,7.17201494396015,37.197878787878786,-34.52075757575757,11.545454545454545,248.0909090909091,316.2872121212121,0.6236826899128268,1.6515151515151514,52.484848484848484,1.6818181818181819,153023.06781032728,5.606060606060606,64.43113740141138,4.292377542548776,2021,1864000.0,134100.71942446043
797,NORTH DAKOTA,CASS,38017,7.5058269406392695,38.684999999999995,-31.699,7.216666666666667,239.6,387.2737333333333,0.6068544748858448,3.2333333333333334,52.86666666666667,1.9333333333333333,150900.5804256,6.766666666666667,66.40406392694064,4.354172694063927,2021,15120000.0,451343.2835820895
798,NORTH DAKOTA,CAVALIER,38019,5.218061643835616,37.155833333333334,-37.467083333333335,1.6458333333333333,257.4791666666667,395.9072708333333,0.4573127853881278,0.6875,40.708333333333336,3.875,144338.5305576,6.041666666666667,71.37764269406392,4.560209646118722,2021,4382000.0,155390.0709219858
799,NORTH DAKOTA,DICKEY,38021,7.586026567040265,37.31515151515152,-32.236666666666665,5.424242424242424,245.27272727272728,443.00851515151516,0.5515962640099626,1.303030303030303,53.878787878787875,2.606060606060606,155636.2312285091,6.818181818181818,68.68890826068909,4.373160564549606,2021,6218000.0,191913.5802469136
800,NORTH DAKOTA,DIVIDE,38023,5.455338250790305,36.59410256410256,-35.67025641025641,3.769230769230769,277.53846153846155,274.38820512820513,0.6047654373024236,2.5897435897435894,28.94871794871795,2.1025641025641026,152707.9205376,2.1794871794871793,63.541903758342116,4.439784053389533,2021,566000.0,41617.64705882353
801,NORTH DAKOTA,EDDY,38027,6.56502397260274,36.984375,-35.5,4.5,247.625,334.5645625,0.5701597602739726,0.875,44.4375,2.4375,151605.21407760002,5.0,67.05044520547945,4.533732191780822,2021,1776000.0,88800.0
802,NORTH DAKOTA,EMMONS,38029,7.7122113502935425,36.949107142857144,-33.91517857142857,13.535714285714286,247.125,314.2245892857143,0.6405369863013698,1.5714285714285714,51.482142857142854,1.5892857142857144,158126.24551474286,4.517857142857143,64.19984833659491,4.310683659491194,2021,3080000.0,149514.5631067961
803,NORTH DAKOTA,FOSTER,38031,7.040195205479452,38.861875,-33.8525,9.0,244.625,343.94775,0.6062852739726028,2.75,49.0625,2.3125,152600.3212176,5.625,66.34808219178082,4.633167123287671,2021,3244000.0,156714.97584541063
804,NORTH DAKOTA,GRAND FORKS,38035,6.614959978511953,38.786078431372545,-32.934705882352944,4.745098039215686,244.52941176470588,400.0502549019608,0.5694537738383024,1.1176470588235292,51.68627450980392,2.235294117647059,148577.07673524707,6.352941176470589,66.97179156594144,4.456993661026054,2021,6109000.0,208498.29351535835
805,NORTH DAKOTA,GRIGGS,38039,7.026354794520548,38.373000000000005,-34.1365,8.65,244.15,344.5389,0.6220472602739726,1.35,49.3,1.5,152513.56028160002,6.35,65.61090410958904,4.678023698630137,2021,3380000.0,130000.0
806,NORTH DAKOTA,HETTINGER,38041,7.479540410958904,39.14325,-35.3455,15.075,268.025,351.89085,0.7083035616438356,3.975,35.15,3.8,160967.1064896,3.825,60.168232876712324,4.435140410958904,2021,362000.0,18190.954773869347
807,NORTH DAKOTA,KIDDER,38043,6.869928990774392,35.79326530612245,-34.88204081632653,4.408163265306122,248.71428571428572,382.58683673469386,0.576970142577579,0.14285714285714285,51.42857142857143,2.8979591836734695,153844.3661865796,4.795918367346939,66.18438915292144,4.309382275649987,2021,2426000.0,109279.27927927929
808,NORTH DAKOTA,LAMOURE,38045,7.466894977168949,38.78878787878788,-32.76030303030303,6.303030303030303,244.24242424242425,409.5043636363636,0.5621064342050643,1.6363636363636365,52.81818181818182,2.6363636363636362,153282.60097396365,4.242424242424242,67.92365296803654,4.500053715234537,2021,8902000.0,283503.1847133758
809,NORTH DAKOTA,LOGAN,38047,6.956418264840183,34.994,-34.174,1.5666666666666667,250.0,372.5885333333333,0.5457878538812786,0.23333333333333334,54.2,2.2333333333333334,157192.8860736,4.366666666666667,66.89612785388128,4.475911324200913,2021,2772000.0,121578.94736842105
810,NORTH DAKOTA,MCHENRY,38049,6.386974885844749,37.46319444444444,-36.111805555555556,8.277777777777779,255.30555555555554,289.2320555555556,0.6152431506849315,1.6388888888888888,38.40277777777778,1.8194444444444444,148135.26437760002,5.791666666666667,64.06880898021309,4.260722907153729,2021,2997000.0,188490.56603773584
811,NORTH DAKOTA,MCINTOSH,38051,7.005420598680873,35.1925925925926,-34.4562962962963,1.7777777777777777,250.25925925925927,384.8729259259259,0.5425900558092339,0.3333333333333333,54.37037037037037,1.9629629629629628,159865.38421760002,5.185185185185185,67.3,4.448018061897514,2021,2655000.0,133417.0854271357
812,NORTH DAKOTA,MCKENZIE,38053,7.135141624420235,39.0163779527559,-34.351496062992126,15.566929133858268,263.81102362204723,181.79784251968505,0.7347182396720958,6.858267716535433,24.74015748031496,1.3937007874015748,158370.1846081512,1.763779527559055,59.42759572861611,4.239022715996117,2021,230000.0,16428.571428571428
813,NORTH DAKOTA,MCLEAN,38055,6.661819401733296,38.13530612244898,-35.99969387755102,10.295918367346939,254.9387755102041,299.6110408163265,0.6198172211350294,2.0816326530612246,42.775510204081634,2.183673469387755,150660.10670576326,4.918367346938775,63.997430807939615,4.403449566675985,2021,3236000.0,229503.54609929078
814,NORTH DAKOTA,MERCER,38057,7.140944634703197,38.53604166666667,-35.306666666666665,15.270833333333334,259.0208333333333,305.5467291666667,0.6674183789954338,4.6875,39.583333333333336,2.583333333333333,152862.02951760002,5.375,62.311603881278536,4.323835844748858,2021,329000.0,32900.0
815,NORTH DAKOTA,MORTON,38059,7.582489189635254,38.30939759036145,-34.693253012048196,18.373493975903614,256.3855421686747,317.8736024096386,0.6881659349727678,3.855421686746988,48.566265060240966,1.9156626506024095,155533.34762579278,4.746987951807229,61.943891731308796,4.308663772899818,2021,801000.0,66198.34710743802
816,NORTH DAKOTA,MOUNTRAIL,38061,5.942457973955691,37.35358024691358,-36.03024691358024,7.407407407407407,265.4320987654321,259.05793827160494,0.6049281582952816,3.0246913580246915,37.08641975308642,1.9012345679012346,151064.67851093333,2.5185185185185186,64.43943852528328,4.445102790461695,2021,1326000.0,92727.27272727272
817,NORTH DAKOTA,NELSON,38063,6.2793875906527,36.955,-36.64352941176471,3.3529411764705883,246.6764705882353,362.38364705882356,0.5570079774375504,0.7058823529411764,50.73529411764706,1.9705882352941178,149458.31311171767,6.088235294117647,67.48979854955681,4.694096535052377,2021,4234000.0,152302.1582733813
818,NORTH DAKOTA,OLIVER,38065,7.140413698630137,39.239999999999995,-37.172,15.45,257.7,294.8491,0.6561909589041096,2.85,46.0,1.75,151316.2247616,6.05,62.9467397260274,4.36187808219178,2021,319000.0,29537.037037037036
819,NORTH DAKOTA,PEMBINA,38067,5.974637181996086,39.53628571428571,-33.73657142857143,3.571428571428571,253.34285714285716,373.83331428571427,0.5286465753424657,1.0857142857142859,40.714285714285715,3.1142857142857143,145392.6295296,7.228571428571429,68.15237573385518,4.215098003913894,2021,4246000.0,145410.9589041096
820,NORTH DAKOTA,PIERCE,38069,5.90919612429001,37.754634146341466,-37.67146341463415,6.878048780487805,255.9268292682927,297.3757317073171,0.5589820247243569,1.5121951219512195,41.21951219512195,1.7560975609756098,147944.38466247806,6.024390243902439,67.0450985633144,4.368664216505179,2021,2113000.0,132893.0817610063
821,NORTH DAKOTA,RAMSEY,38071,5.974089428792969,38.65018867924528,-37.63377358490566,4.339622641509434,248.81132075471697,381.5182075471698,0.5050354096665806,1.8679245283018868,44.60377358490566,3.2264150943396226,148184.4089240151,4.5094339622641515,70.2664254329284,4.522685396743345,2021,5233000.0,165601.2658227848
822,NORTH DAKOTA,RANSOM,38073,7.62309703196347,37.19958333333333,-31.977083333333336,5.083333333333333,240.79166666666666,422.72974999999997,0.5399108447488584,0.7083333333333333,57.041666666666664,2.125,150785.64797760002,5.5,69.98555936073059,4.374572260273973,2021,5074000.0,145386.8194842407
823,NORTH DAKOTA,RENVILLE,38075,5.669743248532289,38.52885714285714,-36.692571428571426,6.2,267.77142857142854,288.78351428571426,0.6075650097847358,3.685714285714286,41.02857142857143,1.9142857142857141,148609.9650816,3.4,63.56158904109589,4.34084649706458,2021,3434000.0,153991.03139013454
824,NORTH DAKOTA,RICHLAND,38077,7.829555048198884,38.782407407407405,-31.670555555555556,8.296296296296296,236.90740740740742,459.9701851851852,0.588371131405378,4.425925925925926,58.18518518518518,2.7407407407407405,152379.7427776,7.203703703703703,67.9545154743785,4.2119443937087775,2021,11179000.0,300510.75268817204
825,NORTH DAKOTA,ROLETTE,38079,4.846627201565558,38.21714285714285,-38.36464285714286,4.571428571428571,267.64285714285717,296.77514285714284,0.5151051859099804,1.75,42.32142857142857,2.0357142857142856,145562.35017188572,4.714285714285714,67.7807338551859,4.267889334637965,2021,1868000.0,71297.70992366412
826,NORTH DAKOTA,SARGENT,38081,7.940851598173516,38.282916666666665,-32.42208333333333,7.541666666666666,239.83333333333334,450.23129166666666,0.5515164383561644,1.875,58.75,2.9166666666666665,151507.49657760002,7.958333333333334,69.95557077625571,4.35505296803653,2021,5968000.0,174502.92397660817
827,NORTH DAKOTA,SHERIDAN,38083,6.509348727984344,36.77028571428571,-36.350857142857144,6.771428571428571,252.45714285714286,327.77702857142856,0.5959943639921722,0.9428571428571428,48.142857142857146,2.1142857142857143,148771.39681645716,6.4,64.93049706457926,4.5404627788649705,2021,1857000.0,120584.41558441558
828,NORTH DAKOTA,SIOUX,38085,8.19832033719705,38.24115384615384,-33.92903846153847,17.25,249.5,338.7063846153846,0.6949567966280294,2.423076923076923,45.01923076923077,2.3653846153846154,160277.5797252923,4.673076923076923,62.016080084299254,4.314404583772392,2021,234000.0,13684.210526315788
829,NORTH DAKOTA,STEELE,38091,7.122376712328768,41.0615,-32.9585,7.95,240.65,373.25185,0.6206780821917809,2.9,49.85,2.25,150522.3603936,6.3,65.56621917808219,4.6994326027397255,2021,5189000.0,164208.86075949366
830,NORTH DAKOTA,STUTSMAN,38093,7.158295499021526,37.37904761904762,-33.73083333333333,5.2023809523809526,245.32142857142858,419.6969880952381,0.5837082517938682,1.3571428571428572,48.107142857142854,3.095238095238095,152966.6863776,3.880952380952381,66.68126549249837,4.5549777886497065,2021,13127000.0,458986.01398601395
831,NORTH DAKOTA,TOWNER,38095,5.17703196347032,38.053999999999995,-38.216,2.7333333333333334,262.3333333333333,372.67813333333334,0.4656696803652968,1.0666666666666667,40.9,3.1,145144.8544896,4.0,71.10426484018265,4.353251506849315,2021,4798000.0,153290.73482428116
832,NORTH DAKOTA,TRAILL,38097,7.018545009784736,39.97535714285714,-31.970714285714283,6.428571428571429,242.14285714285714,371.45910714285714,0.59396771037182,3.0357142857142856,49.82142857142857,1.6428571428571428,150655.61752045716,5.25,66.49715264187867,4.374613013698631,2021,4920000.0,182899.62825278813
833,NORTH DAKOTA,WALSH,38099,6.030568166992825,38.235,-34.05809523809524,2.6666666666666665,250.07142857142858,390.16054761904763,0.5155302022178735,0.6428571428571429,45.785714285714285,2.9523809523809526,146780.01448045715,6.380952380952381,69.19170906718853,4.39231441617743,2021,3198000.0,122061.06870229008
834,NORTH DAKOTA,WARD,38101,6.154350567093828,37.82827956989247,-36.04989247311828,7.064516129032258,259.3763440860215,295.87513978494627,0.6300985417587274,3.021505376344086,41.53763440860215,1.6774193548387097,148726.1416059871,4.225806451612903,62.85816467815584,4.546085078803948,2021,4483000.0,241021.50537634408
835,NORTH DAKOTA,WELLS,38103,6.5440073059360735,37.25555555555555,-35.01911111111111,5.0,248.93333333333334,392.89022222222223,0.5620036529680366,1.1555555555555554,43.08888888888889,4.2444444444444445,149910.0971136,5.733333333333333,66.95550076103501,4.549645662100457,2021,5331000.0,237991.07142857145
836,NORTH DAKOTA,WILLIAMS,38105,6.192514294222752,37.58826086956522,-35.168586956521736,8.641304347826086,269.19565217391306,215.99652173913043,0.6533374627754616,3.869565217391304,27.119565217391305,1.6195652173913042,154610.61250977393,1.6304347826086956,62.28396962477665,4.259574597974985,2021,664000.0,40000.0
837,SOUTH DAKOTA,AURORA,46003,9.729849315068494,39.793,-30.97,11.3,229.7,389.15335,0.6304204109589041,0.75,42.5,3.25,166302.9013536,4.5,65.8674109589041,4.060824109589041,2021,2968000.0,87294.11764705883
838,SOUTH DAKOTA,BEADLE,46005,9.305913242009133,38.27777777777778,-30.430555555555557,8.472222222222221,234.16666666666666,423.63941666666665,0.6029727549467275,1.0,48.0,2.9166666666666665,162899.5243776,6.388888888888889,67.35733637747337,4.1148532724505325,2021,7012000.0,188494.62365591395
839,SOUTH DAKOTA,BON HOMME,46009,10.716168493150684,39.766999999999996,-30.043,13.7,217.5,434.84250000000003,0.6927157534246575,1.9000000000000001,48.35,2.9,164882.2166496,5.55,64.30593150684932,3.926161095890411,2021,3922000.0,93603.81861575179
840,SOUTH DAKOTA,BROOKINGS,46011,8.278156555772993,36.24857142857143,-32.701904761904764,4.857142857142857,235.0,443.2225714285714,0.5222405740378343,1.0,63.857142857142854,1.4285714285714284,155726.9167433143,8.380952380952381,70.51047619047618,4.160282191780822,2021,6015000.0,127707.00636942674
841,SOUTH DAKOTA,BROWN,46013,8.337676614481408,38.385,-31.388392857142858,8.357142857142858,241.48214285714286,436.275875,0.5909053816046967,2.4107142857142856,55.160714285714285,3.392857142857143,159470.54944045717,6.339285714285714,68.09550880626223,4.13937656555773,2021,11821000.0,298510.101010101
842,SOUTH DAKOTA,BRULE,46015,10.027195995785037,39.82038461538461,-30.261153846153846,14.307692307692308,230.6153846153846,385.8514230769231,0.675690832455216,1.8076923076923077,39.57692307692308,2.8461538461538463,167866.78591606155,5.346153846153846,64.3295468914647,4.072633930453109,2021,2998000.0,86898.55072463768
843,SOUTH DAKOTA,CAMPBELL,46021,8.41617033948779,38.30869565217392,-33.47434782608696,20.0,244.8695652173913,337.41665217391306,0.6871649791542584,2.9565217391304346,49.21739130434783,1.5217391304347827,161829.54156020872,4.304347826086956,63.237391304347824,4.288182132221561,2021,1809000.0,78995.63318777292
844,SOUTH DAKOTA,CHARLES MIX,46023,10.7092186888454,39.83821428571429,-30.490178571428572,15.285714285714286,220.375,384.00851785714286,0.7083272504892367,1.1428571428571428,41.125,2.839285714285714,169248.00744617142,4.125,62.90769569471624,3.94936198630137,2021,5812000.0,147512.69035532995
845,SOUTH DAKOTA,CLARK,46025,8.402319634703197,36.39666666666667,-30.813666666666666,4.9,233.23333333333332,493.82123333333334,0.5673015525114156,0.8666666666666667,59.86666666666667,3.6666666666666665,159918.35765760002,8.5,68.62938812785387,4.412307671232877,2021,7418000.0,152008.19672131148
846,SOUTH DAKOTA,CLAY,46027,10.635668188736682,37.0,-33.467777777777776,9.222222222222221,219.33333333333334,437.676,0.6663315068493151,2.111111111111111,59.0,2.2222222222222223,161817.7589376,7.888888888888888,65.66529680365296,3.981910502283105,2021,4820000.0,99792.96066252589
847,SOUTH DAKOTA,CODINGTON,46029,7.8569299847793,35.87166666666666,-32.04055555555556,4.333333333333333,236.94444444444446,557.1416666666667,0.5400287671232876,1.222222222222222,62.77777777777778,4.166666666666667,157163.1955776,8.722222222222221,69.2172298325723,4.329166362252664,2021,5243000.0,96201.83486238532
848,SOUTH DAKOTA,DOUGLAS,46043,10.107001245330013,38.342727272727274,-30.617272727272724,10.909090909090908,223.36363636363637,428.19754545454543,0.6498485678704857,0.4545454545454546,41.90909090909091,2.8181818181818183,167533.4567703273,3.8181818181818183,65.19770859277709,4.0073352428393525,2021,3557000.0,79397.32142857143
849,SOUTH DAKOTA,EDMUNDS,46045,8.229568285595683,37.65636363636363,-32.947878787878786,8.272727272727273,244.45454545454547,418.09924242424245,0.5949487754254877,1.0909090909090908,49.15151515151515,4.0,161035.06247214545,5.151515151515151,66.7736405147364,4.181720630967207,2021,4173000.0,179098.7124463519
850,SOUTH DAKOTA,FAULK,46049,8.762696093353627,38.27851851851852,-32.211111111111116,10.88888888888889,239.66666666666666,391.09988888888887,0.6219219685438864,1.1851851851851851,46.81481481481482,3.9259259259259256,162409.65589760002,5.518518518518518,65.84673769660071,4.168299746321664,2021,4621000.0,163286.21908127208
851,SOUTH DAKOTA,GRANT,46051,8.147964774951076,36.33047619047619,-30.81047619047619,3.952380952380952,233.95238095238096,552.4886190476191,0.5461459882583171,1.380952380952381,58.523809523809526,4.0476190476190474,155492.76286902858,10.714285714285714,68.55368558382257,4.229869145466406,2021,5433000.0,111104.2944785276
852,SOUTH DAKOTA,HAMLIN,46057,8.312168949771689,36.5675,-31.750833333333333,5.75,235.25,473.8896666666667,0.553977397260274,1.5,61.0,2.5833333333333335,157097.94053760002,7.5,69.3466210045662,4.252879223744292,2021,4763000.0,89194.75655430713
853,SOUTH DAKOTA,HAND,46059,9.15711350293542,38.95761904761905,-31.048809523809524,9.69047619047619,233.64285714285714,378.0015,0.6301365949119374,1.0476190476190474,44.785714285714285,2.857142857142857,165219.9137033143,4.4523809523809526,65.16348336594912,4.245858838878017,2021,7900000.0,198992.44332493702
854,SOUTH DAKOTA,HANSON,46061,9.821464231354643,38.76111111111111,-30.243333333333332,10.666666666666666,226.22222222222223,450.3863333333333,0.6221689497716895,1.777777777777778,53.55555555555556,2.444444444444444,162829.4606976,6.222222222222222,67.25805175038052,4.026939726027398,2021,3256000.0,81400.0
855,SOUTH DAKOTA,HUGHES,46065,9.95974281926646,40.75387096774193,-30.815806451612904,25.838709677419356,231.74193548387098,321.0438064516129,0.7304792752982766,4.193548387096774,38.70967741935484,3.032258064516129,166528.4918511484,1.903225806451613,62.464551480335835,4.393228899690676,2021,1260000.0,35097.4930362117
856,SOUTH DAKOTA,HUTCHINSON,46067,10.162472276581866,39.12761904761904,-30.392380952380954,11.666666666666666,221.1904761904762,450.98414285714284,0.646360469667319,2.7142857142857144,52.23809523809524,3.0,164478.18718902857,5.476190476190476,66.30574037834312,4.052879843444227,2021,5735000.0,157988.98071625346
857,SOUTH DAKOTA,JERAULD,46073,9.377360730593608,39.12166666666666,-29.813333333333333,8.666666666666666,230.0,355.12125,0.6244899543378996,0.75,44.583333333333336,2.75,165834.48101760002,5.333333333333333,65.13429223744292,4.228181735159817,2021,1833000.0,45710.72319201995
858,SOUTH DAKOTA,KINGSBURY,46077,8.778993150684931,36.50833333333333,-31.527083333333334,6.333333333333333,231.875,456.34729166666665,0.5610673515981734,0.875,59.958333333333336,2.75,158673.7973376,6.416666666666667,68.97698630136986,4.363182077625571,2021,6776000.0,156489.60739030025
859,SOUTH DAKOTA,LAKE,46079,8.769561643835615,36.212666666666664,-31.050666666666665,5.0,231.6,441.0831333333333,0.5377380821917809,0.8,64.93333333333334,1.2,157654.1638656,7.266666666666667,69.89892237442922,4.357317260273973,2021,4375000.0,110201.51133501259
860,SOUTH DAKOTA,LINCOLN,46083,9.835406849315069,37.05,-31.6445,6.7,224.05,495.3903,0.607206301369863,2.6,63.25,3.2,159884.66352960002,6.75,67.31449315068494,4.035292465753424,2021,6434000.0,124208.49420849422
861,SOUTH DAKOTA,LYMAN,46085,10.433021416168241,40.62929577464789,-29.218028169014083,24.12676056338028,228.01408450704224,346.34052112676056,0.7585828670654061,3.380281690140845,40.87323943661972,2.4788732394366195,168047.96393590988,3.3098591549295775,61.10894848543315,4.260632992475401,2021,2106000.0,71389.83050847458
862,SOUTH DAKOTA,MARSHALL,46091,7.751300228310502,36.9825,-33.25208333333333,5.333333333333333,239.0,525.2718333333333,0.5521554794520548,1.75,61.208333333333336,3.5,155035.18373760002,8.625,68.78760273972603,4.433675684931507,2021,4646000.0,96791.66666666667
863,SOUTH DAKOTA,MCCOOK,46087,9.41023287671233,37.0075,-30.015,7.583333333333334,227.75,442.23566666666665,0.5753216894977169,1.3333333333333333,56.75,1.4166666666666667,161650.3248576,7.0,68.88582191780822,4.208225342465753,2021,4214000.0,117709.49720670392
864,SOUTH DAKOTA,MCPHERSON,46089,7.593814860938148,36.14636363636363,-33.60212121212122,4.7272727272727275,247.84848484848484,420.9326363636364,0.5627189705271898,0.4545454545454546,52.72727272727273,2.8484848484848486,161360.48440669093,5.878787878787879,67.46346201743462,4.283511664591116,2021,1977000.0,101384.61538461539
865,SOUTH DAKOTA,MINER,46097,9.228098630136985,37.066,-30.565333333333335,6.4,230.66666666666666,365.1046666666667,0.5689704109589041,0.5333333333333333,58.2,0.6,160212.06236160002,5.933333333333334,68.82372602739726,4.242073242009132,2021,2753000.0,90559.2105263158
866,SOUTH DAKOTA,POTTER,46107,8.89536248682824,37.92961538461538,-33.20230769230769,19.423076923076923,236.57692307692307,342.1077307692308,0.6718206533192834,2.3461538461538463,42.84615384615385,3.3461538461538463,164246.4507899077,3.0,64.23241306638566,4.461451949420443,2021,2683000.0,94805.65371024735
867,SOUTH DAKOTA,SANBORN,46111,9.636714155251143,38.34466666666666,-30.178,9.4,232.0,345.92546666666664,0.6127645662100456,0.8666666666666667,50.266666666666666,1.2,162625.8531456,5.6,66.98489497716895,4.030718538812786,2021,2430000.0,60902.25563909775
868,SOUTH DAKOTA,SULLY,46119,9.493699391171994,39.685,-31.751944444444444,25.63888888888889,234.91666666666666,328.17938888888887,0.7025582191780821,5.222222222222222,38.69444444444444,2.361111111111111,165750.55349760002,2.138888888888889,64.04609589041097,4.348597184170472,2021,1785000.0,42908.653846153844
869,SOUTH DAKOTA,TRIPP,46123,10.599396281800392,40.206250000000004,-29.291785714285712,21.214285714285715,227.75,378.15189285714285,0.7765683953033268,3.7857142857142856,41.67857142857143,2.232142857142857,169401.48609188572,3.821428571428571,60.373957925636006,4.45275885518591,2021,1749000.0,65505.61797752809
870,SOUTH DAKOTA,TURNER,46125,9.966133561643836,36.811875,-31.981875,7.875,222.6875,521.1850625,0.6169594178082192,1.625,61.375,4.625,162896.1140376,7.6875,67.12907534246575,4.100150171232877,2021,5886000.0,134691.07551487413
871,SOUTH DAKOTA,UNION,46127,10.26743432715552,35.853529411764704,-32.546470588235294,5.647058823529411,221.2941176470588,530.3138823529412,0.59303787268332,0.9411764705882354,63.8235294117647,4.176470588235294,160104.4095540706,8.764705882352942,68.62908944399678,3.9709487510072523,2021,6018000.0,105394.04553415062
872,SOUTH DAKOTA,WALWORTH,46129,8.78057409713574,37.07272727272727,-33.78363636363636,16.5,238.0,321.3285,0.6856227895392278,2.7727272727272725,44.31818181818182,2.0454545454545454,162389.61431214545,3.909090909090909,62.714769613947695,4.421955417185554,2021,2243000.0,80107.14285714286
873,SOUTH DAKOTA,YANKTON,46135,10.438703196347031,37.166666666666664,-31.8,7.916666666666666,219.16666666666666,471.8358333333333,0.6315963470319634,0.8333333333333333,54.5,5.083333333333333,163892.59853760002,7.416666666666667,66.84388127853882,3.9360171232876713,2021,3578000.0,85598.08612440192
874,TEXAS,BRAZORIA,48039,21.455784735812134,34.29357142857143,-9.02875,4.339285714285714,60.94642857142857,1273.6854821428572,0.6213365949119374,0.0,84.28571428571429,15.428571428571429,151377.16768045715,1.7857142857142856,78.21364481409002,6.057409099804305,2021,281000.0,5805.785123966943
875,TEXAS,COOKE,48097,17.72724315068493,36.729166666666664,-21.1825,16.958333333333332,132.125,874.4538333333334,0.831763698630137,0.0,64.58333333333333,9.416666666666666,169614.24665760002,2.25,66.30566210045662,3.4050214611872147,2021,15100.0,599.2063492063493
876,TEXAS,FALLS,48145,19.451666509211147,36.74620689655172,-17.37448275862069,20.93103448275862,102.75862068965517,752.5664137931035,0.7527357581483232,0.0,65.72413793103448,7.655172413793103,167707.59572656552,4.310344827586207,72.26069910250354,3.826997732640529,2021,55500.0,1299.7658079625292
877,TEXAS,FANNIN,48147,17.848777397260275,36.441250000000004,-20.215,18.708333333333332,129.875,913.4314583333334,0.7886159817351598,0.0,75.125,10.208333333333334,165006.64985760002,1.4166666666666667,68.89163242009133,3.448387328767123,2021,129000.0,4942.528735632183
878,TEXAS,FORT BEND,48157,21.210261599646486,35.08032258064516,-10.36741935483871,9.548387096774194,72.03225806451613,1282.670935483871,0.6712178524083076,0.0,88.38709677419355,15.129032258064516,153016.11630534194,3.096774193548387,76.72030932390632,5.400882633672117,2021,92200.0,1800.78125
879,TEXAS,GRAYSON,48181,17.981689497716896,37.014242424242425,-20.30727272727273,19.606060606060606,126.84848484848484,1040.9309393939393,0.8270673308426734,0.0,72.6969696969697,12.424242424242424,168054.0583994182,2.787878787878788,67.18717310087173,3.4392065587380656,2021,44000.0,2000.0
880,TEXAS,HUNT,48231,18.141702054794518,35.60208333333333,-18.902916666666666,10.25,125.0,904.1919583333333,0.7527578767123287,0.0,73.95833333333333,10.791666666666666,163434.6936576,1.7916666666666667,70.26157534246575,3.529263698630137,2021,125000.0,5040.322580645161
881,TEXAS,HUTCHINSON,48233,15.16300410958904,40.4215,-24.332,37.8,193.65,340.00105,1.0876609589041095,16.4,40.3,2.8,195589.6670016,0.25,52.48561643835617,4.575002191780822,2021,25300.0,500.0
882,TEXAS,LAMAR,48277,17.71235616438356,36.5984,-20.934,18.92,133.24,829.979,0.7617986849315068,0.0,74.72,8.64,162931.22784,1.84,69.82158904109589,3.3900966575342464,2021,538000.0,12396.3133640553
883,TEXAS,LIBERTY,48291,20.599729539866527,35.294102564102566,-10.865641025641025,7.794871794871795,83.51282051282051,1353.8818717948718,0.5798106076571831,0.0,102.0,14.564102564102564,150097.00890683077,4.769230769230769,79.03593958552862,5.045934387074113,2021,79100.0,3547.085201793722
884,TEXAS,MATAGORDA,48321,21.52409220231823,33.535961538461535,-8.735961538461538,1.0961538461538463,53.26923076923077,1417.8095384615385,0.6204691780821918,0.0,75.36538461538461,16.057692307692307,162042.09469144617,3.153846153846154,78.1877502634352,6.426505110642783,2021,68000.0,2730.9236947791164
885,TEXAS,VICTORIA,48469,21.46387795765878,36.59878787878788,-10.026060606060607,18.454545454545453,69.03030303030303,1263.9116666666666,0.7305935242839353,0.0,75.18181818181819,14.636363636363637,159391.86093032727,3.3636363636363638,75.29769198837693,5.827674802822748,2021,109000.0,2299.57805907173
886,TEXAS,WHARTON,48481,20.9729698630137,35.117000000000004,-10.24375,5.8,74.4,1235.24115,0.6623768493150685,0.0,79.95,13.55,157319.7624576,3.0749999999999997,76.90779452054795,5.613299452054794,2021,323000.0,6383.399209486166
887,ARKANSAS,ARKANSAS,05001,17.436318400592373,37.29486486486487,-14.881081081081081,36.027027027027025,141.6216216216216,938.2262702702702,0.8102068863383932,0.0,76.83783783783784,11.432432432432433,142423.87364523244,18.486486486486488,67.73462421325435,5.417911218067382,2022,9576000.0,171000.0
888,ARKANSAS,ASHLEY,05003,17.89999589041096,37.069,-13.169999999999998,23.95,138.15,1138.0846999999999,0.7480132876712329,0.0,76.85,13.35,145922.2116768,18.1,69.47791780821917,5.026012876712329,2022,3140000.0,52596.31490787269
889,ARKANSAS,CHICOT,05017,17.93019908675799,36.67333333333333,-13.012,15.933333333333334,133.93333333333334,1123.3622666666668,0.7375413698630138,0.0,78.93333333333334,13.466666666666667,146506.45970880002,17.46666666666667,69.95609132420091,5.587480913242009,2022,9240000.0,170794.82439926063
890,ARKANSAS,CLAY,05021,15.34311301369863,36.949375,-18.84,17.25,169.125,1171.8613125,0.6505989726027397,0.0,76.75,14.8125,139900.6610928,22.1875,70.32256849315068,4.905726883561644,2022,6110000.0,111700.18281535649
891,ARKANSAS,CONWAY,05029,16.171780821917807,39.29066666666667,-16.160666666666668,35.266666666666666,164.46666666666667,968.04,0.7633316894977169,0.06666666666666667,76.93333333333334,10.4,140194.03020480002,22.53333333333333,67.49393607305936,2.9892224657534245,2022,506000.0,15911.949685534591
892,ARKANSAS,CRAIGHEAD,05031,15.680373287671234,37.24875,-18.34375,19.75,164.75,1064.3953125,0.6924256849315069,0.0,77.4375,13.875,141649.6006728,21.8125,69.36931506849315,5.392368321917808,2022,4445000.0,95591.39784946236
893,ARKANSAS,CRITTENDEN,05035,16.569936488169365,37.143181818181816,-17.150909090909092,16.272727272727273,150.72727272727272,1051.6656363636364,0.7217435865504358,0.0,85.86363636363636,11.727272727272727,139591.45149643638,21.5,69.16261519302616,5.31255703611457,2022,11571000.0,217500.0
894,ARKANSAS,CROSS,05037,16.175490410958904,37.245,-17.568,18.1,161.5,967.4264,0.7206931506849314,0.0,82.5,10.8,141021.5302368,21.3,68.75756164383561,5.512025479452055,2022,8408000.0,162003.8535645472
895,ARKANSAS,DESHA,05041,17.694686757990866,36.83866666666667,-14.063333333333333,21.7,137.16666666666666,1039.4792,0.776843196347032,0.0,79.96666666666667,12.666666666666666,144188.75004480002,17.866666666666667,68.5556712328767,5.440714063926941,2022,9296000.0,158095.2380952381
896,ARKANSAS,DREW,05043,17.690712328767123,37.498000000000005,-13.849,25.7,138.05,1175.84585,0.7549169863013698,0.0,80.7,13.7,144625.7213568,18.05,68.96734246575343,4.866614246575343,2022,1807000.0,29192.245557350565
897,ARKANSAS,FAULKNER,05045,16.273328046142755,39.03842105263158,-16.04157894736842,35.421052631578945,164.89473684210526,939.0155789473685,0.7608658976207642,0.0,79.26315789473684,11.368421052631579,138578.65600016844,24.36842105263158,67.66966113914924,3.5415698630136987,2022,264000.0,6616.541353383459
898,ARKANSAS,GREENE,05055,15.511245521601687,37.26461538461538,-18.666153846153847,20.0,166.76923076923077,1101.4495384615384,0.6772897787144362,0.0,78.38461538461539,16.153846153846153,140505.82339126154,22.846153846153847,69.65896733403582,5.0613178082191785,2022,3817000.0,73403.84615384616
899,ARKANSAS,INDEPENDENCE,05063,15.504555321390937,38.60230769230769,-18.26153846153846,22.884615384615387,166.19230769230768,1106.0342692307693,0.6969334035827186,0.0,77.8076923076923,13.461538461538462,140486.98520049232,22.423076923076923,67.94462592202318,3.8237214963119075,2022,974000.0,22703.962703962705
900,ARKANSAS,JACKSON,05067,15.585857534246575,36.5225,-17.773500000000002,14.2,166.9,1095.7464,0.6530401369863014,0.0,79.05,14.2,141443.6603328,22.35,70.17171232876711,5.201667123287671,2022,4181000.0,108880.20833333334
901,ARKANSAS,JEFFERSON,05069,17.392042074363992,37.31857142857143,-14.804285714285713,35.142857142857146,142.03571428571428,915.005,0.8095974559686889,0.0,78.89285714285714,10.571428571428571,142926.22786422857,18.071428571428573,67.06122309197652,5.031473776908023,2022,6071000.0,105399.30555555555
902,ARKANSAS,LAWRENCE,05075,15.45827701674277,37.342777777777776,-18.485555555555557,19.88888888888889,168.05555555555554,1149.9613333333334,0.6527633181126332,0.1111111111111111,76.72222222222223,15.833333333333332,141255.2744928,22.38888888888889,70.3127397260274,4.783038356164384,2022,3209000.0,65893.22381930184
903,ARKANSAS,LEE,05077,16.515551859099805,37.04357142857143,-16.14,17.57142857142857,155.07142857142858,1062.8609999999999,0.6615401174168297,0.0,80.64285714285714,13.785714285714285,141712.99474422858,19.928571428571427,72.03270058708415,5.43620156555773,2022,7599000.0,131698.44020797225
904,ARKANSAS,LINCOLN,05079,17.597624266144816,37.02928571428571,-14.496428571428572,30.5,138.35714285714286,983.3282857142857,0.8030273972602741,0.0,79.64285714285714,11.928571428571429,144276.40992137144,18.785714285714285,67.35825831702545,5.082853228962818,2022,3958000.0,65098.68421052632
905,ARKANSAS,LITTLE RIVER,05081,17.88415582191781,40.025,-13.50125,47.0625,136.25,919.15025,0.8301839041095891,3.375,69.25,10.875,144910.48139280002,18.6875,67.97765410958904,3.633531678082192,2022,328000.0,10512.820512820514
906,ARKANSAS,LONOKE,05085,16.70274444969296,37.26,-15.507241379310344,28.620689655172413,155.68965517241378,941.3614827586207,0.7613832782239018,0.0,78.34482758620689,11.206896551724139,140976.1346638345,19.896551724137932,67.89537080774681,5.080058573453,2022,4390000.0,88508.06451612903
907,ARKANSAS,MISSISSIPPI,05093,16.052398585947856,37.01774193548387,-17.9741935483871,15.387096774193548,158.7741935483871,1054.3177096774193,0.7166817498895272,0.0,85.70967741935483,11.548387096774194,138949.2862708645,22.451612903225808,68.46191780821917,5.2742798939460895,2022,16505000.0,277861.9528619529
908,ARKANSAS,MONROE,05095,16.664535388127856,37.36,-15.550416666666665,25.625,155.16666666666666,989.352375,0.7055002283105023,0.0,76.375,13.041666666666666,141696.4703328,19.708333333333332,70.86660958904109,5.532235388127854,2022,3966000.0,89728.5067873303
909,ARKANSAS,PHILLIPS,05107,16.96189562948467,36.79571428571429,-15.194761904761904,18.19047619047619,147.28571428571428,965.3365238095238,0.6864797129810829,0.0,78.71428571428571,11.666666666666666,142985.8870642286,19.428571428571427,71.78473581213308,5.427847619047619,2022,11135000.0,200992.77978339352
910,ARKANSAS,POINSETT,05111,15.970065068493149,37.13,-17.985625,17.0625,161.75,990.814375,0.7172065068493151,0.0,80.875,11.3125,140836.3995528,22.0,68.6569006849315,5.563708732876712,2022,9692000.0,196991.86991869917
911,ARKANSAS,POPE,05115,15.61644422700587,38.837857142857146,-17.721785714285716,28.464285714285715,163.96428571428572,1051.130892857143,0.7577650684931507,1.1071428571428572,79.10714285714286,12.892857142857142,140753.71714422858,21.357142857142858,66.00543052837573,2.4923318003913897,2022,354000.0,8082.191780821919
912,ARKANSAS,PRAIRIE,05117,16.577256700416914,37.19913043478261,-15.699130434782608,24.869565217391305,155.52173913043478,981.7231304347827,0.7242936271590232,0.0,77.34782608695652,12.08695652173913,141564.38113627827,21.0,69.43922572960095,5.420758189398452,2022,5050000.0,99802.37154150197
913,ARKANSAS,PULASKI,05119,16.695967621419676,38.344545454545454,-15.450909090909091,30.93939393939394,157.15151515151516,974.8918181818182,0.7660939809049399,0.0,80.24242424242425,11.575757575757576,139060.54771461818,22.454545454545453,67.62226650062267,3.9039547530095473,2022,609000.0,17203.389830508477
914,ARKANSAS,ST. FRANCIS,05123,16.413892237442923,37.51733333333333,-16.798,18.866666666666667,156.73333333333332,1034.0333333333333,0.7059870319634703,0.0,79.06666666666666,13.2,141602.3317728,20.066666666666666,69.98544292237443,5.4898,2022,7691000.0,147903.84615384616
915,ARKANSAS,WHITE,05145,15.893412069603851,37.968648648648646,-16.96081081081081,23.27027027027027,164.1891891891892,1038.0399459459459,0.7083354313217326,0.0,82.05405405405405,12.054054054054054,139456.28980955677,23.054054054054056,68.40987782302851,4.315408737504628,2022,1107000.0,30412.087912087914
916,ARKANSAS,WOODRUFF,05147,16.048472602739725,36.7165,-16.756999999999998,16.3,163.4,1009.1658,0.6795564383561643,0.0,80.4,11.65,141461.9110368,21.65,70.24117808219178,5.545797534246575,2022,4784000.0,119301.74563591022
917,ARKANSAS,YELL,05149,16.529707060063224,38.98230769230769,-16.813846153846153,34.64102564102564,155.46153846153845,1021.7581538461538,0.8449721812434141,4.17948717948718,73.46153846153847,13.333333333333334,142136.19028356925,20.94871794871795,64.32571127502635,2.450629574991219,2022,230000.0,6686.046511627907
918,KANSAS,ALLEN,20001,13.613760273972602,38.1175,-20.62875,26.375,193.625,773.178125,0.7325897260273972,0.5,69.625,7.125,141850.5222528,15.5,66.18215753424657,3.990225,2022,1450000.0,73604.06091370559
919,KANSAS,ANDERSON,20003,13.49891095890411,38.26166666666666,-21.162499999999998,27.666666666666668,195.58333333333334,735.9441666666667,0.776104794520548,1.1666666666666665,68.25,6.75,140640.18641280002,14.916666666666666,63.61792237442923,4.056846347031963,2022,2031000.0,86794.8717948718
920,KANSAS,ATCHISON,20005,12.080255707762557,36.733333333333334,-21.84,9.666666666666666,208.33333333333334,578.1746666666667,0.6207041095890411,0.0,58.833333333333336,4.5,134803.19897280002,18.166666666666668,66.5516894977169,3.8500552511415527,2022,3229000.0,72399.10313901344
921,KANSAS,BARBER,20007,14.63445205479452,43.222142857142856,-19.368571428571432,64.10714285714286,193.60714285714286,373.92675,1.0869196673189823,23.25,45.42857142857143,2.1785714285714284,157744.8541728,14.178571428571429,55.00512720156555,4.593479941291585,2022,239000.0,11890.547263681592
922,KANSAS,BARTON,20009,13.071275342465755,42.353500000000004,-22.1735,51.3,207.75,410.81080000000003,0.9664008219178082,18.4,47.35,3.7,154717.6271328,13.95,57.13442465753424,4.879243287671233,2022,789000.0,41308.90052356021
923,KANSAS,BOURBON,20011,14.072244292237443,38.89,-20.789166666666667,34.583333333333336,188.66666666666666,755.7838333333333,0.7918808219178082,1.9166666666666667,71.5,6.833333333333333,139359.4820928,16.416666666666668,64.01216894977169,3.726603652968037,2022,809000.0,47309.94152046783
924,KANSAS,BROWN,20013,11.7967100456621,36.75666666666667,-22.991666666666664,7.083333333333333,207.75,654.1055,0.6235739726027397,0.0,58.0,6.666666666666667,136939.0429728,18.416666666666668,65.87958904109588,4.1338764840182645,2022,6706000.0,125111.94029850746
925,KANSAS,BUTLER,20015,13.71493302891933,39.38027777777778,-21.077222222222222,36.02777777777778,191.83333333333334,678.0465,0.8762710806697108,8.416666666666666,56.888888888888886,7.611111111111111,147347.4527328,16.416666666666668,60.879467275494676,4.484066438356164,2022,1511000.0,82119.56521739131
926,KANSAS,CHASE,20017,13.501669863013698,38.986000000000004,-21.512999999999998,32.55,192.75,727.297,0.8835560273972602,8.5,59.4,7.15,144621.4432608,15.0,59.50701369863014,4.5368395890410955,2022,818000.0,24201.183431952664
927,KANSAS,CHAUTAUQUA,20019,14.834180365296803,40.87916666666667,-19.395,48.0,185.41666666666666,620.3994166666666,0.9230856164383561,7.583333333333334,61.0,5.5,146140.2268128,14.583333333333334,60.34018264840183,3.9951376712328766,2022,84800.0,6950.819672131148
928,KANSAS,CHEROKEE,20021,14.337993150684932,39.3925,-20.3625,29.583333333333332,187.83333333333334,678.6886666666667,0.7454554794520548,1.5833333333333335,69.83333333333333,4.833333333333333,142016.6802528,15.666666666666666,66.61963470319635,3.5304093607305935,2022,1505000.0,93478.26086956522
929,KANSAS,CHEYENNE,20023,11.310261252446184,41.36607142857143,-25.625714285714285,53.285714285714285,239.75,287.80442857142856,1.058559001956947,31.964285714285715,38.535714285714285,1.7142857142857142,155188.95456137144,13.642857142857142,50.981614481409004,4.57908385518591,2022,344000.0,5504.0
930,KANSAS,CLAY,20027,12.455770547945205,38.199375,-22.36375,24.5625,204.625,511.294,0.7590260273972603,1.3125,57.125,3.625,144680.7961728,16.0,62.59801369863014,4.222150684931507,2022,3226000.0,112797.20279720279
931,KANSAS,CLOUD,20029,12.560012176560122,38.638888888888886,-23.06722222222222,30.055555555555554,203.94444444444446,494.01666666666665,0.8264677321156773,5.666666666666667,52.27777777777778,4.722222222222222,146893.1039328,16.055555555555557,60.03150684931507,4.431186301369863,2022,2695000.0,102083.33333333334
932,KANSAS,COFFEY,20031,13.186027397260274,37.380833333333335,-21.026666666666667,21.25,195.75,715.8450833333334,0.7361294520547945,0.16666666666666666,64.75,6.333333333333333,142475.1949728,15.083333333333334,64.30956621004566,4.168838127853881,2022,2244000.0,82197.8021978022
933,KANSAS,COWLEY,20035,14.385242009132421,40.590833333333336,-20.279166666666665,38.791666666666664,187.29166666666666,693.8187916666667,0.9035364155251142,8.625,56.916666666666664,7.583333333333333,149315.2313328,15.666666666666666,60.37675799086758,4.342502397260274,2022,755000.0,79473.68421052632
934,KANSAS,DICKINSON,20041,12.949208767123286,38.346399999999996,-21.9776,30.88,199.56,644.17504,0.810752,5.52,57.48,6.84,146079.7829856,16.16,62.005709589041096,4.333449534246576,2022,3605000.0,128291.81494661921
935,KANSAS,DOUGLAS,20045,12.75972602739726,37.08,-20.92375,12.5,203.0,742.893,0.645275,0.0,66.875,8.0,137441.3552928,16.625,67.21184931506849,3.6568157534246577,2022,1253000.0,41906.35451505017
936,KANSAS,EDWARDS,20047,13.448027397260272,41.182,-21.834,55.666666666666664,205.66666666666666,308.47180000000003,1.0427998173515982,24.066666666666666,43.46666666666667,2.6,157714.7215968,15.533333333333333,55.15004566210045,4.999457351598173,2022,941000.0,26284.91620111732
937,KANSAS,ELK,20049,14.371639269406394,40.32333333333333,-20.004166666666666,39.0,187.33333333333334,645.6884166666666,0.885218493150685,6.0,62.583333333333336,5.583333333333333,146197.9736928,15.166666666666666,60.841369863013696,4.219659360730594,2022,293000.0,13886.255924170615
938,KANSAS,ELLSWORTH,20053,13.150223744292239,40.28277777777778,-22.345555555555556,46.833333333333336,202.05555555555554,472.66366666666664,0.932262404870624,15.277777777777777,49.72222222222222,5.0,152464.3828128,15.555555555555555,58.076468797564694,4.904512480974125,2022,357000.0,24620.689655172413
939,KANSAS,FRANKLIN,20059,13.157705479452055,37.36083333333333,-21.096666666666668,21.5,199.08333333333334,695.5103333333333,0.7341958904109589,0.16666666666666666,67.41666666666667,6.166666666666667,138967.2152928,15.666666666666666,64.42029680365296,3.8206563926940644,2022,1993000.0,84092.8270042194
940,KANSAS,GEARY,20061,12.872739726027397,38.48111111111111,-22.275555555555556,30.22222222222222,203.88888888888889,632.7418888888889,0.8100858447488585,2.5555555555555554,60.0,6.222222222222222,144002.2568928,16.77777777777778,61.52228310502284,4.237783866057839,2022,785000.0,19007.263922518163
941,KANSAS,GREENWOOD,20073,13.719446727549466,38.77611111111111,-20.757777777777775,32.47222222222222,192.36111111111111,667.2405555555556,0.8120340182648402,2.5277777777777777,61.30555555555556,6.333333333333333,145094.31881280002,15.194444444444445,62.810372907153734,4.2866769406392695,2022,611000.0,31015.22842639594
942,KANSAS,HARPER,20077,14.845510502283105,43.88866666666667,-19.461333333333336,72.46666666666667,189.2,396.38646666666665,1.1042239269406393,29.066666666666666,52.733333333333334,2.2666666666666666,155330.0090208,15.266666666666666,55.962666666666664,4.49773296803653,2022,199000.0,21170.212765957447
943,KANSAS,HARVEY,20079,13.568742465753425,40.108,-21.309,41.8,194.6,562.915,0.9079279452054795,12.3,54.0,4.4,149148.50950080002,14.9,59.68654794520548,4.5145142465753425,2022,2883000.0,110884.61538461539
944,KANSAS,HASKELL,20081,12.989246575342465,40.8275,-21.979166666666668,56.916666666666664,216.0,189.26891666666666,1.0995495433789955,27.25,32.416666666666664,0.5,162243.6128928,13.083333333333334,52.17230593607306,4.888675342465754,2022,176000.0,5751.633986928105
945,KANSAS,HODGEMAN,20083,13.225994781474235,41.08380952380952,-22.221904761904764,58.904761904761905,210.33333333333334,243.82828571428573,1.07633542074364,27.952380952380953,36.80952380952381,1.1428571428571428,158822.2376928,14.428571428571429,53.00563600782779,5.003474885844749,2022,53400.0,1080.9716599190283
946,KANSAS,JEFFERSON,20087,12.380593607305936,37.03916666666667,-21.69666666666667,12.583333333333334,204.58333333333334,708.4618333333333,0.6177237442922374,0.08333333333333333,63.75,6.25,136313.55377280002,16.583333333333332,67.68308219178083,3.704199086757991,2022,1889000.0,51192.411924119246
947,KANSAS,JEWELL,20089,11.976624429223744,39.577083333333334,-24.265,34.791666666666664,211.45833333333334,484.30925,0.8508825342465752,9.333333333333334,51.083333333333336,4.458333333333333,148800.1721328,16.166666666666668,58.31195205479452,4.412890068493151,2022,4197000.0,122005.81395348838
948,KANSAS,JOHNSON,20091,13.177251141552512,37.03,-21.35083333333333,18.916666666666668,195.33333333333334,777.7961666666666,0.7125363013698631,0.25,68.0,8.25,134399.8218528,18.25,65.04858447488584,3.5417431506849315,2022,894000.0,27090.909090909092
949,KANSAS,KINGMAN,20095,14.275742987606002,42.37380952380953,-20.70285714285714,60.857142857142854,193.57142857142858,412.47390476190475,1.0532344422700588,22.095238095238095,47.666666666666664,1.9523809523809523,154627.77483565715,14.380952380952381,55.939843444227,4.808791650358773,2022,382000.0,16902.654867256635
950,KANSAS,KIOWA,20097,13.764047488584474,41.720666666666666,-21.334666666666667,53.93333333333333,200.66666666666666,333.035,1.0558527853881279,21.6,44.666666666666664,1.8,158311.3055328,14.466666666666667,54.459799086758,5.053317260273973,2022,766000.0,18592.233009708736
951,KANSAS,LABETTE,20099,14.788303652968036,41.05833333333333,-19.934166666666666,44.583333333333336,181.58333333333334,683.3878333333333,0.8795445205479452,8.166666666666666,69.33333333333333,6.0,142315.0727328,14.916666666666666,62.77417808219178,3.8188799086757994,2022,610000.0,65591.39784946236
952,KANSAS,LEAVENWORTH,20103,12.753687214611872,37.4,-21.393333333333334,17.25,203.33333333333334,678.2196666666666,0.6744011415525114,0.0,66.41666666666667,5.916666666666666,134544.5807328,17.083333333333332,65.88710045662101,3.537440410958904,2022,1421000.0,37005.208333333336
953,KANSAS,LINCOLN,20105,13.00231811263318,40.78888888888889,-22.61888888888889,45.611111111111114,203.55555555555554,529.4736111111112,0.9070724505327246,14.055555555555555,51.55555555555556,7.388888888888888,150216.17705280002,16.22222222222222,58.50165905631658,4.523648706240487,2022,572000.0,46129.032258064515
954,KANSAS,LINN,20107,13.682600456621005,38.12166666666666,-20.748333333333335,29.0,195.08333333333334,735.7930833333334,0.7649200913242009,1.75,69.33333333333333,7.166666666666667,137969.8057728,16.416666666666668,64.45506849315068,3.600370776255708,2022,1527000.0,72714.28571428571
955,KANSAS,LYON,20111,13.194084474885846,38.15708333333333,-21.3175,26.458333333333332,197.625,769.7042083333333,0.78852899543379,2.4583333333333335,65.25,8.708333333333334,142647.4690128,15.041666666666666,62.301792237442925,4.2764700913242,2022,2127000.0,91287.55364806867
956,KANSAS,MARION,20115,13.345801643835616,39.0864,-21.6804,36.6,195.56,593.10228,0.8850254246575343,10.36,55.4,4.68,147399.7717728,15.36,60.04623561643836,4.62223002739726,2022,2259000.0,125500.0
957,KANSAS,MARSHALL,20117,11.859391552511415,37.780833333333334,-23.804166666666664,12.5,209.04166666666666,634.918375,0.6973421232876712,0.125,57.208333333333336,6.541666666666666,141066.86309280002,17.291666666666668,63.415376712328765,4.160392579908676,2022,6488000.0,165510.20408163263
958,KANSAS,MCPHERSON,20113,13.296765753424657,39.9385,-21.6815,43.7,200.45,472.5554,0.9089613698630137,12.2,51.9,3.35,150309.33626880002,15.75,59.441986301369866,4.691156027397261,2022,2018000.0,118705.88235294117
959,KANSAS,MEADE,20119,13.762343607305937,42.077083333333334,-21.083333333333332,63.416666666666664,206.04166666666666,260.69125,1.1411126712328767,31.041666666666668,39.541666666666664,1.3333333333333333,162349.1436528,12.916666666666666,51.269303652968034,4.737953652968037,2022,1310000.0,19293.078055964652
960,KANSAS,MIAMI,20121,13.237264840182648,37.385,-21.673333333333332,22.666666666666668,197.08333333333334,753.0211666666667,0.7192141552511416,0.8333333333333334,70.91666666666667,6.416666666666666,136170.95705280002,18.083333333333332,65.06664383561645,3.5413431506849316,2022,1726000.0,58310.810810810806
961,KANSAS,MITCHELL,20123,12.532601217656012,40.01777777777777,-23.240555555555556,43.94444444444444,207.88888888888889,517.638,0.8694850837138509,10.166666666666666,51.666666666666664,5.388888888888888,148614.5778528,16.555555555555557,59.21082191780822,4.339169863013699,2022,2093000.0,84395.16129032258
962,KANSAS,MONTGOMERY,20125,14.666066210045662,40.73583333333333,-19.729166666666668,46.0,183.66666666666666,659.662,0.8644938356164384,6.833333333333333,68.08333333333333,5.75,143906.4851328,13.416666666666666,63.23993150684932,3.805935388127854,2022,643000.0,60093.45794392524
963,KANSAS,MORRIS,20127,13.059251141552512,38.32888888888889,-22.252222222222223,30.444444444444443,198.88888888888889,659.1055,0.8420952815829528,3.555555555555556,60.888888888888886,5.388888888888889,144875.0639328,16.166666666666668,60.382009132420094,4.581753424657534,2022,1683000.0,51310.975609756104
964,KANSAS,NEMAHA,20131,11.480294520547945,35.455625,-23.693125,3.625,210.75,645.6915,0.5734289383561644,0.0,57.0625,7.375,139041.8143128,18.8125,68.12508561643835,4.108371746575342,2022,5097000.0,127107.2319201995
965,KANSAS,NEOSHO,20133,14.20514611872146,40.395,-19.858333333333334,34.083333333333336,185.58333333333334,796.7058333333333,0.7926470319634703,2.1666666666666665,71.33333333333333,8.083333333333334,142244.9094528,15.333333333333334,64.50296803652968,3.847463470319635,2022,666000.0,60000.0
966,KANSAS,OSAGE,20139,13.051455479452056,37.5875,-21.140625,21.625,200.625,687.51575,0.7396124999999999,0.4375,65.8125,6.0625,140220.7876728,14.5625,63.801078767123286,4.125318493150685,2022,2268000.0,90000.0
967,KANSAS,OSBORNE,20141,12.145119863013699,40.16291666666667,-23.77125,41.125,214.875,455.43833333333333,0.8607485159817351,10.208333333333334,52.166666666666664,3.958333333333333,151260.31349280002,14.5,58.62586757990867,4.4531972602739724,2022,818000.0,59708.029197080294
968,KANSAS,OTTAWA,20143,12.843817351598172,39.254999999999995,-22.24388888888889,35.888888888888886,201.55555555555554,558.5373333333333,0.828072907153729,6.166666666666667,55.833333333333336,6.166666666666667,147491.4839328,15.722222222222221,60.760015220700154,4.3782234398782345,2022,1574000.0,76407.76699029126
969,KANSAS,PAWNEE,20145,13.201804305283757,41.88761904761905,-22.076190476190476,54.42857142857143,208.23809523809524,341.55290476190476,1.0196504892367906,21.904761904761905,44.238095238095234,2.761904761904762,156875.0495328,15.142857142857142,55.648454011741684,4.881367253750815,2022,961000.0,21693.002257336346
970,KANSAS,PHILLIPS,20147,11.74603310502283,41.30125,-24.8025,43.041666666666664,220.54166666666666,405.4230416666667,0.8815208904109589,13.291666666666666,46.125,3.75,152822.2764528,13.208333333333334,56.92255707762557,4.407576141552512,2022,964000.0,37509.72762645914
971,KANSAS,PRATT,20151,13.967691324200914,42.346000000000004,-20.958000000000002,56.666666666666664,198.26666666666668,358.38966666666664,1.0528003652968037,21.4,46.06666666666666,1.5333333333333332,157445.08102080002,14.466666666666667,55.398575342465755,4.934431415525114,2022,1326000.0,34894.73684210526
972,KANSAS,RENO,20155,13.803383561643834,41.6578125,-21.1653125,54.25,197.75,421.3285625,0.9998698630136986,18.84375,45.21875,2.34375,153577.0105128,15.1875,57.007919520547944,4.756154280821917,2022,1881000.0,87488.37209302325
973,KANSAS,REPUBLIC,20157,12.033436834094369,39.47833333333333,-23.938888888888886,22.444444444444443,208.27777777777777,478.13955555555555,0.7978549467275494,4.111111111111111,50.94444444444444,3.611111111111111,146361.34649280002,16.27777777777778,60.012100456621006,4.34617503805175,2022,5129000.0,117908.0459770115
974,KANSAS,RICE,20159,13.290732420091325,41.620000000000005,-21.69066666666667,50.266666666666666,205.06666666666666,447.54926666666665,0.955235799086758,17.533333333333335,49.2,3.533333333333333,153544.8738528,15.533333333333333,58.293150684931504,4.795711780821918,2022,1068000.0,64727.27272727273
975,KANSAS,RILEY,20161,12.475750933997508,38.29,-22.592727272727274,23.0,206.63636363636363,590.2425,0.7544012453300124,1.409090909090909,59.31818181818182,4.818181818181818,142440.59556916365,16.272727272727273,62.762453300124534,4.01975803237858,2022,1394000.0,39602.27272727272
976,KANSAS,ROOKS,20163,12.277883561643835,40.887499999999996,-23.766666666666666,48.416666666666664,216.16666666666666,383.86816666666664,0.9337167808219178,17.208333333333332,44.166666666666664,4.041666666666667,153499.57397280002,12.666666666666666,55.711723744292236,4.6057652968036535,2022,321000.0,23093.525179856115
977,KANSAS,SALINE,20169,13.192356164383561,39.67666666666666,-21.686,40.93333333333333,200.4,542.6051333333334,0.8726664840182647,10.4,53.333333333333336,5.666666666666667,149001.2712288,15.266666666666666,60.34140639269407,4.457219543378995,2022,1443000.0,72878.78787878787
978,KANSAS,SEDGWICK,20173,14.113191273465246,40.95074074074074,-20.58185185185185,47.55555555555556,191.11111111111111,535.9313333333333,0.9528337899543379,15.481481481481481,53.59259259259259,4.703703703703703,150097.15513280002,15.518518518518519,59.067153729071535,4.391093860984272,2022,2737000.0,108181.81818181818
979,KANSAS,SEWARD,20175,13.580445205479453,41.652499999999996,-20.9775,66.66666666666667,209.58333333333334,235.83291666666668,1.1680593607305938,33.916666666666664,34.416666666666664,1.6666666666666667,163305.3572928,12.25,50.54139269406393,4.768310273972602,2022,394000.0,6804.8359240069085
980,KANSAS,SHAWNEE,20177,12.973019178082192,38.443999999999996,-21.25,21.933333333333334,202.73333333333332,702.2455333333334,0.7352575342465753,1.4,64.8,6.333333333333333,138887.5999968,15.866666666666667,64.17808219178082,3.9048679452054795,2022,1487000.0,42005.64971751413
981,KANSAS,SMITH,20183,11.760514840182648,40.415,-24.249583333333334,41.833333333333336,217.0,432.18041666666664,0.884758105022831,12.208333333333334,47.041666666666664,3.875,151000.64585280002,14.875,57.07115296803653,4.397499200913242,2022,2398000.0,96693.54838709677
982,KANSAS,STEVENS,20189,13.307556164383561,40.98133333333333,-21.063333333333333,58.8,212.4,256.6264,1.1439156164383562,26.866666666666667,29.4,2.6666666666666665,164721.4960608,12.0,50.21943378995434,4.709532602739726,2022,436000.0,6759.68992248062
983,KANSAS,SUMNER,20191,14.772658512720158,42.0875,-19.832142857142856,59.32142857142857,185.03571428571428,563.4687142857143,1.0216996086105674,22.928571428571427,52.25,6.357142857142857,151659.14458422858,15.107142857142858,58.16196673189824,4.405707045009785,2022,1898000.0,150634.92063492065
984,KANSAS,THOMAS,20193,11.608175146771037,41.63964285714286,-24.75107142857143,51.142857142857146,229.14285714285714,222.48242857142858,1.0337183953033269,26.5,33.964285714285715,0.39285714285714285,159124.86120137144,13.178571428571429,51.832886497064585,4.867081800391389,2022,634000.0,15693.069306930694
985,KANSAS,WABAUNSEE,20197,12.870647440519106,38.22210526315789,-22.138947368421054,23.63157894736842,203.73684210526315,726.963947368421,0.7745253064167268,1.2105263157894735,62.26315789473684,7.526315789473684,142352.34970964212,16.842105263157894,62.23385724585436,4.318661571737564,2022,1214000.0,35290.6976744186
986,KANSAS,WASHINGTON,20201,11.820777397260274,37.61708333333333,-23.603333333333335,13.041666666666666,210.0,600.8261666666666,0.6941119863013698,0.7083333333333333,53.708333333333336,6.666666666666667,144489.22217280001,16.375,63.91494292237443,4.234975342465754,2022,6014000.0,142511.84834123222
987,KANSAS,WILSON,20205,14.232335616438355,39.9475,-19.844166666666666,35.666666666666664,187.5,723.4126666666666,0.812337899543379,2.5833333333333335,68.5,7.666666666666667,144022.0300128,15.0,64.04294520547946,3.928764383561644,2022,1269000.0,79811.32075471697
988,NORTH DAKOTA,ADAMS,38001,5.983826484018265,37.46787878787879,-31.639393939393937,10.272727272727273,271.3939393939394,367.37624242424243,0.5716697384806974,0.9090909090909092,42.27272727272727,2.484848484848485,129915.22500916364,14.242424242424242,64.56392694063926,5.075680531340805,2022,219000.0,11902.17391304348
989,NORTH DAKOTA,BARNES,38003,4.756993721461187,35.78354166666667,-32.860625,1.6458333333333333,250.85416666666666,521.3125,0.4012022831050228,0.0,66.04166666666667,2.875,120186.37385280001,20.791666666666668,72.27675228310503,5.290537614155252,2022,9624000.0,289009.00900900905
990,NORTH DAKOTA,BENSON,38005,3.797454545454545,34.966,-34.86563636363637,0.9272727272727272,261.1818181818182,493.66409090909093,0.3844047322540473,0.0,63.58181818181818,4.109090909090909,117253.99851316365,16.927272727272726,72.67073972602739,5.207650510585305,2022,5862000.0,158005.3908355795
991,NORTH DAKOTA,BOTTINEAU,38009,3.280547488584475,35.571333333333335,-38.1155,1.6666666666666665,271.7,540.8283833333334,0.3811491780821918,0.0,69.11666666666666,4.35,115111.28436480001,16.4,72.00639269406392,4.7916936529680365,2022,6171000.0,170000.0
992,NORTH DAKOTA,BURLEIGH,38015,4.688897882938979,36.13530303030303,-32.488484848484845,3.287878787878788,261.45454545454544,446.96036363636364,0.4645487754254878,0.07575757575757576,60.60606060606061,3.8484848484848486,123120.90874734546,16.060606060606062,68.75395184723952,4.920045911166459,2022,2410000.0,87003.61010830326
993,NORTH DAKOTA,CASS,38017,4.900412785388128,37.05050000000001,-34.0975,2.05,248.55,503.66858333333334,0.4208818721461187,0.26666666666666666,71.31666666666666,1.7166666666666668,118178.9659008,20.366666666666667,71.31326484018265,4.917316347031963,2022,19080000.0,418421.05263157893
994,NORTH DAKOTA,CAVALIER,38019,3.2028675799086757,34.781666666666666,-33.45854166666667,0.25,267.9791666666667,563.1850208333333,0.3109721461187215,0.0,64.75,5.375,110106.72899280001,18.458333333333332,76.09397260273973,5.162543264840183,2022,4700000.0,119592.87531806617
995,NORTH DAKOTA,DICKEY,38021,5.11076795350768,35.550303030303034,-32.377272727272725,1.4545454545454546,248.75757575757575,555.6118787878788,0.4051826484018265,0.09090909090909091,65.03030303030303,3.878787878787879,123473.60284189091,18.09090909090909,72.3891905354919,5.0603006226650065,2022,6735000.0,166296.2962962963
996,NORTH DAKOTA,DUNN,38025,5.271125244618395,37.50119047619047,-30.879047619047622,6.738095238095238,268.39285714285717,436.58158333333336,0.5225980104370516,0.17857142857142858,48.726190476190474,4.511904761904762,122584.95048137143,15.821428571428571,66.60353555120679,4.961419569471624,2022,71600.0,2841.2698412698414
997,NORTH DAKOTA,EDDY,38027,4.075811643835616,35.68,-35.194375,1.8125,258.5,548.5465625,0.4074546232876712,0.0,61.5,5.4375,119054.6328528,17.3125,71.73207191780821,5.165164726027397,2022,2557000.0,73901.73410404623
998,NORTH DAKOTA,EMMONS,38029,5.344586594911938,35.73125,-31.156785714285714,4.517857142857143,258.7857142857143,432.571875,0.5017549412915852,0.375,56.892857142857146,2.839285714285714,126428.1458585143,16.142857142857142,67.7668639921722,4.9127268101761254,2022,3428000.0,118615.91695501731
999,NORTH DAKOTA,FOSTER,38031,4.466565068493151,35.44625,-33.9075,1.5625,254.0,543.60775,0.4203866438356164,0.0,63.875,4.4375,120044.91077280001,16.6875,71.34756849315069,5.280191952054794,2022,3997000.0,117214.07624633431
1000,NORTH DAKOTA,GRAND FORKS,38035,4.299098039215687,36.84294117647059,-35.03431372549019,2.2549019607843137,255.0392156862745,531.4264901960785,0.40563427343540154,0.0196078431372549,72.0,2.764705882352941,114818.42054456471,19.235294117647058,71.53717432178351,5.040256406124094,2022,6625000.0,181010.92896174864
1001,NORTH DAKOTA,GRANT,38037,5.591151859099804,37.36842857142857,-31.290285714285716,6.728571428571429,267.42857142857144,427.08484285714286,0.5445289236790606,0.0,52.385714285714286,3.3,127181.88677622858,16.585714285714285,65.39899412915851,4.954884031311154,2022,618000.0,24819.277108433736
1002,NORTH DAKOTA,GRIGGS,38039,4.480068493150685,37.57,-34.6305,3.1,252.25,518.5885,0.4453530136986302,0.0,68.1,3.15,118953.0538848,17.45,70.61352054794521,5.321169452054795,2022,3454000.0,107601.246105919
1003,NORTH DAKOTA,HETTINGER,38041,5.492378767123287,37.60975,-31.82375,7.0,276.15,439.90642499999996,0.5246961643835617,0.39999999999999997,44.45,3.475,128044.8034128,15.175,66.0448904109589,5.049952534246575,2022,222000.0,14701.986754966887
1004,NORTH DAKOTA,KIDDER,38043,4.2757729941291585,35.19979591836734,-33.32367346938776,1.5714285714285712,261.14285714285717,476.04102040816326,0.43520553536483086,0.02040816326530612,62.51020408163265,3.63265306122449,123415.64347239184,15.387755102040817,70.20955549343024,4.987078277886497,2022,2335000.0,90503.87596899224
1005,NORTH DAKOTA,LAMOURE,38045,5.022102117061021,35.06575757575758,-32.632121212121206,0.696969696969697,251.45454545454547,487.34739393939395,0.40452370278123706,0.0,62.60606060606061,2.696969696969697,122418.05639825456,19.484848484848484,72.11955168119552,5.221999584889996,2022,8432000.0,228509.48509485097
1006,NORTH DAKOTA,LOGAN,38047,4.702463926940639,34.519,-32.03933333333334,0.5333333333333333,262.9,456.05153333333334,0.4255724200913242,0.0,62.266666666666666,3.4,124392.52601280001,17.8,70.8583287671233,5.197617351598173,2022,2854000.0,99790.20979020979
1007,NORTH DAKOTA,MCHENRY,38049,4.175168569254186,35.88930555555556,-36.17930555555555,2.5,264.5,485.24266666666665,0.43553854642313544,0.013888888888888888,63.708333333333336,3.013888888888889,116922.39929280001,16.458333333333332,69.74505707762557,4.908897108066971,2022,4747000.0,146512.34567901236
1008,NORTH DAKOTA,MCINTOSH,38051,4.622554033485541,34.19555555555556,-31.63666666666667,0.3333333333333333,262.8888888888889,503.29251851851853,0.4131924911212582,0.0,60.03703703703704,4.2592592592592595,127503.12505280001,16.85185185185185,71.30205986808727,5.122157787924911,2022,3220000.0,122900.76335877863
1009,NORTH DAKOTA,MCKENZIE,38053,5.309489159745443,37.56291338582677,-32.5559842519685,9.275590551181102,266.2204724409449,332.9527716535433,0.5406401035487003,1.173228346456693,37.39370078740158,2.9291338582677167,121709.1724808315,15.26771653543307,66.57644482795816,4.809251386042498,2022,320000.0,16842.105263157893
1010,NORTH DAKOTA,MCLEAN,38055,4.636257478333799,34.99081632653061,-32.9184693877551,2.204081632653061,266.3469387755102,446.3401530612245,0.4492418786692759,0.0,58.08163265306123,3.7346938775510203,118583.98840300408,16.693877551020407,69.50599105395582,5.032935728263908,2022,4171000.0,152783.8827838828
1011,NORTH DAKOTA,MORTON,38059,5.291489684766463,36.840963855421684,-30.626385542168677,5.759036144578313,265.144578313253,468.42051807228916,0.5147351048027727,0.0963855421686747,60.602409638554214,4.325301204819278,124033.98249472772,17.072289156626507,66.46679650107278,4.8853919458656545,2022,1507000.0,54404.3321299639
1012,NORTH DAKOTA,MOUNTRAIL,38061,4.132346017250127,34.528765432098766,-34.55506172839506,2.111111111111111,271.641975308642,467.35529629629633,0.43055085405039745,0.024691358024691357,50.53086419753086,4.7407407407407405,117272.80419946667,15.864197530864198,70.66858785726366,5.077615153052596,2022,1564000.0,75922.33009708737
1013,NORTH DAKOTA,NELSON,38063,3.796970185334408,35.26558823529412,-35.12,1.1176470588235294,258.4117647058824,578.3246176470589,0.3886040290088638,0.0,70.52941176470588,4.0,117163.01380574118,18.352941176470587,72.60534246575342,5.2830705076551165,2022,3784000.0,115015.19756838906
1014,NORTH DAKOTA,PEMBINA,38067,3.848400782778865,37.899142857142856,-34.004285714285714,2.257142857142857,261.65714285714284,587.4614,0.35732931506849314,0.19999999999999998,65.62857142857143,4.457142857142857,109848.96862765714,18.8,73.7653072407045,4.751325557729942,2022,4823000.0,107897.09172259507
1015,NORTH DAKOTA,PIERCE,38069,3.6192362178416304,35.66804878048781,-35.91390243902439,1.3902439024390243,268.1951219512195,439.94451219512194,0.40248947544269964,0.0,65.70731707317073,3.024390243902439,116752.29567523903,15.878048780487806,71.55473438022052,5.039652322084865,2022,3910000.0,111714.28571428571
1016,NORTH DAKOTA,RAMSEY,38071,3.7262165934349962,34.88981132075472,-36.88132075471698,0.5094339622641509,260.8867924528302,535.5675660377358,0.35934494701473246,0.0,60.283018867924525,4.113207547169811,115866.56216676228,19.150943396226417,74.16272421814422,5.175048746446111,2022,4047000.0,120089.02077151334
1017,NORTH DAKOTA,RANSOM,38073,5.298026255707763,36.32208333333333,-33.24333333333333,2.5416666666666665,246.125,475.8162916666667,0.3993494292237443,0.16666666666666666,64.75,1.625,119241.03977280001,20.75,73.05022831050228,5.087138584474886,2022,4806000.0,112289.71962616823
1018,NORTH DAKOTA,RENVILLE,38075,3.546185518590998,35.28828571428571,-36.094,1.1714285714285715,270.85714285714283,571.6727714285714,0.3915207045009785,0.0,61.68571428571428,5.742857142857143,117238.98082422858,16.485714285714284,71.40411741682973,4.95180156555773,2022,1889000.0,67706.09318996416
1019,NORTH DAKOTA,RICHLAND,38077,5.605401826484018,37.56574074074074,-33.423148148148144,3.962962962962963,241.59259259259258,448.90592592592594,0.45481187214611873,0.7222222222222222,62.2962962962963,1.9629629629629628,118465.31849280001,18.0,70.92223744292237,4.898482191780822,2022,11765000.0,304005.1679586563
1020,NORTH DAKOTA,ROLETTE,38079,2.8015195694716244,35.23142857142857,-35.54857142857143,1.0714285714285714,274.2142857142857,506.7064285714286,0.35277544031311153,0.0,73.25,3.4642857142857144,111629.87184137144,16.035714285714285,73.49619373776908,4.906363307240705,2022,1769000.0,52805.97014925373
1021,NORTH DAKOTA,SARGENT,38081,5.675205479452056,36.14666666666667,-32.60875,3.4166666666666665,241.08333333333334,490.20279166666666,0.41354988584474883,0.20833333333333331,63.583333333333336,2.208333333333333,118803.16061280001,19.958333333333332,73.10543378995433,5.064146461187215,2022,6493000.0,154595.2380952381
1022,NORTH DAKOTA,SHERIDAN,38083,4.178037573385518,35.38428571428572,-33.41885714285714,1.1714285714285713,263.6857142857143,483.2086857142857,0.4340164383561644,0.0,63.457142857142856,4.085714285714285,118911.14519451429,16.114285714285714,69.59926418786692,5.220468023483366,2022,2762000.0,92684.56375838925
1023,NORTH DAKOTA,SLOPE,38087,6.027335440814893,37.95384615384616,-32.04820512820513,11.76923076923077,268.0,269.1491794871795,0.5928074464348437,1.9743589743589745,32.07692307692308,2.41025641025641,129308.31781587693,13.333333333333334,63.9275588338602,5.132367404285213,2022,49500.0,2578.125
1024,NORTH DAKOTA,STARK,38089,5.450646294344924,37.76051282051282,-31.383333333333333,7.128205128205128,271.6666666666667,425.9385128205128,0.5366308394801546,0.15384615384615385,44.794871794871796,3.8461538461538463,125509.72630818462,15.307692307692308,65.48861257463997,5.112411520899192,2022,107000.0,5602.094240837696
1025,NORTH DAKOTA,STEELE,38091,4.614676712328767,35.8395,-32.6105,1.75,250.85,532.30145,0.4347721917808219,0.0,68.95,3.25,118336.22095680001,19.85,70.7727808219178,5.297765068493151,2022,5620000.0,147506.56167979003
1026,NORTH DAKOTA,STUTSMAN,38093,4.632178408349641,35.078809523809525,-32.28738095238095,1.0119047619047619,255.75,533.9192857142857,0.4199055446836269,0.0,61.833333333333336,4.2023809523809526,122313.05554422858,17.642857142857142,71.19226027397261,5.264357077625571,2022,12048000.0,363987.91540785495
1027,NORTH DAKOTA,TOWNER,38095,3.1575479452054793,35.079,-37.150333333333336,0.6,272.4,450.0949333333333,0.3334777168949772,0.0,64.23333333333333,2.6333333333333333,113376.6121248,17.433333333333334,75.06625570776256,5.02985296803653,2022,3982000.0,114097.4212034384
1028,NORTH DAKOTA,TRAILL,38097,4.5390420743639925,38.46107142857143,-35.651428571428575,2.0357142857142856,251.21428571428572,476.13007142857145,0.42203532289628176,0.07142857142857142,73.14285714285714,2.107142857142857,117053.28778422858,17.964285714285715,71.02052837573386,4.895178375733855,2022,6917000.0,168296.83698296835
1029,NORTH DAKOTA,WALSH,38099,3.9042204827136335,36.451904761904764,-34.30571428571428,1.7619047619047619,260.0,579.7379047619047,0.35686405740378346,0.0,67.5952380952381,4.476190476190476,113724.0025385143,18.452380952380953,73.86842139595565,5.005489171559034,2022,3938000.0,92009.34579439253
1030,NORTH DAKOTA,WARD,38101,4.069095595816762,34.825376344086024,-33.008709677419354,1.7526881720430108,266.6774193548387,530.0179247311828,0.4290953896008249,0.0,58.41935483870968,4.849462365591398,116375.04498054195,16.64516129032258,70.05626159964649,5.168506377964354,2022,5352000.0,169904.7619047619
1031,NORTH DAKOTA,WELLS,38103,4.13576194824962,35.001555555555555,-33.666222222222224,1.0666666666666667,260.4222222222222,477.14042222222224,0.40914398782343986,0.022222222222222223,58.44444444444444,4.555555555555555,119473.28230080001,15.555555555555555,71.07749771689498,5.237509345509893,2022,6364000.0,185000.0
1032,NORTH DAKOTA,WILLIAMS,38105,4.468518463371054,36.205652173913045,-34.0825,5.576086956521739,273.1521739130435,343.22916304347825,0.4791027099463967,0.34782608695652173,38.858695652173914,3.3369565217391304,118467.15224932175,14.369565217391305,68.80390410958904,4.828106045265039,2022,492000.0,25894.736842105263
1033,SOUTH DAKOTA,AURORA,46003,8.401169863013699,38.927499999999995,-28.372000000000003,8.65,234.55,336.95365,0.6292180821917809,0.3,41.35,3.55,134874.1456128,15.6,62.36830136986301,4.649805616438356,2022,2650000.0,83596.214511041
1034,SOUTH DAKOTA,BEADLE,46005,7.802584474885844,38.50527777777778,-28.39611111111111,6.638888888888889,236.11111111111111,370.7093888888889,0.570653805175038,0.1388888888888889,49.27777777777778,4.0,130948.58513280001,16.72222222222222,64.8122602739726,4.715507686453577,2022,5685000.0,172796.35258358665
1035,SOUTH DAKOTA,BON HOMME,46009,9.455954794520547,39.8995,-27.749000000000002,16.45,224.9,396.26855,0.689348904109589,1.4000000000000001,48.5,3.05,134789.4502848,16.7,61.024821917808225,4.580511917808219,2022,2540000.0,93382.35294117648
1036,SOUTH DAKOTA,BROOKINGS,46011,6.799108936725375,35.72714285714286,-29.225238095238097,2.142857142857143,239.57142857142858,430.1483333333333,0.4711979125896934,0.0,55.14285714285714,3.380952380952381,122893.30416137143,15.333333333333334,69.57296803652969,4.8745206784083495,2022,6008000.0,125690.37656903766
1037,SOUTH DAKOTA,BROWN,46013,6.277608121330725,36.316428571428574,-29.22142857142857,3.607142857142857,242.73214285714286,499.66476785714286,0.47419858121330727,0.5714285714285714,56.92857142857143,3.6785714285714284,125850.5436528,18.375,69.62555772994129,4.739714334637965,2022,10862000.0,252018.56148491878
1038,SOUTH DAKOTA,BRULE,46015,8.79704741833509,40.42115384615385,-27.870384615384616,16.26923076923077,233.3846153846154,290.85165384615385,0.6910617492096944,2.1923076923076925,37.76923076923077,2.576923076923077,137750.7885851077,15.846153846153847,60.30208640674394,4.671839831401475,2022,2488000.0,82112.21122112211
1039,SOUTH DAKOTA,CAMPBELL,46021,6.450733770101251,37.659130434782604,-30.6504347826087,9.91304347826087,252.08695652173913,386.76852173913045,0.5688378796902919,0.5652173913043478,50.47826086956522,3.0,129112.08181106088,16.217391304347824,65.12644431209053,4.875662418106015,2022,2321000.0,71196.3190184049
1040,SOUTH DAKOTA,CHARLES MIX,46023,9.443242661448142,39.677321428571425,-27.181071428571432,15.982142857142858,227.03571428571428,323.257625,0.7119904109589041,2.142857142857143,38.05357142857143,3.0535714285714284,137399.81664137144,16.178571428571427,59.43845401174168,4.579653277886497,2022,4691000.0,146593.75
1041,SOUTH DAKOTA,CLARK,46025,6.798435616438357,36.32966666666667,-29.612666666666666,2.433333333333333,237.56666666666666,418.62626666666665,0.49676995433789956,0.0,53.46666666666667,3.8666666666666667,125424.2871648,17.433333333333334,67.69416438356164,5.056870136986301,2022,6046000.0,143610.4513064133
1042,SOUTH DAKOTA,CLAY,46027,9.441908675799086,39.09,-28.024444444444445,13.333333333333334,225.88888888888889,341.99333333333334,0.685516894977169,1.0,54.55555555555556,1.3333333333333335,132035.8904928,17.444444444444443,61.25564687975647,4.69019299847793,2022,3339000.0,93008.35654596101
1043,SOUTH DAKOTA,CODINGTON,46029,6.207403348554033,35.83166666666667,-29.445555555555554,2.111111111111111,240.5,412.71694444444444,0.4767601217656012,0.16666666666666666,53.833333333333336,3.388888888888889,122972.15369280001,17.555555555555557,68.76150684931507,5.0750948249619485,2022,4540000.0,96390.65817409765
1044,SOUTH DAKOTA,DAVISON,46035,8.592977168949771,39.29333333333333,-27.90777777777778,8.88888888888889,231.11111111111111,335.9025555555556,0.6165607305936073,0.2222222222222222,43.55555555555556,3.2222222222222223,132283.97081280002,16.666666666666668,63.461400304414006,4.6048255707762555,2022,2671000.0,71994.60916442049
1045,SOUTH DAKOTA,DAY,46037,5.859077054794521,34.9925,-30.5815625,1.46875,241.3125,454.40228125,0.45426087328767123,0.0625,60.15625,1.96875,123640.16408280001,19.0625,70.13013698630137,5.221058818493151,2022,5344000.0,129708.73786407766
1046,SOUTH DAKOTA,DEUEL,46039,6.55516095890411,36.055,-29.22375,2.5625,235.6875,380.6313125,0.4830429794520548,0.25,59.5625,2.875,121056.8097528,15.5625,68.84080479452055,5.086194691780822,2022,4363000.0,90706.86070686071
1047,SOUTH DAKOTA,DOUGLAS,46043,8.818869240348693,38.623636363636365,-28.09909090909091,8.545454545454545,230.0,370.3855454545455,0.63960099626401,0.09090909090909091,39.81818181818182,3.3636363636363638,135360.4069728,16.636363636363637,62.03093399750934,4.606038107098381,2022,2654000.0,78289.08554572272
1048,SOUTH DAKOTA,EDMUNDS,46045,6.426327106683272,36.34757575757576,-29.09060606060606,4.848484848484849,246.87878787878788,468.5406060606061,0.4982068078040681,0.09090909090909091,59.303030303030305,3.696969696969697,128977.90832552729,16.575757575757574,67.75478621834786,4.829565213781652,2022,6511000.0,170000.0
1049,SOUTH DAKOTA,FAULK,46049,7.045791983764587,36.90888888888889,-28.98296296296296,6.592592592592593,240.40740740740742,474.52114814814814,0.5323480466768138,0.07407407407407407,54.51851851851852,4.222222222222222,130546.73049280001,17.11111111111111,65.9806697108067,4.774678538812785,2022,6376000.0,155512.19512195123
1050,SOUTH DAKOTA,GRANT,46051,6.4338303979125895,35.89904761904762,-28.737142857142857,3.333333333333333,233.66666666666666,406.94338095238095,0.4901274624918461,0.14285714285714285,56.14285714285714,3.0952380952380953,121969.81652708571,17.38095238095238,68.48953685583822,4.997740508806262,2022,3809000.0,99712.04188481675
1051,SOUTH DAKOTA,HAMLIN,46057,6.805255707762558,35.21083333333333,-29.219166666666666,2.0,240.16666666666666,334.08566666666667,0.4982278538812786,0.0,49.333333333333336,1.6666666666666667,123864.6212928,17.666666666666668,67.89518264840183,4.980546575342466,2022,4486000.0,89899.7995991984
1052,SOUTH DAKOTA,HAND,46059,7.590675146771037,38.11261904761905,-29.116666666666667,7.333333333333333,236.95238095238096,425.6562619047619,0.5789787997390737,0.3571428571428571,52.04761904761905,3.619047619047619,133765.3952928,16.571428571428573,63.864761904761906,4.819664514024788,2022,5645000.0,179206.3492063492
1053,SOUTH DAKOTA,HANSON,46061,8.422493150684932,39.37555555555556,-28.082222222222224,7.777777777777778,230.88888888888889,332.2012222222222,0.5922529680365297,0.0,44.333333333333336,2.111111111111111,131638.64153280001,16.0,64.78365296803653,4.647567732115678,2022,2582000.0,81194.96855345911
1054,SOUTH DAKOTA,HUTCHINSON,46067,8.839539465101108,38.99190476190476,-28.15,8.714285714285714,228.95238095238096,406.9294761904762,0.616206392694064,0.23809523809523808,50.857142857142854,3.428571428571429,132439.7113385143,16.476190476190474,63.484840182648405,4.690705544683627,2022,4487000.0,156888.1118881119
1055,SOUTH DAKOTA,JERAULD,46073,7.95360502283105,39.94166666666667,-29.189166666666665,8.75,234.16666666666666,358.5804166666667,0.6188413242009132,0.25,44.833333333333336,4.583333333333333,134803.7339328,15.416666666666668,62.1370091324201,4.800498858447488,2022,1501000.0,49701.986754966885
1056,SOUTH DAKOTA,KINGSBURY,46077,7.370659817351599,36.225833333333334,-28.890833333333333,3.1666666666666665,236.0,339.91408333333334,0.5246617579908676,0.0,50.041666666666664,2.7916666666666665,126758.2692528,16.458333333333332,66.67222602739726,5.021169863013699,2022,6114000.0,150591.13300492612
1057,SOUTH DAKOTA,LAKE,46079,7.478670319634704,36.73066666666667,-29.27466666666667,2.8,235.06666666666666,407.593,0.5097727853881279,0.0,52.06666666666667,2.933333333333333,126466.2728928,15.2,67.25229223744292,5.049575890410959,2022,4970000.0,110690.42316258352
1058,SOUTH DAKOTA,LINCOLN,46083,8.562169863013699,37.6805,-28.6955,5.4,229.4,356.427,0.6034943835616439,0.45,54.65,2.2,129588.86623680001,15.9,63.84357534246575,4.75548698630137,2022,4833000.0,126187.98955613578
1059,SOUTH DAKOTA,LYMAN,46085,9.09410843141038,41.18746478873239,-28.26718309859155,24.971830985915492,232.28169014084506,337.11363380281693,0.7378331468261624,5.154929577464788,40.971830985915496,3.140845070422535,139349.1267384338,15.211267605633802,58.809261045726416,4.816838973567432,2022,1597000.0,61899.22480620155
1060,SOUTH DAKOTA,MARSHALL,46091,5.733182648401827,35.85125,-32.246249999999996,3.625,239.95833333333334,525.6512083333333,0.4588029680365297,0.4166666666666667,64.25,3.125,121383.16181280001,20.0,70.34908675799088,5.142584589041096,2022,3173000.0,75189.57345971564
1061,SOUTH DAKOTA,MCCOOK,46087,8.061764840182649,38.126666666666665,-28.999166666666667,4.75,232.0,386.12358333333333,0.5512865296803653,0.08333333333333333,49.166666666666664,3.0833333333333335,129893.6269728,14.916666666666666,65.99340182648402,4.861244063926941,2022,3722000.0,108197.67441860466
1062,SOUTH DAKOTA,MCPHERSON,46089,5.53857202158572,35.64939393939394,-31.296363636363637,3.1515151515151514,252.33333333333334,499.72748484848483,0.457218098796181,0.0,59.24242424242424,4.303030303030304,128154.40740916364,16.696969696969695,69.38462432544624,4.950131257783313,2022,2940000.0,87500.0
1063,SOUTH DAKOTA,MINER,46097,7.85758904109589,37.63733333333334,-28.419333333333334,5.266666666666667,233.06666666666666,364.4188,0.544972602739726,0.06666666666666667,44.2,3.466666666666667,129616.2688608,16.0,66.114100456621,4.867411506849315,2022,2744000.0,82900.30211480362
1064,SOUTH DAKOTA,MINNEHAHA,46099,7.884778864970646,37.06047619047619,-29.07,2.8571428571428568,233.52380952380952,411.59561904761904,0.5441365949119374,0.23809523809523808,53.333333333333336,3.1904761904761902,128014.26754422858,15.19047619047619,65.99367253750816,4.755210697977821,2022,7513000.0,138106.61764705883
1065,SOUTH DAKOTA,MOODY,46101,7.2507534246575345,36.4525,-29.160833333333333,2.083333333333333,238.08333333333334,405.43991666666665,0.5035287671232876,0.0,54.166666666666664,2.5833333333333335,124494.10073280001,14.583333333333334,67.95541095890411,4.8182034246575345,2022,5304000.0,99699.24812030075
1066,SOUTH DAKOTA,POTTER,46107,7.148629083245522,38.567692307692305,-28.779615384615383,7.884615384615385,241.1153846153846,423.914,0.5614567966280295,0.42307692307692313,51.65384615384615,2.9615384615384617,133844.69044356924,15.346153846153847,64.68741833508957,5.009868703898841,2022,2945000.0,73994.97487437187
1067,SOUTH DAKOTA,ROBERTS,46109,6.356012696291346,37.82073170731707,-31.316829268292683,7.512195121951219,235.02439024390245,455.2709268292683,0.5099204143000334,0.9756097560975611,58.390243902439025,3.024390243902439,121006.41715036098,18.365853658536587,68.2278449716004,4.963590110257266,2022,7005000.0,165995.2606635071
1068,SOUTH DAKOTA,SANBORN,46111,8.177150684931506,38.57533333333333,-27.954,8.8,233.86666666666667,338.1786666666667,0.5912911415525114,0.06666666666666667,41.86666666666667,3.8,132055.3806048,16.866666666666667,64.10365296803653,4.628578264840183,2022,1991000.0,62610.06289308176
1069,SOUTH DAKOTA,SPINK,46115,7.225158675799086,37.08958333333333,-28.717916666666667,4.8125,237.54166666666666,411.511875,0.5130314497716896,0.1875,52.020833333333336,3.020833333333333,127824.1297128,18.229166666666668,67.6751598173516,4.662300228310502,2022,12143000.0,294733.00970873784
1070,SOUTH DAKOTA,TURNER,46125,8.711549657534245,38.385,-28.935,4.4375,228.8125,358.1933125,0.6089171232876712,0.125,54.75,2.5,131327.09675280002,16.75,63.59135273972603,4.806847602739726,2022,4734000.0,131500.0
1071,SOUTH DAKOTA,UNION,46127,9.237024979854956,38.53176470588235,-27.65235294117647,9.823529411764707,228.35294117647058,368.97923529411764,0.6392844480257857,0.5294117647058824,54.470588235294116,2.8235294117647056,132476.3851375059,17.470588235294116,63.634810636583396,4.73852602739726,2022,4566000.0,108199.05213270141
1072,SOUTH DAKOTA,WALWORTH,46129,7.058871731008717,37.89772727272727,-28.55727272727273,9.09090909090909,244.77272727272728,357.6465909090909,0.5841422166874222,0.40909090909090906,50.59090909090909,2.3181818181818183,130768.52031098182,16.181818181818183,63.85156911581569,5.010200871731009,2022,2972000.0,76994.81865284973
1073,SOUTH DAKOTA,YANKTON,46135,9.258472602739726,39.265,-28.285,11.083333333333334,225.33333333333334,401.66183333333333,0.6455036529680366,0.5,51.75,2.5833333333333335,133255.5935328,16.583333333333332,62.935,4.638553196347032,2022,2852000.0,85389.22155688623
1074,TEXAS,BRAZORIA,48039,21.32814432485323,36.807500000000005,-8.086071428571428,31.625,78.82142857142857,688.4454107142857,0.7688996575342465,0.0,60.732142857142854,7.5,143647.60090422857,16.339285714285715,73.44131604696673,6.0862437866927594,2022,155000.0,8201.058201058202
1075,TEXAS,FANNIN,48147,18.416672374429226,41.46208333333333,-13.213333333333333,67.25,131.91666666666666,679.0679583333333,1.0688793378995434,23.041666666666668,50.25,7.958333333333333,148098.7110528,18.625,61.60994292237443,3.771742694063927,2022,63000.0,3750.0
1076,TEXAS,LAMAR,48277,18.263845479452055,41.0408,-13.519200000000001,64.8,133.96,685.62792,1.0041365479452056,15.48,55.96,8.24,145956.93393600002,18.64,63.513698630136986,3.6272394520547944,2022,110000.0,9166.666666666666
1077,TEXAS,OCHILTREE,48357,14.646052054794522,42.69,-19.465,60.15,184.75,185.71665000000002,1.222845890410959,34.7,30.400000000000002,0.55,165870.1883808,12.1,48.8967397260274,4.93629602739726,2022,139000.0,3492.4623115577892
1078,TEXAS,VICTORIA,48469,21.463896222498963,39.32939393939394,-8.13030303030303,66.93939393939394,88.18181818181819,520.9294848484849,0.8770178497301785,0.0,53.18181818181818,4.878787878787879,148370.15242734546,18.606060606060606,71.10419261104192,5.979934744707347,2022,34500.0,2379.310344827586
1079,TEXAS,WHARTON,48481,20.88417123287671,38.67675,-8.440000000000001,40.2,89.65,668.2926,0.7986525342465753,0.0,54.05,7.4,149722.6267008,18.05,72.6347602739726,5.708283356164383,2022,66400.0,4311.688311688312
