,State,County,FIPS Code,Avg Temperature (C),Max Temperature (C),Min Temperature (C),Heat_Stress_Day,Cold_Stress_Day,Precipitation (mm),Vapor Pressure Deficit (kPa),Drought_Stress_Day,Wet_Day,Heavy_Rain_Day,Solar Radiation (MJ m**-2 day**-1),Low_Light_Day,Relative Humidity (%),Wind Speed (m s**-1),Year,"PRODUCTION, MEASURED IN BU",harvested_area
0,ARKANSAS,ASHLEY,05003,18.603198630136987,35.7955,-8.312,3.7,108.8,1844.63675,0.683657397260274,0.0,113.0,23.2,122775.89929920001,11.2,73.30917808219178,5.0775728767123285,2017,76000.0,1200.6319115323856
1,ARKANSAS,CROSS,05037,17.07387671232877,35.524,-13.501,3.5,138.6,1545.7559,0.6723446575342465,0.0,106.7,17.4,128836.07910720001,8.9,71.64616438356164,5.383556712328767,2017,282000.0,4298.780487804878
2,ARKANSAS,JEFFERSON,05069,17.776995107632093,35.60357142857143,-11.829642857142858,3.428571428571429,129.28571428571428,1674.127392857143,0.6940039138943248,0.0,98.82142857142857,20.535714285714285,128384.22883062858,5.892857142857142,71.77657534246576,5.07401457925636,2017,240000.0,5405.405405405406
3,ARKANSAS,LEE,05077,17.37400195694716,35.66428571428572,-13.952857142857143,5.142857142857142,132.42857142857142,1581.3546428571428,0.6628477495107632,0.0,105.42857142857143,16.642857142857142,132428.74551634287,6.642857142857142,72.69297455968689,5.409999412915852,2017,225000.0,4697.286012526096
4,ARKANSAS,LINCOLN,05079,17.963514677103717,34.83214285714286,-12.094285714285714,0.9999999999999999,125.57142857142857,1779.6664285714285,0.6719982387475538,0.0,103.5,19.785714285714285,127787.72261348572,7.357142857142858,72.48076320939334,5.143745009784736,2017,206000.0,4497.816593886463
5,ARKANSAS,MONROE,05095,17.290908675799088,36.195,-13.330416666666666,6.75,137.91666666666666,1587.7815833333334,0.6817256849315068,0.0,104.625,17.5,126143.0026992,6.125,72.48558219178082,5.567676484018265,2017,347000.0,5499.207606973058
6,ARKANSAS,PHILLIPS,05107,17.65559817351598,35.562380952380956,-13.038571428571428,4.285714285714286,126.52380952380952,1605.4937142857143,0.6501630789302022,0.0,109.52380952380952,18.523809523809526,130841.4604649143,5.285714285714286,73.45208088714938,5.497604174820613,2017,515000.0,10000.0
7,ARKANSAS,POINSETT,05111,16.91381506849315,35.52625,-15.513125,3.375,137.1875,1494.5609375,0.6579796232876712,0.0,104.875,18.25,128116.4166792,11.0,72.13917808219178,5.39285051369863,2017,453000.0,6801.801801801802
8,ARKANSAS,WOODRUFF,05147,16.844665753424657,35.82,-15.0345,4.85,142.8,1560.1775499999999,0.6299049315068493,0.0,107.5,17.85,126121.18590720001,7.4,73.46569863013698,5.465270410958904,2017,275000.0,3997.093023255814
9,CALIFORNIA,COLUSA,06011,16.331490920675375,39.59581395348837,-3.547906976744186,52.58139534883721,181.27906976744185,700.9039069767442,1.175849060210258,36.95348837209303,57.48837209302326,7.558139534883721,158261.17032133954,5.697674418604651,55.15850270786875,3.663707550175215,2017,350000.0,4801.097393689986
10,CALIFORNIA,FRESNO,06019,13.847216965226552,37.512269230769235,-4.800653846153846,44.465384615384615,209.68076923076924,747.1501346153847,1.0859386828240252,40.41538461538462,50.67307692307692,8.95,165754.76932910772,4.580769230769231,52.5831612223393,3.1726399157007377,2017,1555000.0,28221.41560798548
11,CALIFORNIA,GLENN,06021,15.706724159402242,39.44386363636364,-4.064772727272727,45.04545454545455,191.4318181818182,776.0459999999999,1.1424251556662517,34.52272727272727,57.54545454545455,8.818181818181818,154787.27575156363,6.5227272727272725,54.72887920298879,3.332623100871731,2017,125000.0,2802.6905829596412
12,CALIFORNIA,KINGS,06031,17.96719580983078,42.20470588235294,-4.504313725490196,84.11764705882352,168.35294117647058,244.54790196078432,1.304865914585012,57.1764705882353,37.294117647058826,0.3137254901960784,165131.5622789647,1.5098039215686274,56.54783239323126,3.3394631211388663,2017,930000.0,10402.684563758388
13,CALIFORNIA,MERCED,06047,17.109834964122633,40.97892857142857,-1.9647619047619047,56.714285714285715,168.35714285714286,437.5050357142857,1.1470481735159817,34.57142857142857,48.035714285714285,2.3333333333333335,162734.1763289143,5.214285714285714,58.559096542726685,3.867429941291585,2017,1397000.0,17506.2656641604
14,CALIFORNIA,SAN JOAQUIN,06077,16.661995596868884,41.394999999999996,-1.3992857142857142,43.76785714285714,166.10714285714286,550.54325,1.0323528375733855,24.035714285714285,55.839285714285715,4.517857142857143,157969.8781529143,7.803571428571429,61.75666340508806,4.25160366927593,2017,620000.0,7496.977025392986
15,CALIFORNIA,SOLANO,06095,15.633452860596293,40.78264705882353,-1.1394117647058823,26.08823529411765,156.58823529411765,724.0890588235294,0.822350120870266,10.764705882352942,56.705882352941174,8.470588235294118,156307.29474578824,7.352941176470588,65.94643029814667,4.717198871877518,2017,624000.0,10400.0
16,CALIFORNIA,STANISLAUS,06099,16.965924759762828,40.972089552238806,-1.4671641791044776,57.07462686567164,167.11940298507463,502.7442089552239,1.1522330402780618,37.83582089552239,49.74626865671642,3.4477611940298507,159577.04019567763,5.880597014925373,58.092013903087306,3.839282723369454,2017,30000.0,500.0
17,CALIFORNIA,TULARE,06107,13.202325136161084,35.97753012048193,-5.502650602409639,36.0,219.4156626506024,513.7168493975904,1.0423662485558673,30.337349397590362,44.72289156626506,5.457831325301205,173522.81421698316,2.6686746987951806,50.33238488199373,2.7614286185839245,2017,1300000.0,22491.34948096886
18,CALIFORNIA,YOLO,06113,16.642796575342466,41.713499999999996,-1.494,48.575,164.825,717.7396,1.0920706164383562,29.5,55.85,8.0,157648.7087064,7.7,59.486705479452056,4.167849726027397,2017,945000.0,12804.878048780489
19,KANSAS,ANDERSON,20003,14.251438356164382,38.10916666666667,-18.075,6.833333333333333,180.83333333333334,1393.493,0.6022271689497717,0.0,83.66666666666667,15.5,133159.2547392,3.0,71.1498401826484,3.8883739726027398,2017,221000.0,4258.188824662813
20,KANSAS,ATCHISON,20005,13.309031963470321,36.205,-21.448333333333334,2.666666666666667,192.5,1017.2265,0.5959397260273973,0.0,83.33333333333333,13.166666666666666,126153.86425920001,8.5,69.77675799086758,3.6231611872146114,2017,64700.0,1299.1967871485945
21,KANSAS,BARTON,20009,13.404605479452053,40.745,-18.4155,29.55,198.55,732.70625,0.7911552054794521,5.4,69.75,9.45,136602.44075520002,7.45,64.37261643835616,4.790301917808219,2017,7344000.0,141230.76923076922
22,KANSAS,BOURBON,20011,14.873981735159816,37.575833333333335,-17.1875,4.916666666666666,171.16666666666666,1689.61325,0.5889372146118722,0.0,85.75,23.083333333333332,129894.87409920001,4.0,71.88495433789954,3.615998173515982,2017,160200.0,3068.965517241379
23,KANSAS,BROWN,20013,12.942269406392693,36.763333333333335,-22.26833333333333,3.0,196.16666666666666,1030.73425,0.5980344748858447,0.0,82.75,11.25,126776.44825920001,8.75,69.83561643835617,3.7913611872146116,2017,98100.0,1490.8814589665653
24,KANSAS,CHASE,20017,14.144828767123288,39.6375,-17.052,9.05,180.2,992.2766,0.6924713698630137,1.2999999999999998,83.65,10.9,131325.5339712,3.35,67.28516438356164,4.30906904109589,2017,340000.0,6692.913385826772
25,KANSAS,CHAUTAUQUA,20019,15.223824200913242,39.11333333333334,-13.775,9.416666666666666,174.33333333333334,1270.5473333333332,0.6958721461187215,0.5,73.08333333333333,17.166666666666668,133029.57409920002,4.166666666666667,68.4483105022831,3.7971253424657534,2017,165000.0,3021.978021978022
26,KANSAS,CHEYENNE,20023,11.366514677103718,39.12714285714286,-22.047500000000003,18.142857142857142,236.60714285714286,826.4723571428572,0.7907914872798435,3.6785714285714284,75.10714285714286,9.464285714285714,139905.42197348573,4.5,61.06701565557729,4.146121135029355,2017,5915000.0,106768.95306859206
27,KANSAS,CLARK,20025,14.114227168949773,39.21333333333333,-16.835833333333333,34.666666666666664,205.83333333333334,753.154375,0.9166855022831051,7.333333333333333,61.666666666666664,10.5,146780.2276992,3.291666666666667,59.63353881278538,4.3318407534246575,2017,2721000.0,61981.77676537586
28,KANSAS,CLAY,20027,13.237436643835617,40.071875,-21.9275,19.0625,197.8125,890.0736875,0.695148801369863,2.1875,86.4375,9.25,131907.5617392,9.1875,67.37890410958904,3.9903893835616437,2017,2944500.0,52768.81720430108
29,KANSAS,CLOUD,20029,13.102293759512937,40.52444444444445,-21.667777777777776,24.833333333333332,199.72222222222223,902.7950555555556,0.735565296803653,5.0,80.88888888888889,9.722222222222221,132380.74921920002,10.277777777777779,65.97184170471841,4.088055555555556,2017,3886700.0,76209.80392156863
30,KANSAS,COFFEY,20031,14.20140410958904,37.850833333333334,-16.856666666666666,7.25,179.41666666666666,1207.01475,0.6166920091324201,0.0,83.16666666666667,13.416666666666668,131605.0173792,2.1666666666666665,70.59470319634703,4.098257077625571,2017,509000.0,9171.17117117117
31,KANSAS,COMANCHE,20033,14.591114155251143,40.20733333333333,-16.015333333333334,33.13333333333333,195.26666666666668,928.4346666666667,0.932423196347032,8.133333333333333,64.33333333333333,12.8,144518.7838752,3.066666666666667,59.464474885844744,4.408300091324201,2017,1764000.0,39026.54867256637
32,KANSAS,CRAWFORD,20037,15.142518264840183,36.711666666666666,-16.315833333333334,3.5833333333333335,167.41666666666666,1765.3189166666666,0.5726449771689497,0.0,92.83333333333333,23.916666666666668,129295.3560192,6.25,73.0065296803653,3.5806420091324203,2017,974000.0,18003.69685767098
33,KANSAS,DECATUR,20039,12.061069634703196,40.05708333333333,-21.679166666666664,32.125,222.83333333333334,547.9068333333333,0.8369058219178082,8.5,62.5,4.208333333333333,143882.9512992,4.291666666666666,61.11076484018265,4.230746803652968,2017,4773700.0,85397.13774597496
34,KANSAS,DICKINSON,20041,13.989649315068492,40.176,-19.893600000000003,22.16,189.88,928.968,0.7528244383561643,3.16,85.52,10.68,134347.6356768,8.120000000000001,66.03614246575343,4.13301895890411,2017,6887600.0,117736.75213675214
35,KANSAS,DOUGLAS,20045,14.094582191780821,37.69,-19.2825,5.75,182.25,1403.38825,0.6161664383561644,0.0,86.25,16.375,127676.67577920001,6.75,69.95369863013698,3.6548835616438358,2017,112000.0,2419.0064794816417
36,KANSAS,EDWARDS,20047,13.63220091324201,38.90533333333334,-17.549333333333333,23.0,198.8,677.063,0.8366268493150686,5.6,59.86666666666667,7.666666666666667,138859.5896352,4.6,62.183123287671236,4.849057534246575,2017,5097000.0,97456.97896749522
37,KANSAS,ELK,20049,14.96973515981735,38.862500000000004,-14.4225,8.0,176.41666666666666,1202.32,0.693363698630137,0.08333333333333333,75.25,16.0,131705.4926592,2.5833333333333335,67.82815068493152,4.041802054794521,2017,153000.0,2828.0961182994456
38,KANSAS,ELLSWORTH,20053,13.828579908675799,40.98833333333333,-17.720555555555556,27.944444444444443,193.66666666666666,731.4234444444444,0.8079048706240487,6.111111111111111,72.77777777777777,8.277777777777779,136845.4768992,7.0,63.973135464231355,4.870030289193303,2017,3774400.0,76250.50505050505
39,KANSAS,FORD,20057,13.470545009784734,38.982142857142854,-17.241785714285715,29.607142857142858,204.96428571428572,812.6610714285714,0.8646004892367906,6.392857142857142,64.78571428571429,10.75,143867.1748649143,5.035714285714286,60.94282778864971,4.874619373776908,2017,8624000.0,164266.66666666666
40,KANSAS,FRANKLIN,20059,14.08899086757991,38.31666666666667,-18.845,7.0,184.0,1266.2909166666666,0.6093406392694064,0.08333333333333333,85.58333333333333,14.166666666666666,128138.69041920001,4.583333333333333,70.67771689497717,3.7387698630136987,2017,164000.0,3459.915611814346
41,KANSAS,GEARY,20061,13.808901065449012,39.31888888888889,-19.734444444444446,14.11111111111111,187.0,936.4595555555555,0.7023424657534247,2.1111111111111107,85.66666666666667,9.88888888888889,133426.6274592,9.11111111111111,67.18517503805175,4.108371080669711,2017,364600.0,6253.859348198971
42,KANSAS,GRANT,20067,12.915821917808218,39.3825,-20.19333333333333,30.083333333333332,216.5,1054.05975,0.8754739726027397,11.75,65.25,13.333333333333334,149587.2520992,3.75,60.49376712328767,4.2689200913242,2017,2196000.0,58873.99463806971
43,KANSAS,GRAY,20069,13.154606849315067,38.6185,-17.7475,26.25,210.2,902.0735,0.8417095890410958,4.35,66.3,13.05,143285.9291712,5.95,61.1194794520548,4.721698219178082,2017,6056000.0,111734.31734317343
44,KANSAS,GREELEY,20071,11.75423287671233,38.39375,-19.918125,20.9375,231.0625,879.5644374999999,0.8031883561643836,4.0,67.125,11.5,148217.79409920002,3.8125,61.309366438356165,4.428263184931507,2017,2776000.0,105151.51515151515
45,KANSAS,GREENWOOD,20073,14.582764840182648,38.76777777777778,-16.04111111111111,8.0,177.61111111111111,1174.5895555555555,0.6776168949771689,0.0,83.83333333333333,13.36111111111111,131012.9037792,2.7222222222222223,68.09569254185693,4.128357382039574,2017,114000.0,2179.732313575526
46,KANSAS,HAMILTON,20075,12.334276164383562,38.4328,-20.624000000000002,24.96,221.12,925.41052,0.856533589041096,7.68,66.32000000000001,12.44,149694.38694720002,2.84,60.053676712328766,4.139297863013699,2017,2711000.0,88885.24590163934
47,KANSAS,HARPER,20077,15.058865753424657,41.19133333333333,-14.431999999999999,34.6,184.6,1038.5540666666666,0.8247256621004565,6.266666666666667,75.06666666666666,12.733333333333333,139232.6302752,5.8,64.60743378995434,4.347045662100457,2017,8913000.0,206798.14385150812
48,KANSAS,HARVEY,20079,14.33046301369863,40.558,-17.063,19.4,184.4,844.1302000000001,0.7392871232876713,2.3,77.8,9.3,131255.4449952,5.0,66.50657534246575,4.4385032876712325,2017,4289000.0,84930.69306930693
49,KANSAS,JACKSON,20085,13.411357876712328,37.966875,-20.98125,6.375,191.0625,1135.3834375,0.6192196917808219,0.125,89.4375,12.9375,127110.1839192,8.6875,69.37421232876713,3.776390239726027,2017,53500.0,1298.5436893203882
50,KANSAS,JEFFERSON,20087,13.738356164383562,37.2475,-20.81,4.833333333333333,185.58333333333334,1164.0789166666666,0.6056810502283105,0.0,87.58333333333333,14.916666666666666,127214.7849792,7.25,69.77228310502284,3.7166623287671237,2017,31600.0,810.2564102564103
51,KANSAS,JEWELL,20089,12.54291210045662,40.61416666666667,-22.791666666666668,27.375,207.58333333333334,764.3874583333334,0.7562174657534247,5.875,73.45833333333333,8.041666666666666,133793.46601920002,7.541666666666667,64.82987442922375,4.197833789954338,2017,3959900.0,83542.194092827
52,KANSAS,JOHNSON,20091,13.957438356164383,36.89083333333333,-20.185,4.166666666666666,180.91666666666666,1532.0728333333334,0.5989397260273973,0.0,85.91666666666667,18.333333333333332,126423.27097920001,4.916666666666667,70.39301369863014,3.2892043378995437,2017,158000.0,2279.94227994228
53,KANSAS,KEARNY,20093,12.36862602739726,38.527,-18.515,24.55,218.75,938.92885,0.8149530136986302,6.5,64.35,11.8,147404.0521152,5.3,61.78749315068494,4.320436712328767,2017,3876000.0,92949.64028776978
54,KANSAS,KINGMAN,20095,14.567849967384213,40.41809523809523,-15.254761904761907,26.142857142857142,186.57142857142858,919.9080952380953,0.7954803652968035,4.857142857142857,71.33333333333333,11.142857142857142,133775.81923062858,4.666666666666667,64.43279843444228,4.616768819308546,2017,8476000.0,173688.52459016396
55,KANSAS,LABETTE,20099,15.255659817351598,36.858333333333334,-13.683333333333332,3.4166666666666665,169.08333333333334,1479.7196666666666,0.6061650684931507,0.0,84.91666666666667,20.75,130485.8104992,5.916666666666666,71.89872146118721,3.596271917808219,2017,1532000.0,35710.95571095571
56,KANSAS,LEAVENWORTH,20103,13.666251141552511,35.862500000000004,-20.1275,3.25,187.58333333333334,1373.6986666666667,0.5805408675799086,0.0,85.16666666666667,17.5,124065.9052992,7.5,70.92687214611873,3.382454109589041,2017,69200.0,1409.3686354378817
57,KANSAS,LYON,20111,13.99233105022831,39.23625,-17.29625,8.125,183.16666666666666,1078.7521666666667,0.6541404109589041,0.5,84.79166666666667,11.375,131017.5758592,4.041666666666667,69.02802511415526,4.036379908675799,2017,341600.0,6791.252485089463
58,KANSAS,MARION,20115,14.144391232876712,40.3256,-16.5424,12.24,184.84,917.26516,0.722810301369863,1.96,84.44,8.92,131958.35496,5.56,66.49379726027398,4.500204383561644,2017,5311400.0,97636.02941176471
59,KANSAS,MCPHERSON,20113,14.220142465753424,41.8615,-16.416999999999998,28.65,191.25,812.14875,0.7896369863013698,4.0,78.9,9.35,134794.8145152,6.2,65.07557534246575,4.673082739726027,2017,10218000.0,176782.00692041524
60,KANSAS,MIAMI,20121,14.074242009132421,36.95916666666667,-19.14,4.083333333333333,180.0,1358.3641666666667,0.5869598173515982,0.0,85.83333333333333,15.5,126909.6036192,4.25,70.67890410958904,3.6318851598173514,2017,221000.0,3298.507462686567
61,KANSAS,MITCHELL,20123,13.25714307458143,41.882222222222225,-21.405555555555555,35.72222222222222,201.5,860.1876666666667,0.8030659056316591,7.777777777777778,75.94444444444444,8.944444444444445,135695.0532192,9.61111111111111,64.44071537290715,4.246816894977169,2017,6571500.0,131693.3867735471
62,KANSAS,MONTGOMERY,20125,15.23470091324201,38.25416666666667,-13.890833333333333,6.416666666666666,173.41666666666666,1326.1374166666667,0.6600840182648402,0.0,79.08333333333333,17.583333333333332,131748.1648992,4.416666666666667,69.97997716894977,3.6680534246575345,2017,1411000.0,33436.01895734597
63,KANSAS,MORRIS,20127,13.741617960426181,39.25888888888889,-19.849444444444444,10.055555555555555,187.33333333333334,973.5439444444445,0.684079604261796,1.5555555555555556,85.44444444444444,11.0,133604.4592992,7.0,67.4499086757991,4.349191628614916,2017,1240000.0,20910.6239460371
64,KANSAS,MORTON,20129,13.25764200913242,38.60066666666667,-21.945333333333334,28.733333333333334,217.86666666666667,837.7468,0.9427318721461186,13.266666666666667,66.6,9.0,152441.67597120002,2.4,58.058173515981736,4.426143561643836,2017,2177000.0,63841.642228739
65,KANSAS,NEMAHA,20131,12.959619863013698,37.458125,-21.7325,4.5625,194.375,1071.362375,0.6090260273972603,0.0,85.4375,11.0,127436.51617920001,9.3125,69.36832191780822,3.9336871575342465,2017,212000.0,3642.611683848797
66,KANSAS,NORTON,20137,12.192613698630137,40.3505,-22.053,31.6,219.4,705.8199,0.7964646575342467,7.3999999999999995,70.0,6.550000000000001,137890.96326720002,5.0,63.06317808219178,4.193492602739727,2017,2266000.0,56089.10891089109
67,KANSAS,OSAGE,20139,14.054056506849316,38.771875,-18.84125,7.25,181.5,1202.24275,0.6355571917808219,0.1875,85.5,14.75,130504.8760992,4.9375,69.82510273972602,4.014491095890411,2017,277000.0,5687.88501026694
68,KANSAS,OTTAWA,20143,13.67206088280061,41.934444444444445,-20.25611111111111,31.833333333333332,196.72222222222223,859.7567222222223,0.7882983257229833,6.5,81.44444444444444,10.333333333333334,134598.10057920002,9.055555555555555,65.03462709284628,4.182177168949772,2017,3628800.0,74666.66666666667
69,KANSAS,PAWNEE,20145,13.491855185909982,39.88333333333333,-17.826666666666668,28.523809523809522,201.23809523809524,671.8745238095238,0.8312439660795825,7.0,63.23809523809524,7.619047619047619,139139.21031634285,5.857142857142857,62.844096542726675,4.755085975212003,2017,7602000.0,126700.0
70,KANSAS,PHILLIPS,20147,12.50240410958904,40.865833333333335,-21.556250000000002,32.625,213.70833333333334,753.121625,0.79872100456621,6.791666666666667,75.41666666666667,8.041666666666666,136207.4323392,4.583333333333333,63.097636986301374,4.144226369863014,2017,3246000.0,73273.13769751694
71,KANSAS,POTTAWATOMIE,20149,13.2442567224759,39.29962962962963,-21.090740740740742,9.777777777777777,195.22222222222223,1077.9563703703705,0.6365199391171994,0.962962962962963,91.96296296296296,11.074074074074074,126944.3586592,9.62962962962963,69.30922374429224,3.760431050228311,2017,120000.0,2251.40712945591
72,KANSAS,PRATT,20151,13.709532420091325,39.48666666666667,-15.910666666666666,20.266666666666666,195.93333333333334,849.4598666666667,0.7894471232876712,3.8666666666666667,60.8,11.466666666666667,136386.69203520002,4.8,63.59764383561644,4.744771689497717,2017,8980000.0,151433.38954468805
73,KANSAS,RAWLINS,20153,11.69359589041096,38.62892857142857,-21.665,22.535714285714285,229.92857142857142,591.8566071428571,0.8176191780821918,3.75,63.82142857142857,4.428571428571429,151870.7796192,3.428571428571429,60.53522504892368,4.307114677103718,2017,6099000.0,110090.25270758122
74,KANSAS,RENO,20155,14.177719178082192,40.819375,-15.97875,23.96875,190.59375,834.9101875,0.7682315924657535,4.5625,67.3125,9.90625,134409.4878492,6.21875,65.34855308219178,4.605099914383562,2017,10514000.0,197260.78799249532
75,KANSAS,REPUBLIC,20157,12.47921308980213,39.538333333333334,-22.806666666666665,19.27777777777778,205.33333333333334,1009.7404444444445,0.6821284627092846,2.111111111111111,79.05555555555556,10.055555555555555,130174.1512992,9.61111111111111,67.28963470319634,4.04513302891933,2017,2167800.0,46025.477707006365
76,KANSAS,RICE,20159,13.772286757990868,41.037333333333336,-16.836666666666666,26.666666666666668,195.93333333333334,750.1478666666667,0.7767715068493151,5.133333333333333,70.06666666666666,8.6,134789.1036192,8.066666666666666,65.08226484018265,4.757206392694064,2017,7642000.0,138693.28493647912
77,KANSAS,ROOKS,20163,13.040904109589041,41.05708333333333,-18.88083333333333,31.458333333333332,205.91666666666666,754.0320833333333,0.8144187214611872,8.166666666666666,75.08333333333333,9.208333333333334,136518.6699792,4.791666666666667,62.96380136986301,4.355380593607306,2017,3880200.0,81006.2630480167
78,KANSAS,RUSSELL,20167,13.514082191780822,41.0855,-18.802500000000002,35.25,199.3,833.8339,0.8269254794520549,7.75,70.9,11.3,137779.8714432,7.550000000000001,63.43379452054794,4.57684904109589,2017,3298000.0,65566.60039761431
79,KANSAS,SALINE,20169,14.23625388127854,41.968666666666664,-17.139333333333333,34.266666666666666,191.86666666666667,801.7953333333334,0.8274387214611872,6.266666666666667,79.8,9.2,135360.7404192,7.733333333333333,64.38142465753425,4.384210410958904,2017,5809200.0,111287.35632183908
80,KANSAS,SCOTT,20171,12.469660958904111,39.18375,-20.896250000000002,29.125,219.5,745.678,0.848358390410959,9.5,62.4375,8.375,146013.29863920002,3.5625,61.42799657534247,4.546619178082192,2017,6250000.0,119502.86806883366
81,KANSAS,SEDGWICK,20173,14.636441400304413,40.7362962962963,-15.338888888888889,18.59259259259259,181.55555555555554,958.7321111111111,0.727108472856418,2.962962962962963,76.03703703703704,12.037037037037036,131574.0847392,4.407407407407407,67.48200913242009,4.170223642820903,2017,6927000.0,146139.2405063291
82,KANSAS,SEWARD,20175,13.54808904109589,38.44416666666667,-18.273333333333333,33.833333333333336,208.33333333333334,957.0633333333333,0.8725550228310501,6.583333333333333,66.58333333333333,11.833333333333334,145878.9180192,3.8333333333333335,60.345114155251146,4.448186757990867,2017,2163000.0,46217.94871794872
83,KANSAS,SHAWNEE,20177,13.985941552511415,38.49,-19.477333333333334,8.133333333333333,186.26666666666668,1171.4332666666667,0.6559141552511416,0.6666666666666666,88.33333333333333,14.333333333333334,127943.32403520001,6.866666666666667,68.95305936073059,3.7171090410958905,2017,108900.0,2160.714285714286
84,KANSAS,SHERMAN,20181,11.207035225048923,37.64392857142857,-19.73428571428571,12.892857142857142,235.32142857142858,818.047,0.743821037181996,0.9642857142857143,70.32142857142857,8.392857142857142,140696.28499062857,4.321428571428571,62.30988258317025,4.450771722113503,2017,4973000.0,96939.57115009747
85,KANSAS,SMITH,20183,12.533261415525116,41.14625,-23.08791666666667,34.166666666666664,210.29166666666666,682.5755,0.8020125570776255,6.708333333333333,72.04166666666667,6.416666666666667,138695.3282592,3.5833333333333335,63.20584474885845,4.22165,2017,4593900.0,95906.05427974949
86,KANSAS,STAFFORD,20185,13.48424794520548,39.468,-17.207,20.2,196.85,764.2875,0.7705305479452055,3.7,61.5,9.3,136020.7086912,5.45,64.48872602739726,4.772439178082192,2017,6259000.0,118317.58034026466
87,KANSAS,STANTON,20187,12.794602739726027,38.504,-19.945333333333334,27.733333333333334,219.33333333333334,969.5768666666667,0.8958445662100457,12.0,64.2,11.666666666666666,150994.8526752,2.8666666666666667,59.296968036529684,4.183571141552511,2017,4463000.0,94957.44680851063
88,KANSAS,STEVENS,20189,13.262653881278538,38.565333333333335,-19.903333333333332,31.4,214.6,865.8874666666667,0.8951136073059361,11.133333333333333,65.93333333333334,10.333333333333334,148595.34841920002,3.1333333333333333,59.724365296803654,4.477615707762557,2017,2442000.0,58421.052631578954
89,KANSAS,SUMNER,20191,15.144909980430528,40.98892857142857,-14.344285714285714,25.821428571428573,179.64285714285714,963.4118928571429,0.7740994129158513,3.7142857142857144,75.57142857142857,12.25,135156.4684992,4.392857142857143,66.58638943248533,4.223260176125245,2017,14488000.0,314273.3188720173
90,KANSAS,WALLACE,20199,11.529890410958904,37.32541666666667,-19.16,15.375,232.33333333333334,910.7052916666667,0.7454802511415526,0.8333333333333333,67.0,10.25,143625.22153920002,4.125,62.60059360730594,4.259314726027397,2017,2869000.0,75699.20844327177
91,KANSAS,WICHITA,20203,12.028654109589041,38.623125,-19.695,23.0625,223.75,829.644,0.8035554794520549,5.9375,62.875,10.375,147739.4475192,4.4375,62.1842294520548,4.488155993150684,2017,3904000.0,104664.87935656837
92,KANSAS,WILSON,20205,14.929936073059359,38.824999999999996,-14.338333333333333,7.166666666666666,176.58333333333334,1408.7360833333335,0.6562280821917807,0.0,82.5,18.833333333333332,131866.0288992,2.1666666666666665,69.94454337899543,3.8247910958904106,2017,1132600.0,21614.503816793895
93,KANSAS,WOODSON,20207,14.546205479452054,38.8375,-16.84,8.375,179.375,1276.237625,0.6473969178082192,0.0,83.25,15.125,131476.13305920002,2.25,70.18630136986302,3.9805325342465756,2017,178000.0,4611.398963730569
94,NORTH DAKOTA,BOWMAN,38011,7.076722222222222,38.79361111111111,-30.943333333333335,11.86111111111111,277.5,319.4078333333333,0.6991770167427702,4.722222222222222,59.583333333333336,1.3888888888888888,128027.3940192,2.1666666666666665,61.448789954337904,4.598170319634703,2017,9100.0,478.94736842105266
95,NORTH DAKOTA,DUNN,38025,6.020421069797782,38.007738095238096,-33.55321428571428,8.095238095238095,283.1190476190476,432.1842142857143,0.5741883235485975,0.738095238095238,65.94047619047619,2.571428571428571,125248.00747062858,5.0476190476190474,66.14124592302674,4.475868493150685,2017,111000.0,3198.8472622478384
96,NORTH DAKOTA,MCLEAN,38055,5.501357282639082,36.39867346938776,-32.20336734693878,3.295918367346939,272.53061224489795,567.4268469387755,0.5007623147889293,0.0,80.1734693877551,3.7755102040816326,120274.82806981225,4.061224489795919,69.24034945485043,4.6346588761532015,2017,48200.0,999.9999999999999
97,SOUTH DAKOTA,AURORA,46003,9.440427397260274,38.716,-30.187,11.65,238.55,804.79055,0.5939449315068492,0.2,87.4,7.6000000000000005,121469.99915520001,10.1,68.1945890410959,4.261504657534247,2017,397000.0,6403.225806451613
98,SOUTH DAKOTA,BENNETT,46007,8.993518721461188,39.44866666666667,-26.195,15.8,259.6,636.3524666666667,0.7376690410958904,7.4,89.73333333333333,3.0666666666666664,139316.1548832,3.7333333333333334,61.96180821917809,4.3682950684931505,2017,742000.0,17417.840375586853
99,SOUTH DAKOTA,BON HOMME,46009,10.015456164383561,36.05,-26.174,4.55,225.1,992.9028000000001,0.555533698630137,0.0,81.2,11.65,125558.66704320001,6.15,68.83739726027397,4.111089452054794,2017,246000.0,3440.5594405594406
100,SOUTH DAKOTA,BROOKINGS,46011,7.693646444879322,33.92333333333333,-30.72285714285714,0.14285714285714285,246.14285714285714,850.8538095238096,0.4230536203522505,0.0,89.61904761904762,7.095238095238095,115918.63760777144,7.095238095238095,73.96528375733855,4.175274494455316,2017,38800.0,500.00000000000006
101,SOUTH DAKOTA,BRULE,46015,9.92417808219178,40.684615384615384,-28.843846153846155,15.5,233.73076923076923,787.5264615384616,0.6378518440463645,1.1153846153846154,81.3076923076923,7.576923076923077,124340.24141612308,8.115384615384615,66.67015806111696,4.231139726027397,2017,478000.0,10693.512304250558
102,SOUTH DAKOTA,CHARLES MIX,46023,10.137808219178083,37.99607142857143,-27.28375,9.785714285714286,228.5,850.3932321428572,0.6046626712328768,0.25,84.39285714285714,7.696428571428571,127047.84315634286,6.142857142857142,67.37208904109589,4.170690313111546,2017,2305000.0,36821.08626198083
103,SOUTH DAKOTA,DAVISON,46035,9.520063926940638,37.824444444444445,-29.734444444444446,9.11111111111111,234.44444444444446,808.5243333333333,0.5718158295281582,0.0,89.0,6.888888888888889,119654.5701792,10.333333333333334,69.1283105022831,4.255662100456621,2017,347000.0,6141.592920353983
104,SOUTH DAKOTA,DOUGLAS,46043,9.580448318804484,38.098181818181814,-28.921818181818182,8.909090909090908,237.45454545454547,821.915,0.5835820672478207,0.0,86.27272727272727,5.818181818181818,123472.73611374546,6.545454545454546,68.55392278953923,4.2598388542963885,2017,441000.0,7112.903225806452
105,SOUTH DAKOTA,HAAKON,46055,9.177243983709737,40.942432432432426,-28.83378378378378,23.554054054054053,249.1081081081081,526.9231216216216,0.7559374676045908,5.527027027027027,76.62162162162163,2.27027027027027,131968.1273510919,4.54054054054054,61.21103295075898,4.289578415401703,2017,1027000.0,39049.42965779467
106,SOUTH DAKOTA,HAMLIN,46057,7.345388127853881,34.25416666666667,-31.569166666666664,0.0,248.0,674.7223333333334,0.44074863013698634,0.0,83.5,4.25,114051.2452992,6.75,72.60488584474886,4.299419863013699,2017,43200.0,579.8657718120805
107,SOUTH DAKOTA,HAND,46059,8.57275733855186,39.20547619047619,-31.65357142857143,10.428571428571429,247.0,512.2501904761905,0.6093401826484018,0.40476190476190477,70.61904761904762,3.0952380952380953,127573.28707062858,4.071428571428571,66.0061252446184,4.298034768427919,2017,123000.0,2282.0037105751394
108,SOUTH DAKOTA,HANSON,46061,9.315853881278539,36.94111111111111,-29.986666666666665,7.111111111111111,233.77777777777777,847.1522222222222,0.5388983257229832,0.0,89.44444444444444,8.333333333333334,119106.6751392,10.444444444444445,70.53713850837138,4.224156468797565,2017,299000.0,3818.646232439336
109,SOUTH DAKOTA,HUTCHINSON,46067,9.635141552511415,37.01904761904762,-28.51571428571429,5.190476190476191,228.85714285714286,888.8859047619047,0.5562313111545988,0.0,85.33333333333333,9.0,121248.38329920001,7.809523809523809,69.65058056099153,4.212012133072407,2017,259000.0,3770.014556040757
110,SOUTH DAKOTA,KINGSBURY,46077,7.906437214611872,34.42625,-31.400000000000002,1.1666666666666667,243.5,822.2854583333333,0.45693093607305935,0.0,86.0,7.666666666666667,117844.4544192,7.125,72.17140410958905,4.425120776255708,2017,130000.0,2148.7603305785124
111,SOUTH DAKOTA,LYMAN,46085,10.242521705575921,42.34845070422535,-28.320281690140845,23.0,233.88732394366198,578.5771971830986,0.7418499324715415,7.507042253521127,78.09859154929578,3.4507042253521125,127492.48485187607,5.746478873239437,63.27421184642099,4.321097858383176,2017,1741000.0,56710.09771986971
112,SOUTH DAKOTA,MINER,46097,8.568412785388128,35.757333333333335,-31.105999999999998,3.7333333333333334,240.0,880.6192666666667,0.47951762557077626,0.0,89.33333333333333,8.866666666666667,118578.0622752,8.533333333333333,72.22526027397261,4.334616073059361,2017,548000.0,8712.241653418125
113,SOUTH DAKOTA,POTTER,46107,8.006653319283457,40.292692307692306,-32.87346153846154,14.884615384615385,251.57692307692307,463.97515384615383,0.647627397260274,3.576923076923077,66.15384615384616,2.5,131988.07233304615,3.6923076923076925,64.25711275026343,4.563938040042149,2017,281000.0,10107.913669064748
114,SOUTH DAKOTA,SANBORN,46111,9.05924200913242,37.04666666666667,-31.320666666666668,9.6,238.93333333333334,831.6819333333333,0.5374571689497717,0.0,87.0,6.733333333333333,119139.8454432,8.6,70.21457534246575,4.121124748858447,2017,92000.0,1669.6914700544464
115,SOUTH DAKOTA,TODD,46121,9.826858447488585,41.71909090909091,-26.413939393939394,24.545454545454547,247.84848484848484,683.7175151515152,0.7782195931921959,10.909090909090908,84.24242424242425,4.303030303030303,132054.13492101818,6.636363636363637,61.620074719800755,4.559457783312578,2017,183000.0,4644.670050761421
116,SOUTH DAKOTA,TRIPP,46123,10.379858121330724,42.365,-27.34017857142857,23.178571428571427,236.66071428571428,761.1978928571428,0.7357886497064579,7.767857142857142,86.92857142857143,5.267857142857143,127434.73387062858,8.660714285714286,63.943610567514675,4.329985616438356,2017,1528000.0,36380.95238095238
117,SOUTH DAKOTA,TURNER,46125,9.443996575342466,36.075,-27.92125,1.0625,228.25,998.9136875,0.5023412671232877,0.0,85.25,10.625,118453.6037592,9.5625,71.6451198630137,4.097568321917808,2017,95000.0,1140.4561824729892
118,SOUTH DAKOTA,YANKTON,46135,9.955721461187213,36.96083333333333,-26.852500000000003,3.3333333333333335,223.58333333333334,1014.8983333333333,0.532982191780822,0.0,80.25,11.166666666666666,123615.6496992,7.5,70.27401826484018,3.964321917808219,2017,58800.0,920.1877934272301
119,SOUTH DAKOTA,ZIEBACH,46137,8.428681463499219,40.087088607594936,-30.49721518987342,19.911392405063292,253.40506329113924,421.0658987341772,0.7162408878099531,2.9240506329113924,68.58227848101266,1.5443037974683544,136873.96770021267,4.177215189873418,61.6468735911219,4.455593341425351,2017,507000.0,15600.0
120,TEXAS,ARCHER,48009,18.485927397260276,38.9215,-14.7875,44.05,137.45,1039.2275,1.029994520547945,6.35,59.5,11.6,149876.2831392,6.6,62.276575342465755,3.805301917808219,2017,434000.0,24519.774011299436
121,TEXAS,ARMSTRONG,48011,15.568472602739726,39.265499999999996,-14.267,22.55,183.35,743.24465,1.0187513698630137,6.4,63.7,7.3,159098.6459232,4.05,56.086780821917806,4.312379589041096,2017,965500.0,32183.333333333332
122,TEXAS,ATASCOSA,48013,22.175918569254186,40.412777777777784,-7.330833333333334,73.05555555555556,69.94444444444444,1217.2813055555555,1.0453536529680365,1.5555555555555554,90.27777777777777,13.86111111111111,135289.80241920002,6.361111111111111,68.59753424657534,3.8353391933028917,2017,14400.0,440.36697247706417
123,TEXAS,BAILEY,48017,15.032309589041095,40.833,-19.5105,16.2,201.9,640.69035,1.0401817808219178,12.7,57.25,7.1000000000000005,168751.4262912,1.25,55.06634246575342,4.4113813698630135,2017,360000.0,9890.10989010989
124,TEXAS,BAYLOR,48023,18.758731506849315,39.3015,-13.579500000000001,50.05,133.45,900.274,1.1614138356164383,13.35,55.4,9.450000000000001,155934.6930432,5.5,57.611219178082195,4.110412876712329,2017,895000.0,44750.0
125,TEXAS,BELL,48027,20.564017840076456,39.37069767441861,-9.37860465116279,46.02325581395349,95.30232558139535,1277.2152558139535,0.9379308059891686,1.6046511627906976,85.95348837209302,12.116279069767442,132730.5869159442,5.674418604651162,68.25621535520867,3.5102067537432307,2017,343000.0,10685.358255451712
126,TEXAS,BEXAR,48029,21.273255055446835,39.04595238095238,-7.535714285714286,47.214285714285715,78.21428571428571,1079.1205952380953,0.9511234181343771,1.3571428571428572,102.88095238095238,11.785714285714285,131291.8476192,8.166666666666666,68.93148727984344,2.942510371819961,2017,80800.0,2845.0704225352115
127,TEXAS,BOSQUE,48035,19.715714085001757,38.48307692307693,-10.523846153846154,33.05128205128205,110.0,1076.7137948717948,0.8994739726027398,1.7692307692307692,83.74358974358974,13.435897435897436,138122.3540315077,5.461538461538462,68.01486476993327,3.500855426765016,2017,60000.0,2197.802197802198
128,TEXAS,BRISCOE,48045,16.26270684931507,41.446,-15.193000000000001,32.45,172.45,787.7813,1.0548475342465753,10.45,63.0,9.25,159562.8796032,3.4,56.614479452054795,4.075489863013698,2017,484000.0,21415.92920353982
129,TEXAS,BROWN,48049,18.984841197361746,38.51444444444444,-9.28962962962963,35.592592592592595,126.25925925925925,1032.8804814814814,0.9838984271943176,2.7037037037037037,72.5925925925926,12.222222222222221,146576.03737920002,3.962962962962963,64.46913242009133,3.342760121765601,2017,46000.0,2705.8823529411766
130,TEXAS,CALLAHAN,48059,18.515523287671233,38.8525,-10.771,28.35,127.8,921.70735,1.0232638356164385,4.2,68.8,12.0,150623.8587072,6.65,61.66978082191781,4.031465068493151,2017,194000.0,8584.070796460177
131,TEXAS,CARSON,48065,15.13892191780822,39.672000000000004,-14.9715,24.55,184.9,745.1123,1.0157690410958904,9.75,64.2,8.35,157274.9497152,5.15,56.34686301369863,4.971217397260274,2017,1438000.0,46237.94212218649
132,TEXAS,CLAY,48077,18.192213537469783,37.6514705882353,-14.27,27.441176470588236,137.44117647058823,1119.938705882353,0.9048144238517324,1.1176470588235294,64.52941176470588,14.882352941176471,144657.5518639059,5.029411764705882,65.60128122481869,3.594717324738115,2017,393000.0,18537.735849056604
133,TEXAS,COCHRAN,48079,15.69420205479452,41.244375,-17.509999999999998,18.1875,195.6875,432.5185,1.1345188356164384,14.8125,49.625,4.25,171210.7910592,1.9375,52.60789383561644,4.501042979452055,2017,27500.0,2200.0
134,TEXAS,COKE,48081,18.55673515981735,41.61333333333333,-9.984444444444444,44.833333333333336,137.05555555555554,639.2422777777778,1.125696194824962,10.333333333333332,56.94444444444444,7.277777777777778,156650.4804192,5.777777777777778,58.85812785388128,3.6908366818873666,2017,53000.0,3291.925465838509
135,TEXAS,COLEMAN,48083,18.940615264187866,39.27914285714286,-10.21142857142857,41.114285714285714,127.2,845.0963142857144,1.0536867318982388,4.6,70.02857142857142,9.485714285714286,147858.69008777145,6.457142857142857,62.153056751467716,3.4029243835616434,2017,327000.0,19235.29411764706
136,TEXAS,COLLIN,48085,19.142302739726027,36.588,-12.181999999999999,8.8,109.4,1184.1221,0.7801520547945205,0.05,76.8,15.25,129887.8228512,4.55,69.75628767123288,3.465226575342466,2017,660000.0,18282.548476454293
137,TEXAS,CONCHO,48095,19.265158356164385,39.418800000000005,-10.0084,43.88,121.48,703.74012,1.1230202739726027,9.0,64.8,8.08,152905.8220704,6.32,60.6926794520548,3.657440328767123,2017,766000.0,26597.222222222223
138,TEXAS,COOKE,48097,18.210473744292237,36.91041666666667,-14.25,7.875,128.54166666666666,1282.2447916666667,0.7823557077625571,0.0,70.625,17.375,134941.8764592,5.041666666666667,68.30994292237443,3.3195028538812785,2017,370000.0,12891.98606271777
139,TEXAS,CORYELL,48099,20.076190476190476,38.91595238095238,-10.69047619047619,42.452380952380956,104.92857142857143,1158.6384047619047,0.940086301369863,2.0952380952380953,82.97619047619048,12.095238095238095,138873.9069792,5.571428571428571,67.38617090671886,3.3897317677756034,2017,115000.0,6388.888888888889
140,TEXAS,CROSBY,48107,16.921093150684932,41.6485,-14.362,29.75,163.1,579.2462,1.1554519178082192,14.65,59.35,6.1,161033.0589792,2.9,53.68282191780822,4.3064616438356165,2017,62000.0,3690.4761904761904
141,TEXAS,DALLAM,48111,13.404544140030442,38.37694444444444,-17.90416666666667,21.36111111111111,219.0,914.7620277777778,0.9299581430745814,11.972222222222221,64.0,12.36111111111111,158166.95425920002,2.0555555555555554,57.210098934550984,4.6262023592085235,2017,3610000.0,62564.99133448873
142,TEXAS,DAWSON,48115,17.37576712328767,42.5985,-11.5985,33.4,158.95,378.68985,1.2090295890410958,15.05,44.8,2.95,168883.30379520002,2.6,53.67139726027398,3.9762942465753426,2017,325000.0,6605.6910569105685
143,TEXAS,DEAF SMITH,48117,14.875886605783865,40.287222222222226,-17.64388888888889,17.666666666666668,194.11111111111111,852.51975,1.0265479452054795,12.333333333333334,66.41666666666667,9.444444444444445,165485.2960992,1.6944444444444444,55.36641552511415,4.900203196347032,2017,2611000.0,92588.6524822695
144,TEXAS,DELTA,48119,18.739472602739728,36.20875,-10.3475,6.625,113.5,1584.434375,0.7338082191780821,0.0,83.125,20.625,124420.53409920001,6.375,71.32085616438356,3.6520393835616436,2017,340000.0,5802.047781569966
145,TEXAS,DENTON,48121,19.186939497716896,36.87208333333333,-10.459166666666667,10.458333333333334,110.91666666666667,1043.585125,0.8306767123287672,0.0,73.29166666666667,13.833333333333334,136811.93317920002,7.0,68.24165525114155,3.292686187214612,2017,620000.0,23134.328358208953
146,TEXAS,DICKENS,48125,17.44875479452055,41.8125,-13.0575,42.9,157.0,537.1618,1.2008421917808219,16.8,58.3,3.7,161743.9421952,2.6,53.5537397260274,4.2407756164383565,2017,58000.0,3493.9759036144574
147,TEXAS,DONLEY,48129,15.653239726027397,40.4015,-14.7715,28.8,184.95,842.8323,0.9773571232876712,5.35,62.95,10.8,157545.27241920002,2.6,58.16438356164384,4.146934931506849,2017,89500.0,2896.4401294498384
148,TEXAS,ELLIS,48139,19.66269771689498,37.46033333333333,-9.096666666666668,18.033333333333335,106.26666666666667,1132.2519666666667,0.8200361643835616,0.06666666666666667,82.46666666666667,13.5,129411.1168992,5.533333333333333,69.76581735159817,3.808279817351598,2017,465000.0,11509.90099009901
149,TEXAS,FALLS,48145,20.300271138403403,39.0903448275862,-9.890344827586206,37.6551724137931,100.75862068965517,1467.4842413793103,0.8539539914974019,0.6206896551724138,89.65517241379311,13.482758620689655,130946.51863713104,7.586206896551724,70.63545583372698,3.9575401983939535,2017,433000.0,16401.515151515152
150,TEXAS,FANNIN,48147,18.533583333333333,36.03375,-15.5375,8.916666666666666,122.625,1217.9795416666666,0.7582240867579909,0.0,74.70833333333333,15.833333333333334,132411.8090592,6.416666666666666,70.27199771689497,3.521513584474886,2017,1175000.0,29012.345679012345
151,TEXAS,FLOYD,48153,16.150169863013698,41.556400000000004,-16.5032,22.0,170.4,654.7276,1.0662614794520546,11.68,66.6,6.72,159090.78438720002,2.52,55.76735342465753,4.616042191780822,2017,1147000.0,59739.583333333336
152,TEXAS,GAINES,48165,16.56060578386606,41.386944444444445,-12.225833333333334,27.61111111111111,186.33333333333334,482.93355555555553,1.1759418569254185,15.277777777777779,49.55555555555556,5.611111111111111,170148.3650592,2.1666666666666665,53.51052511415525,3.9121542617960423,2017,272700.0,5497.9838709677415
153,TEXAS,GILLESPIE,48171,19.168825831702545,37.13,-9.093333333333334,9.857142857142858,107.57142857142857,944.5750952380952,0.8470440965427267,0.7142857142857142,77.71428571428571,12.19047619047619,135544.36469348572,3.8095238095238098,68.61309849967384,3.51974794520548,2017,56500.0,1996.4664310954063
154,TEXAS,GLASSCOCK,48173,18.744457534246575,41.9505,-12.405,43.95,133.55,391.4101,1.2994439726027398,24.95,45.4,2.8,166855.62798720002,1.95,53.876534246575346,4.3043304109589045,2017,161000.0,6098.484848484849
155,TEXAS,GRAY,48179,15.187112328767125,39.142,-14.162,21.8,186.15,716.37785,0.9713694520547945,5.7,67.45,7.55,153756.55811520002,4.3,57.774849315068494,4.701478493150685,2017,864000.0,29387.755102040817
156,TEXAS,GRAYSON,48181,18.45632876712329,36.20454545454545,-12.713333333333335,5.666666666666667,118.75757575757576,1285.9311515151514,0.7413113325031133,0.0,72.0,17.21212121212121,137582.08965556364,6.363636363636364,70.32565379825654,3.4047564964715646,2017,1269000.0,27115.384615384617
157,TEXAS,GUADALUPE,48187,21.298337573385517,38.761785714285715,-7.330357142857143,43.67857142857143,74.78571428571429,1218.3852142857143,0.8433622309197651,0.3214285714285714,106.64285714285714,12.821428571428571,129297.9566592,11.321428571428571,72.40074363992173,3.375393150684931,2017,95000.0,3015.873015873016
158,TEXAS,HALL,48191,17.01748630136986,42.9005,-16.4575,51.7,171.95,862.1441,1.1231456164383562,19.95,59.85,13.15,155236.54691520002,5.0,56.95743835616438,3.702927123287671,2017,83000.0,3705.357142857143
159,TEXAS,HAMILTON,48193,19.55637737516571,38.02741935483871,-10.128709677419355,29.161290322580644,110.41935483870968,984.0002258064516,0.9369476800707026,1.967741935483871,82.83870967741936,12.193548387096774,137800.83463339356,4.967741935483871,66.51972602739727,3.3349098541758724,2017,82000.0,2697.3684210526317
160,TEXAS,HARDEMAN,48197,17.933181996086105,39.669047619047625,-16.012857142857143,53.523809523809526,153.0952380952381,817.3391428571429,1.1883569471624267,18.285714285714285,56.61904761904762,9.809523809523808,153046.13703634287,4.857142857142857,55.34473581213307,4.168773907371167,2017,659000.0,32303.921568627455
161,TEXAS,HASKELL,48207,18.843990410958902,39.626999999999995,-12.955000000000002,61.6,136.95,932.7873,1.239852602739726,23.7,58.4,11.6,158336.2575072,5.1,56.013561643835615,4.043877945205479,2017,1424000.0,77391.3043478261
162,TEXAS,HEMPHILL,48211,15.538153424657535,39.674,-15.786000000000001,36.0,185.6,774.23205,1.0086023287671233,10.85,67.4,8.35,150232.2571872,5.45,58.09539726027397,4.470988493150685,2017,111000.0,3700.0
163,TEXAS,HILL,48217,19.774014872798436,38.47257142857143,-9.818,31.37142857142857,110.37142857142857,1116.3758857142857,0.8619726810176125,0.9142857142857143,84.94285714285714,13.485714285714286,131378.7809952,5.8,69.4426771037182,3.741481017612524,2017,1156000.0,26513.761467889908
164,TEXAS,HUNT,48231,19.000923515981732,36.617916666666666,-11.961666666666666,6.583333333333333,110.83333333333333,1252.6670833333333,0.7223877853881279,0.0,77.875,14.916666666666666,127564.0677792,5.583333333333334,71.8730707762557,3.6356466894977166,2017,490000.0,11893.203883495145
165,TEXAS,HUTCHINSON,48233,15.363447945205479,41.262,-15.4445,41.55,191.25,732.6414,1.0741245205479453,18.95,65.15,8.15,155983.1133312,4.55,55.82908219178083,4.4704136986301375,2017,460000.0,20720.72072072072
166,TEXAS,JACK,48237,18.816449315068493,38.202,-13.422999999999998,32.25,126.45,957.7228,1.003336712328767,3.25,63.8,11.4,147996.7466112,3.9,63.04172602739726,3.517649452054795,2017,16900.0,1198.581560283688
167,TEXAS,JOHNSON,48251,19.512661860129775,37.885263157894734,-9.306315789473684,23.0,113.21052631578948,1081.9935789473684,0.8683169430425378,0.9473684210526315,82.21052631578948,12.842105263157894,138960.5762592,4.894736842105263,68.33232876712329,3.578952271088681,2017,490000.0,9496.124031007752
168,TEXAS,JONES,48253,18.90237123287671,39.816500000000005,-12.529,55.55,132.9,794.88995,1.2033354794520548,20.6,63.05,9.35,154123.4293632,7.0,57.5214794520548,4.057538904109589,2017,1213100.0,61267.67676767676
169,TEXAS,KENT,48263,17.97931506849315,41.858,-12.799,52.55,150.7,474.36645,1.2296289041095891,16.85,55.95,3.55,158640.0286752,2.55,53.9008493150685,3.8507223287671235,2017,45300.0,2396.825396825397
170,TEXAS,KNOX,48275,18.594542465753424,40.245,-14.234,68.6,146.75,786.749,1.2810976712328765,29.6,58.2,9.1,159212.78334720002,4.35,54.415,4.003228630136987,2017,1938000.0,80750.0
171,TEXAS,LAMAR,48277,18.37385095890411,35.716800000000006,-14.5624,5.84,122.92,1627.62608,0.7416961095890412,0.0,84.36,20.32,124726.5588384,6.4399999999999995,70.54307945205478,3.531953863013699,2017,739000.0,15112.474437627812
172,TEXAS,LAMPASAS,48281,19.967118522930317,38.74739130434783,-9.874347826086957,39.73913043478261,106.30434782608695,983.1176086956522,0.9599087552114354,2.3043478260869565,76.73913043478261,9.869565217391305,141242.6395496348,5.173913043478261,66.58282310899345,3.1867377010125075,2017,35000.0,1598.1735159817354
173,TEXAS,LIPSCOMB,48295,15.218834246575343,39.543,-16.3595,37.6,190.65,754.6320000000001,0.9964950684931507,10.9,68.65,7.8,149536.80587520002,3.95,58.22204109589042,4.649976438356164,2017,340000.0,8695.652173913044
174,TEXAS,LUBBOCK,48303,16.430130136986303,42.314,-15.397,22.1,176.6,578.7154,1.11457301369863,12.25,57.5,5.6,161884.41693120002,2.55,54.40260273972603,4.336233561643835,2017,43000.0,1699.604743083004
175,TEXAS,LYNN,48305,17.022,42.416,-15.0575,28.65,168.0,494.1431,1.190702602739726,14.65,50.0,5.2,164709.8826912,2.6,53.076410958904106,4.314922876712329,2017,55000.0,2401.7467248908297
176,TEXAS,MCCULLOCH,48307,19.278945753424658,39.4168,-8.9124,41.24,119.44,668.36464,1.044980602739726,4.36,65.68,7.04,149911.431696,5.4,63.44130410958904,3.416477150684931,2017,801000.0,24272.727272727272
177,TEXAS,MCLENNAN,48309,20.141619779485467,39.16024390243902,-10.242682926829268,42.80487804878049,107.29268292682927,1278.7479512195123,0.9003220180420983,1.5365853658536586,86.92682926829268,14.682926829268293,134983.93976359026,6.780487804878049,69.12761109254929,3.752871901102573,2017,763000.0,20292.55319148936
178,TEXAS,MEDINA,48325,21.088039573820396,38.80777777777777,-7.3925,47.0,85.47222222222223,1084.4576944444445,1.005090791476408,1.75,91.0,10.694444444444445,131615.24809920002,6.777777777777778,67.03898782343987,3.014779452054795,2017,315000.0,7701.711491442543
179,TEXAS,MILAM,48331,20.610888248017304,39.002105263157894,-9.073947368421052,44.473684210526315,91.65789473684211,1337.8089736842105,0.8513643835616438,0.34210526315789475,89.52631578947368,11.789473684210526,129557.69358972632,9.368421052631579,71.41702235039654,3.8816749098774332,2017,115000.0,4791.666666666667
180,TEXAS,MONTAGUE,48337,18.259720547945204,37.0736,-13.488,16.36,132.04,1098.5576,0.8888512876712329,0.16,67.56,13.88,141559.89019200002,4.92,65.26609315068494,3.4768500821917807,2017,115000.0,3495.4407294832827
181,TEXAS,MOORE,48341,14.538256164383561,39.7875,-15.5475,28.1,198.35,833.5738,0.9962345205479453,13.35,61.45,10.6,160592.3839872,2.4,56.54864383561644,4.604125342465753,2017,1415000.0,53396.22641509434
182,TEXAS,NAVARRO,48349,19.883984138428264,37.40289473684211,-8.112105263157895,19.105263157894736,99.39473684210526,1283.6717105263158,0.802135400144196,0.05263157894736842,86.39473684210526,15.657894736842104,128367.06771183158,6.447368421052632,70.94656813266042,4.140159913482337,2017,249000.0,6303.797468354431
183,TEXAS,NOLAN,48353,18.09393287671233,40.197,-10.654,26.55,132.1,668.492,1.064659315068493,6.9,60.7,6.25,158640.4874592,3.75,59.06764383561644,4.363458904109589,2017,286000.0,11916.666666666666
184,TEXAS,OCHILTREE,48357,15.12304383561644,40.326,-16.6395,38.9,193.4,890.7515,1.0113302739726029,13.65,70.3,10.45,152361.2486592,3.35,57.528424657534245,4.731276164383561,2017,3763000.0,91780.48780487805
185,TEXAS,OLDHAM,48359,15.355925418569253,41.00638888888889,-16.126388888888886,33.611111111111114,192.80555555555554,851.5261944444444,1.114747792998478,20.083333333333332,67.80555555555556,10.916666666666666,163772.5320192,1.9444444444444444,53.745608828006084,4.577676103500761,2017,243500.0,21741.07142857143
186,TEXAS,PARMER,48369,14.808971232876713,40.634,-19.3625,15.6,198.4,896.9907,1.0049638356164383,12.4,62.75,10.4,165947.69488320002,1.2,55.623999999999995,4.622861780821918,2017,1678000.0,61918.819188191876
187,TEXAS,POTTER,48375,15.322113698630137,40.35,-14.988499999999998,30.95,190.3,905.82685,1.0608342465753424,17.0,64.55,11.05,159683.05854720002,5.2,55.33965753424657,4.584445616438356,2017,157000.0,7104.072398190045
188,TEXAS,RANDALL,48381,14.900991780821919,40.0905,-16.310499999999998,20.4,194.65,901.2456999999999,0.9815432876712329,8.55,65.95,10.6,161237.4757632,3.1,57.40754794520548,4.72035,2017,1275000.0,50000.0
189,TEXAS,REAGAN,48383,18.949368949771692,42.11933333333333,-12.472333333333333,45.03333333333333,133.9,524.8448666666667,1.2790475799086758,22.966666666666665,45.9,5.566666666666666,169461.63616320002,3.2666666666666666,55.38011872146118,4.348161004566211,2017,80000.0,4705.882352941177
190,TEXAS,RUNNELS,48399,18.953891506849313,41.163999999999994,-10.8708,56.8,136.6,710.92092,1.1623319452054794,17.28,65.04,7.68,151013.4509088,6.36,59.47549589041096,3.555406356164384,2017,1697000.0,61043.1654676259
191,TEXAS,SAN SABA,48411,19.593824801730353,39.32184210526316,-9.069736842105263,45.73684210526316,115.26315789473684,849.5405789473684,1.0094097332372025,4.684210526315789,68.92105263157895,9.210526315789474,148203.32494130527,4.026315789473684,65.16723864455659,3.187230281182408,2017,218000.0,6507.462686567164
192,TEXAS,SCURRY,48415,18.180553424657536,42.242000000000004,-11.0095,44.4,140.35,542.42235,1.2239424657534246,20.4,56.9,5.2,157892.8686912,3.15,54.64290410958904,4.154088767123288,2017,91100.0,4695.876288659794
193,TEXAS,SHACKELFORD,48417,18.97229315068493,39.197,-11.2745,38.6,119.85,1006.5626,1.1054620547945206,7.25,65.05,13.9,150396.9861312,6.35,59.48023287671233,3.9805057534246577,2017,78800.0,5510.48951048951
194,TEXAS,SHERMAN,48421,14.215149315068492,39.367000000000004,-17.599,28.75,203.25,821.03445,0.9816995890410959,12.35,61.95,10.75,158497.16454720002,2.5,56.87067123287672,4.67430904109589,2017,2413000.0,65928.96174863388
195,TEXAS,SWISHER,48437,15.065649315068494,40.838,-17.8445,18.6,191.75,802.6048,0.9508553424657534,5.45,66.25,9.2,160113.4903872,2.3,58.61115068493151,4.531279315068494,2017,2604000.0,92014.13427561837
196,TEXAS,TAYLOR,48441,18.571231506849315,39.2665,-11.244,33.65,126.95,800.7393500000001,1.0834902739726027,8.5,68.6,9.5,153004.9433472,5.65,59.67876712328767,4.223342054794521,2017,798300.0,34261.80257510729
197,TEXAS,THROCKMORTON,48447,18.883427397260274,38.832499999999996,-12.43,46.45,129.2,1033.91895,1.124439315068493,8.4,60.7,12.3,153391.6192032,5.3,58.91567123287672,3.8932586301369865,2017,609000.0,25588.235294117647
198,TEXAS,TOM GREEN,48451,19.07966843723791,41.26,-10.999387755102042,51.69387755102041,134.69387755102042,622.2719795918367,1.210879060665362,18.489795918367346,57.57142857142857,7.3061224489795915,155627.85725838368,4.755102040816326,57.957265865250214,3.791789488398099,2017,917000.0,27703.92749244713
199,TEXAS,TRAVIS,48453,20.959730704978284,39.497317073170734,-8.151219512195121,47.68292682926829,83.04878048780488,1124.2018048780487,0.9292853324423656,2.731707317073171,88.85365853658537,12.292682926829269,131278.66438407806,8.731707317073171,69.1464951553625,3.0889383227530907,2017,26000.0,1101.6949152542372
200,TEXAS,UVALDE,48463,20.99230528375734,39.21171428571429,-6.851999999999999,54.05714285714286,83.17142857142856,983.4530571428571,1.0287454403131115,3.914285714285714,80.2,8.371428571428572,135636.44092662857,7.6,66.24491585127201,3.0041883365949116,2017,309000.0,8489.010989010989
201,TEXAS,WHEELER,48483,15.436075342465752,39.555,-14.407999999999998,36.65,188.65,786.9501,0.9807421917808219,9.75,65.4,8.75,151817.47341120002,3.3000000000000003,59.224616438356165,4.370163287671233,2017,135400.0,4905.797101449275
202,TEXAS,WICHITA,48485,18.135318721461186,39.072,-14.170666666666667,41.4,142.06666666666666,1068.1625333333334,0.9810829223744292,4.666666666666667,58.666666666666664,11.866666666666667,145424.6014752,7.0,62.97304109589041,3.8749921461187213,2017,871000.0,42077.29468599034
203,TEXAS,WILBARGER,48487,18.15249420442571,39.66153846153846,-14.61423076923077,51.46153846153846,145.92307692307693,920.1832692307693,1.129518440463646,12.923076923076923,58.69230769230769,11.846153846153847,151276.82880073847,5.153846153846153,58.0749736564805,4.096195468914647,2017,1147000.0,43446.969696969696
204,TEXAS,WILLIAMSON,48491,20.621822570123943,39.59023809523809,-8.931428571428572,43.595238095238095,90.38095238095238,1149.4404285714286,0.9211767775603392,1.8095238095238095,83.9047619047619,11.952380952380953,134517.81235062858,7.214285714285714,68.95771037181996,3.3729237442922373,2017,295000.0,10000.0
205,TEXAS,WILSON,48493,21.754307240704502,39.638928571428565,-7.430714285714286,57.32142857142857,68.46428571428571,1354.2773928571428,0.8933601761252447,0.10714285714285714,102.64285714285714,15.785714285714286,131919.9288192,9.357142857142858,71.96195694716242,3.693069373776908,2017,74000.0,1480.0
206,TEXAS,WISE,48497,18.963684931506847,37.6325,-12.5045,18.95,120.2,1031.3717,0.9291361643835617,0.35,63.7,13.9,146204.9898912,5.3999999999999995,64.94001369863014,3.3590297260273974,2017,29000.0,1602.209944751381
207,TEXAS,YOAKUM,48501,15.68920205479452,41.035,-17.655,20.25,201.6875,442.7833125,1.136084589041096,15.6875,45.875,4.875,170854.0098192,1.6875,53.160256849315076,4.21874845890411,2017,148000.0,7115.384615384615
208,TEXAS,YOUNG,48503,18.8918698630137,38.867,-12.563500000000001,48.0,129.7,1093.51195,1.076911095890411,7.8,61.25,14.3,150999.9263712,3.8000000000000003,61.37635616438356,3.6205798630136985,2017,512000.0,21512.605042016807
209,TEXAS,ZAVALA,48507,22.07169373776908,40.80642857142857,-5.916428571428571,91.17857142857143,79.17857142857143,1093.7428571428572,1.2148292563600782,18.535714285714285,63.857142857142854,9.071428571428571,138396.31328777142,7.107142857142857,64.13076320939335,3.084557142857143,2017,143200.0,6308.370044052864
210,ARKANSAS,CLAY,05021,15.50797089041096,35.909375,-15.62875,5.4375,170.6875,2093.188,0.5821556506849316,0.0,116.75,23.625,137832.45081120002,10.5625,75.62845890410959,4.83951147260274,2018,174000.0,3398.4375
211,ARKANSAS,CRAIGHEAD,05031,15.800464041095891,36.05875,-16.166249999999998,4.0625,163.875,2145.63525,0.543621404109589,0.0,122.25,29.9375,134109.9359712,11.0625,77.18845890410958,5.18761147260274,2018,198000.0,3402.061855670103
212,ARKANSAS,DESHA,05041,17.575964383561644,36.165333333333336,-14.234333333333334,9.566666666666666,132.56666666666666,2182.939,0.6458137899543379,0.0,115.7,30.666666666666668,137932.6198752,14.066666666666666,75.43992694063927,5.523991506849315,2018,101000.0,2000.0
213,ARKANSAS,JACKSON,05067,15.826035616438356,36.927499999999995,-16.174500000000002,8.3,167.7,2099.81895,0.562842191780822,0.0,123.7,28.35,134237.2247712,10.9,76.52978082191781,5.069791506849315,2018,404000.0,7201.426024955436
214,ARKANSAS,JEFFERSON,05069,17.068552837573385,36.04,-15.707857142857142,11.071428571428571,144.96428571428572,2192.8832857142856,0.6495664383561643,0.0,113.46428571428571,31.142857142857142,137613.18226834288,11.5,74.73297455968688,5.1012114481409,2018,216000.0,3698.6301369863013
215,ARKANSAS,LAWRENCE,05075,15.557802130898022,36.97555555555556,-14.757777777777777,4.666666666666667,170.27777777777777,2043.8808333333334,0.535727092846271,0.0,118.33333333333333,26.055555555555557,136148.0534112,11.444444444444445,76.83165905631658,4.676989802130898,2018,44000.0,699.523052464229
216,ARKANSAS,LEE,05077,16.696238747553817,36.06785714285714,-13.970714285714285,6.642857142857142,150.21428571428572,2019.278857142857,0.6068111545988258,0.0,118.07142857142857,27.785714285714285,136186.07119405715,13.857142857142858,76.25743639921723,5.391638356164384,2018,154000.0,3898.73417721519
217,ARKANSAS,MISSISSIPPI,05093,16.279962881131244,35.71677419354839,-15.680645161290323,4.451612903225806,156.5483870967742,2025.6436129032259,0.6425323906319046,0.0,124.35483870967742,29.516129032258064,129652.35191442582,16.322580645161292,74.24922669023421,5.074063720724702,2018,780000.0,12892.561983471074
218,ARKANSAS,MONROE,05095,16.728267123287672,36.17,-14.91375,12.291666666666666,151.5,1997.252125,0.607965296803653,0.0,115.125,28.166666666666668,134483.55441120002,11.083333333333334,76.55772831050228,5.562284132420092,2018,289000.0,4898.3050847457625
219,ARKANSAS,PHILLIPS,05107,17.039222439660794,35.830000000000005,-14.817142857142859,7.428571428571428,142.14285714285714,2307.662333333333,0.5933102413568166,0.0,117.42857142857143,31.61904761904762,137595.73923977144,11.523809523809524,76.88744944553164,5.488134768427919,2018,445000.0,7504.215851602024
220,ARKANSAS,POINSETT,05111,16.170979452054794,36.000625,-15.6425,6.3125,159.3125,2119.865125,0.6020207191780822,0.0,120.625,29.25,134343.9433512,13.0625,75.66787671232878,5.370079452054794,2018,302000.0,4801.2718600953895
221,ARKANSAS,PRAIRIE,05117,16.566281119714116,36.01869565217392,-15.637826086956522,9.826086956521738,156.30434782608697,1968.0119130434782,0.5984223942823109,0.0,116.6086956521739,27.17391304347826,134092.24519554785,10.521739130434783,76.2408576533651,5.383822394282311,2018,21000.0,400.0
222,CALIFORNIA,COLUSA,06011,16.129827333545713,39.41744186046512,-3.4144186046511624,42.46511627906977,174.65116279069767,412.0938372093023,1.197454221089519,34.0,40.97674418604651,4.511627906976744,167374.02208989768,2.953488372093023,51.18082828926409,3.518225613252628,2018,226000.0,3201.1331444759207
223,CALIFORNIA,FRESNO,06019,13.672562592202318,33.910923076923076,-6.578615384615385,39.511538461538464,208.8,493.22411153846156,1.1058188724973657,39.16538461538462,41.011538461538464,5.007692307692308,176152.57704996923,1.523076923076923,50.02827502634352,2.941289525816649,2018,725000.0,13996.138996138998
224,CALIFORNIA,KERN,06029,17.295306839964468,38.66658703071672,-4.266382252559727,57.83617747440273,167.45392491467578,186.22664505119454,1.5423183412034225,77.0136518771331,24.331058020477816,1.1433447098976108,184047.84393439454,0.6279863481228669,41.070329608677355,3.0893659357613728,2018,450000.0,6000.0
225,CALIFORNIA,KINGS,06031,17.85730969648133,39.73764705882353,-2.9976470588235293,77.80392156862744,163.23529411764707,202.56264705882353,1.3346188020413645,55.76470588235294,27.80392156862745,1.2745098039215685,175014.38292649412,0.11764705882352941,53.73465484824067,3.1198633360193395,2018,870000.0,10199.296600234467
226,CALIFORNIA,LASSEN,06035,8.79581981032666,33.948351648351654,-14.09532967032967,3.620879120879121,299.54945054945057,393.23443956043957,0.8460767875959657,12.565934065934066,53.64835164835165,1.6483516483516485,164653.12202130991,1.956043956043956,50.34701038687341,2.5040670630739124,2018,108000.0,1200.0
227,CALIFORNIA,MADERA,06039,13.991112157534246,34.45520833333334,-6.685833333333334,38.5,206.54166666666666,643.1220520833333,1.0780185216894977,33.739583333333336,41.677083333333336,7.291666666666667,174733.7375862,2.0,51.574688926940645,3.0327027397260276,2018,40000.0,500.0
228,CALIFORNIA,MERCED,06047,16.98581343770385,38.8675,-1.9133333333333333,49.73809523809524,164.76190476190476,363.51965476190475,1.1602014677103718,35.45238095238095,32.535714285714285,3.571428571428571,173603.60109462857,1.119047619047619,56.70005218525766,3.666720417482061,2018,600000.0,7001.166861143523
229,CALIFORNIA,SACRAMENTO,06067,15.934488356164383,39.588,-2.58725,44.2,187.15,465.7498,0.9423255479452055,10.125,41.475,4.475,166225.0390776,3.95,63.39842465753424,4.134370342465753,2018,456000.0,5500.603136308805
230,CALIFORNIA,SAN JOAQUIN,06077,16.392514187866926,39.080535714285716,-2.2123214285714288,38.767857142857146,171.08928571428572,401.2482857142857,1.0372898727984343,18.410714285714285,36.857142857142854,3.1607142857142856,169086.38338491428,2.767857142857143,59.669476516634056,4.026524951076321,2018,420000.0,5000.0
231,CALIFORNIA,SOLANO,06095,15.188303787268332,35.678823529411765,-1.4394117647058824,13.470588235294118,173.3235294117647,445.21129411764707,0.7954648670427075,3.5588235294117645,39.970588235294116,4.588235294117647,165684.31899331766,3.3529411764705883,65.03100725221596,4.654525624496374,2018,528000.0,7302.904564315353
232,CALIFORNIA,STANISLAUS,06099,16.847649969331425,39.31686567164179,-1.374776119402985,47.61194029850746,162.044776119403,407.64694029850745,1.1687290942547537,37.3134328358209,34.59701492537314,4.537313432835821,171589.90200200598,2.5671641791044775,55.64707830709466,3.580783970558168,2018,143000.0,1700.356718192628
233,CALIFORNIA,SUTTER,06101,16.069731735159817,39.446666666666665,-3.422083333333333,40.0,183.875,386.09612500000003,0.9797424657534246,6.708333333333333,39.416666666666664,4.041666666666667,164555.31172320002,4.958333333333333,61.68985159817352,4.328202511415525,2018,263000.0,3101.4150943396226
234,CALIFORNIA,TULARE,06107,12.978117016009243,33.03156626506024,-8.534096385542169,34.27710843373494,215.13855421686748,425.801343373494,1.0630316388843044,31.3855421686747,39.69879518072289,4.0843373493975905,178792.98104107953,1.4337349397590362,48.36167684436375,2.544931770919294,2018,780000.0,10893.854748603353
235,CALIFORNIA,YOLO,06113,16.264522602739728,39.28075,-2.4165,39.6,172.95,403.029425,1.0748066438356163,21.625,38.475,4.4,167186.3581368,2.4,57.111650684931504,4.0355667808219176,2018,1020000.0,13093.709884467266
236,KANSAS,ANDERSON,20003,13.176136986301369,35.92416666666667,-21.370833333333334,5.5,196.91666666666666,1362.3691666666666,0.5737643835616438,0.0,77.66666666666667,18.166666666666668,136292.3956512,5.416666666666667,72.70689497716894,3.706028538812785,2018,270000.0,6053.811659192825
237,KANSAS,ATCHISON,20005,12.212095890410959,36.86,-26.653333333333332,8.0,205.16666666666666,827.6468333333333,0.6092068493150685,0.0,88.0,7.333333333333333,129175.04733120001,6.666666666666667,70.06187214611872,3.49057397260274,2018,55300.0,1301.1764705882354
238,KANSAS,BARTON,20009,12.468483561643836,37.991,-20.958,21.95,209.35,995.00675,0.7038012328767124,1.85,81.55,10.950000000000001,144756.0381312,4.15,67.92290410958904,4.673830684931507,2018,6683000.0,153632.183908046
239,KANSAS,BOURBON,20011,13.781746575342465,37.123333333333335,-20.3,9.083333333333334,191.16666666666666,1302.009,0.5941543378995434,0.3333333333333333,89.0,16.333333333333332,133737.3417312,5.25,72.48237442922374,3.394412785388128,2018,70000.0,1699.029126213592
240,KANSAS,BUTLER,20015,13.231272450532725,35.86805555555556,-21.08555555555556,6.444444444444445,195.22222222222223,1279.4080555555556,0.6281920852359208,0.0,83.5,14.694444444444445,135949.2518112,5.944444444444445,70.08349315068493,4.1600292998477935,2018,1476800.0,34424.242424242424
241,KANSAS,CHASE,20017,12.88839589041096,36.453,-22.673,6.8500000000000005,200.55,1236.7014,0.6393447945205479,0.0,85.65,12.25,136892.9728512,7.05,69.3633698630137,4.031678767123288,2018,267000.0,6297.169811320755
242,KANSAS,CHAUTAUQUA,20019,14.151333333333334,37.685833333333335,-19.210833333333333,12.25,188.33333333333334,980.4401666666666,0.6544538812785388,0.0,79.41666666666667,10.083333333333334,135794.2110912,9.75,69.95922374429223,3.6358632420091324,2018,103000.0,3130.699088145897
243,KANSAS,CHEROKEE,20021,14.344776255707762,37.57833333333333,-19.791666666666668,9.166666666666666,183.16666666666666,1347.4455833333334,0.5798525114155251,0.0,92.5,15.916666666666666,132032.4263712,6.75,73.73456621004566,3.274018721461187,2018,2688600.0,49788.88888888889
244,KANSAS,CHEYENNE,20023,10.540954990215264,38.98964285714286,-22.163928571428574,10.642857142857142,232.5,785.1505714285714,0.7274813111545988,2.571428571428571,71.67857142857143,7.928571428571429,147825.5178569143,6.892857142857143,63.96723091976517,4.24935048923679,2018,4866000.0,104197.00214132761
245,KANSAS,CLARK,20025,13.370587899543379,40.067083333333336,-20.405416666666667,31.25,213.5,707.9845833333334,0.8657505707762557,2.5,61.166666666666664,7.416666666666667,160177.2627312,4.625,60.6539497716895,4.30833801369863,2018,1826000.0,56012.2699386503
246,KANSAS,CLAY,20027,12.023780821917809,38.1925,-22.41125,20.4375,207.0625,973.0216875,0.6582792808219178,1.75,84.4375,9.9375,134841.2093712,8.5,69.35902397260274,3.7791772260273975,2018,2318200.0,56266.99029126213
247,KANSAS,COFFEY,20031,12.995260273972601,35.35166666666667,-21.448333333333334,4.916666666666667,196.83333333333334,1326.5045833333334,0.5734520547945205,0.0,77.41666666666667,17.333333333333332,135775.3139712,9.25,72.39808219178082,3.910905936073059,2018,434000.0,8821.138211382113
248,KANSAS,COMANCHE,20033,13.901521461187215,38.29266666666667,-20.20133333333333,32.2,204.66666666666666,957.1364666666667,0.8942975342465754,6.933333333333334,60.666666666666664,10.666666666666666,160262.58784320002,3.933333333333333,60.59068493150684,4.430031050228311,2018,583900.0,27804.761904761905
249,KANSAS,DICKINSON,20041,12.736717808219177,38.1824,-21.3572,20.76,202.16,922.10488,0.704832,0.9199999999999999,84.36,8.36,137193.3002016,6.6000000000000005,68.09480547945205,3.9197501369863015,2018,4014100.0,130752.44299674267
250,KANSAS,DOUGLAS,20045,13.062568493150684,37.4225,-22.17875,15.5,200.25,1016.079125,0.6389044520547945,0.0,84.75,11.875,131059.76325120001,7.875,70.48606164383561,3.518166780821918,2018,140000.0,3196.3470319634707
251,KANSAS,EDWARDS,20047,12.830714155251142,37.90866666666667,-20.338,20.533333333333335,209.8,866.9268666666667,0.780554703196347,4.866666666666667,73.46666666666667,9.666666666666666,152541.9967392,3.6,64.26332420091325,4.782448584474886,2018,3502000.0,94905.14905149052
252,KANSAS,ELK,20049,13.84766210045662,36.65416666666667,-19.914166666666667,10.0,191.5,1175.1321666666668,0.6517189497716895,0.0,80.83333333333333,13.0,135442.0929312,9.333333333333334,69.6182191780822,3.8479773972602738,2018,170000.0,3917.0506912442397
253,KANSAS,ELLIS,20051,12.085545662100458,39.46791666666667,-19.20416666666667,21.958333333333332,216.08333333333334,964.0787916666667,0.7277728310502284,5.791666666666667,80.375,10.166666666666666,142458.16317120002,7.083333333333333,66.22812785388128,4.475989155251141,2018,2773000.0,85323.07692307692
254,KANSAS,ELLSWORTH,20053,12.614229832572299,37.702777777777776,-20.975,21.0,205.16666666666666,1123.5646111111112,0.6856400304414003,1.1111111111111112,80.11111111111111,11.222222222222221,142115.2065312,3.888888888888889,68.49850837138509,4.624561187214612,2018,3634200.0,80580.93126385809
255,KANSAS,FORD,20057,12.809473581213307,38.638571428571424,-20.712500000000002,24.964285714285715,214.57142857142858,605.7041785714285,0.8468509784735813,6.714285714285714,66.07142857142857,5.035714285714286,155962.3310454857,2.857142857142857,61.428845401174165,4.885316927592955,2018,5905000.0,151410.2564102564
256,KANSAS,FRANKLIN,20059,13.063735159817352,36.415,-21.587500000000002,12.333333333333334,199.08333333333334,1249.6935,0.6024933789954338,0.0,80.58333333333333,15.833333333333332,132286.48485120002,9.583333333333334,72.03034246575342,3.572524657534247,2018,172000.0,3150.1831501831502
257,KANSAS,GEARY,20061,12.588566210045663,37.635555555555555,-21.875555555555554,19.444444444444443,202.88888888888889,821.6544444444444,0.6923123287671232,0.6666666666666666,83.33333333333333,7.666666666666666,136031.3140512,8.444444444444445,68.24614916286149,3.8480295281582952,2018,230200.0,7061.349693251534
258,KANSAS,GOVE,20063,11.232294520547946,37.29392857142857,-21.065357142857145,17.75,224.85714285714286,731.3133571428572,0.7291334637964775,3.071428571428571,70.10714285714286,8.214285714285714,155579.3790912,4.642857142857142,64.51220156555773,4.400289823874756,2018,3110600.0,83618.27956989246
259,KANSAS,GREENWOOD,20073,13.337434550989345,36.09861111111111,-21.2275,6.361111111111111,196.36111111111111,1376.3255277777778,0.6190024353120244,0.0,83.88888888888889,14.75,135790.1018112,7.611111111111111,70.35635464231355,3.878552359208524,2018,214000.0,4030.131826741996
260,KANSAS,HARPER,20077,14.27492602739726,37.95,-19.555333333333333,36.93333333333333,193.06666666666666,1088.5572666666667,0.7794268493150684,0.7999999999999999,73.66666666666667,13.4,152505.9189792,2.933333333333333,65.92345205479452,4.338949771689498,2018,4285700.0,195694.06392694064
261,KANSAS,HARVEY,20079,13.257408219178082,37.771,-21.674,16.5,198.1,1194.2752,0.6848238356164383,0.7,82.8,13.0,138893.6214432,4.6,68.93131506849315,4.260150958904109,2018,3209000.0,85345.74468085106
262,KANSAS,JACKSON,20085,12.345330479452054,38.094375,-24.9875,18.125,206.0,773.3704375,0.6432375,0.9375,84.8125,6.0,131970.9360312,7.25,69.463801369863,3.641199315068493,2018,73700.0,2041.551246537396
263,KANSAS,JEFFERSON,20087,12.690490867579907,37.4525,-22.522499999999997,15.583333333333334,203.25,888.8531666666667,0.642454109589041,0.0,84.83333333333333,9.0,130833.2584512,8.583333333333334,69.48657534246576,3.5746378995433785,2018,71000.0,1469.9792960662526
264,KANSAS,JEWELL,20089,11.338514840182649,38.43416666666667,-24.362499999999997,19.166666666666668,215.25,1119.7799583333333,0.6390176940639269,3.25,84.95833333333333,13.583333333333334,135421.3086912,8.083333333333334,68.96116438356165,4.050178082191781,2018,2533600.0,85884.74576271187
265,KANSAS,KINGMAN,20095,13.81066927592955,37.45333333333333,-19.78,24.285714285714285,197.0,1055.9519523809524,0.754185518590998,0.9047619047619049,74.0,11.571428571428571,147750.22015405714,4.142857142857142,66.06157860404436,4.605662622309198,2018,5904000.0,175714.2857142857
266,KANSAS,LEAVENWORTH,20103,12.658447488584475,36.90083333333333,-22.944999999999997,9.583333333333334,201.91666666666666,892.5013333333334,0.6159913242009133,0.0,84.0,8.5,128148.8997312,8.25,70.93413242009132,3.244373515981735,2018,79100.0,1668.776371308017
267,KANSAS,LINN,20107,13.404910958904109,36.41833333333333,-20.554166666666664,8.583333333333334,196.33333333333334,1377.1105833333334,0.5953675799086758,0.16666666666666666,86.08333333333333,18.083333333333332,133717.64613120002,7.166666666666666,71.89,3.35607694063927,2018,127000.0,2748.9177489177487
268,KANSAS,LOGAN,20109,11.09703228962818,38.18642857142857,-20.361428571428572,16.964285714285715,227.64285714285714,596.4080357142857,0.7492820939334638,3.107142857142857,66.64285714285714,5.214285714285714,161856.9278454857,3.642857142857143,63.16794520547945,4.367429941291585,2018,3300900.0,93775.56818181818
269,KANSAS,MARION,20115,12.869829041095892,36.9176,-22.45,10.6,200.28,1207.13736,0.6567410410958904,0.04,86.56,13.88,137055.5302176,6.4399999999999995,69.0979506849315,4.224394082191781,2018,4055300.0,110800.54644808742
270,KANSAS,MCPHERSON,20113,12.931401369863014,38.0095,-22.184,19.25,201.0,1076.638,0.6828076712328767,1.2,84.05,11.450000000000001,140388.0062112,5.1,68.95401369863013,4.407074246575343,2018,7868000.0,185566.03773584907
271,KANSAS,MITCHELL,20123,12.041823439878234,39.123333333333335,-22.480555555555554,28.055555555555557,210.27777777777777,1148.7769444444446,0.6802910197869102,4.166666666666667,83.33333333333333,14.61111111111111,137990.6937312,7.333333333333333,68.61818873668189,4.067353272450532,2018,5384800.0,126107.72833723652
272,KANSAS,MONTGOMERY,20125,14.17042694063927,37.265,-19.191666666666666,8.416666666666666,187.08333333333334,1114.347,0.6078047945205479,0.0,81.16666666666667,11.916666666666666,132924.0477312,7.083333333333333,72.00835616438356,3.5109205479452057,2018,1453600.0,33570.43879907621
273,KANSAS,MORRIS,20127,12.557372907153729,37.28,-21.996111111111112,10.38888888888889,203.0,979.8200555555555,0.65917899543379,0.0,82.66666666666667,12.166666666666666,136090.1044512,8.222222222222221,68.7576407914764,4.115167275494673,2018,577000.0,22277.992277992278
274,KANSAS,MORTON,20129,13.19802191780822,41.428666666666665,-19.63266666666667,37.266666666666666,215.93333333333334,581.2956,0.981989406392694,13.666666666666666,53.53333333333333,6.333333333333333,165838.14803520002,1.3333333333333333,56.26763470319635,4.786915433789955,2018,1986000.0,79123.5059760956
275,KANSAS,NEOSHO,20133,13.813376712328767,35.5675,-20.061666666666667,5.75,188.25,1366.7935,0.5630267123287671,0.0,85.16666666666667,16.333333333333332,133750.3168512,4.666666666666667,73.65262557077625,3.5372027397260273,2018,795000.0,18192.219679633865
276,KANSAS,OSAGE,20139,12.978474315068492,37.05125,-21.606875,15.5,200.6875,1077.920625,0.6418195205479452,0.0,81.1875,13.0,133690.69401120002,7.125,70.43986301369863,3.8663063356164384,2018,315000.0,5801.1049723756905
277,KANSAS,OSBORNE,20141,11.99300799086758,39.70875,-21.452916666666667,23.458333333333336,213.33333333333334,1144.3246666666666,0.6875418949771689,4.083333333333333,86.70833333333333,13.833333333333334,141696.0302112,6.791666666666667,67.98851598173516,4.278140182648402,2018,2585300.0,84486.92810457516
278,KANSAS,OTTAWA,20143,12.39531811263318,39.00888888888889,-21.23,26.166666666666668,206.27777777777777,979.5384444444444,0.697237899543379,2.5,81.94444444444444,11.61111111111111,137742.53325120002,6.944444444444445,68.31264840182648,3.9744954337899543,2018,3097600.0,78619.28934010153
279,KANSAS,PAWNEE,20145,12.595909980430529,38.41904761904762,-20.55952380952381,21.19047619047619,211.9047619047619,864.7798571428572,0.7520940639269407,3.8571428571428568,77.66666666666667,9.047619047619047,149178.88982262858,3.4761904761904763,65.57076320939335,4.673775472928898,2018,5236000.0,125865.38461538461
280,KANSAS,PHILLIPS,20147,11.171327625570775,39.92333333333333,-21.905416666666667,15.583333333333334,217.54166666666666,1281.5800833333333,0.6325559360730594,3.25,83.625,17.125,139618.6044912,5.958333333333333,68.79843607305935,4.055973401826484,2018,2726000.0,64292.45283018868
281,KANSAS,POTTAWATOMIE,20149,12.118724505327245,38.65333333333333,-24.133703703703706,18.555555555555554,206.85185185185185,858.8059259259259,0.6303626585489599,0.18518518518518517,88.4074074074074,7.777777777777778,130381.7082912,9.703703703703702,70.1899441907661,3.56732765093861,2018,117000.0,2412.3711340206187
282,KANSAS,PRATT,20151,13.245274885844749,37.22,-20.122666666666664,22.666666666666668,203.8,988.1906666666666,0.7742787214611873,0.8666666666666667,71.13333333333334,10.4,151998.4606752,4.466666666666667,64.92657534246575,4.735836529680365,2018,5015000.0,149701.49253731343
283,KANSAS,RENO,20155,13.356131849315068,37.4421875,-20.576562499999998,22.0625,199.75,1023.09240625,0.7157845034246575,1.125,74.96875,11.59375,145274.8911912,3.875,67.91621575342467,4.5340422089041095,2018,7609000.0,209614.32506887053
284,KANSAS,REPUBLIC,20157,11.27865905631659,38.660555555555554,-24.753333333333334,15.722222222222221,211.61111111111111,1201.577111111111,0.613458599695586,2.2777777777777777,87.55555555555556,15.333333333333334,132311.4412512,9.777777777777777,70.29529680365296,3.879464383561644,2018,1595200.0,44434.54038997215
285,KANSAS,ROOKS,20163,11.796179223744291,39.49583333333333,-20.04583333333333,18.916666666666668,214.58333333333334,1131.2010416666667,0.6909893835616439,3.7916666666666665,85.125,13.791666666666666,141560.96001120002,7.75,67.35391552511415,4.290699885844749,2018,2612300.0,79886.85015290519
286,KANSAS,RUSSELL,20167,12.36574109589041,38.963499999999996,-19.901999999999997,23.6,210.85,1093.1677,0.7023713698630136,3.65,84.45,11.5,142988.66737920002,5.45,67.90754794520548,4.4852705479452055,2018,2281000.0,68498.4984984985
287,KANSAS,SALINE,20169,12.898040182648401,38.684,-20.951999999999998,26.133333333333333,202.46666666666667,1015.4505333333334,0.7150840182648402,1.7333333333333332,81.86666666666666,11.666666666666666,138821.8506912,5.6,68.29811872146118,4.1076622831050225,2018,3483000.0,112718.44660194176
288,KANSAS,SCOTT,20171,11.347837328767122,37.72375,-20.834375,14.375,225.4375,802.474125,0.7366714041095891,2.4375,70.5625,9.125,156153.5265312,4.625,63.676352739726035,4.613854623287671,2018,3948000.0,107574.93188010898
289,KANSAS,SEDGWICK,20173,13.67256823947235,37.60703703703704,-20.158148148148147,18.22222222222222,195.0,1027.8794814814814,0.6919595129375952,0.4074074074074074,78.77777777777777,12.777777777777779,140723.91693120002,3.7777777777777777,68.84213089802131,4.128819989852866,2018,5229000.0,148551.13636363635
290,KANSAS,SEWARD,20175,13.183625570776256,42.44416666666667,-19.775000000000002,37.916666666666664,215.33333333333334,564.72,0.9252833333333332,7.833333333333333,56.083333333333336,4.666666666666666,161223.0990912,2.416666666666667,58.576255707762556,4.622802283105023,2018,1723000.0,49511.49425287357
291,KANSAS,SHAWNEE,20177,12.910747031963469,37.75333333333333,-22.087333333333333,22.066666666666666,204.0,886.777,0.6759755251141553,0.26666666666666666,83.53333333333333,9.066666666666666,131977.14880320002,7.666666666666667,69.15525114155251,3.572489132420092,2018,125600.0,2482.213438735178
292,KANSAS,SHERMAN,20181,10.488512720156557,37.74535714285714,-22.494285714285716,10.642857142857142,232.64285714285714,653.69175,0.7211925636007829,1.6071428571428572,76.35714285714286,4.785714285714286,151476.23352548573,4.75,63.48101761252446,4.635581604696673,2018,5585000.0,139276.80798004987
293,KANSAS,SMITH,20183,11.298493150684932,39.96083333333333,-22.362083333333334,20.458333333333332,217.375,1082.4986666666666,0.6554313926940639,4.291666666666667,86.79166666666667,12.375,139697.8980912,5.541666666666667,68.23552511415525,4.114674086757991,2018,3962000.0,98802.99251870323
294,KANSAS,STAFFORD,20185,12.840449315068494,37.7695,-20.2165,19.3,205.55,1012.8269,0.7253190410958904,1.3,76.5,11.05,149040.8007552,4.05,67.04480821917808,4.717811506849315,2018,5227000.0,121841.49184149185
295,KANSAS,STEVENS,20189,12.954602739726027,41.34866666666667,-20.64333333333333,36.266666666666666,217.93333333333334,648.4708666666667,0.9299574429223744,8.466666666666667,58.13333333333333,5.933333333333334,164195.5371552,1.1333333333333333,57.866465753424656,4.745017534246575,2018,2052000.0,64326.01880877743
296,KANSAS,SUMNER,20191,14.082772994129158,37.82857142857143,-19.27035714285714,20.178571428571427,191.10714285714286,1111.426,0.696371722113503,0.17857142857142855,76.85714285714286,13.5,143414.51520548572,3.7142857142857144,68.49713307240704,4.147094716242662,2018,11930000.0,316445.62334217504
297,KANSAS,WALLACE,20199,10.840509132420092,37.705,-19.67625,15.958333333333334,231.41666666666666,599.0349583333333,0.7603066210045661,3.7083333333333335,77.58333333333333,3.375,154922.9738112,4.833333333333333,61.803550228310506,4.49338595890411,2018,1793000.0,49667.590027700826
298,KANSAS,WICHITA,20203,11.037220890410959,37.69875,-20.513125,15.375,229.0,739.1769375,0.7339054794520548,2.9375,71.1875,8.0,157929.4185912,4.25,63.12892123287671,4.657896917808219,2018,4105000.0,113711.91135734071
299,KANSAS,WILSON,20205,13.846445205479453,36.23916666666667,-20.273333333333333,7.666666666666666,191.5,1277.07825,0.5987278538812785,0.0,81.16666666666667,15.0,134530.0948512,8.166666666666666,72.22381278538812,3.6370561643835617,2018,1848200.0,35406.13026819923
300,KANSAS,WOODSON,20207,13.361928082191781,35.79,-21.4625,4.625,195.0,1390.273375,0.5721034246575342,0.0,81.625,15.75,134522.5294512,7.875,72.86643835616438,3.7578904109589044,2018,403000.0,8484.21052631579
301,NORTH DAKOTA,WARD,38101,3.9749002798644866,39.05827956989248,-31.825376344086024,3.78494623655914,266.2795698924731,604.3149892473118,0.45243918102813374,0.8924731182795699,78.06451612903226,3.247311827956989,122152.66329507098,7.311827956989247,71.63329209014582,4.335999469730447,2018,85900.0,1997.6744186046512
302,SOUTH DAKOTA,AURORA,46003,7.85694794520548,36.203500000000005,-32.3155,2.7,231.65,1035.19905,0.47163260273972607,0.15,90.75,9.7,122522.37448320001,7.3,73.48038356164383,4.0332175342465755,2018,594000.0,9138.461538461539
303,SOUTH DAKOTA,BEADLE,46005,7.2895403348554035,36.52722222222222,-32.609722222222224,4.75,235.5,786.1984444444445,0.48017313546423135,0.1111111111111111,89.08333333333333,6.611111111111111,121237.6396512,7.25,73.21829528158295,4.025513470319635,2018,326000.0,7599.067599067599
304,SOUTH DAKOTA,BON HOMME,46009,8.36622602739726,34.644,-29.3365,1.65,227.15,1204.88745,0.4600909589041096,0.05,91.45,14.1,123807.3576192,8.55,73.82216438356164,3.786764657534247,2018,199000.0,3311.1480865224626
305,SOUTH DAKOTA,BRULE,46015,8.313003161222339,35.862307692307695,-31.331153846153846,6.384615384615385,228.19230769230768,988.3606153846154,0.5084655426765016,0.038461538461538464,87.57692307692308,10.538461538461538,124506.71620504616,8.346153846153847,71.94208640674394,3.9348855637513176,2018,1401000.0,25380.434782608696
306,SOUTH DAKOTA,CHARLES MIX,46023,8.377626223091976,35.03017857142857,-30.52375,2.2857142857142856,227.60714285714286,1154.564732142857,0.4747465753424657,0.07142857142857142,90.57142857142857,13.321428571428571,127330.76841120001,5.75,72.55083170254403,3.7736439334637963,2018,2179000.0,35088.566827697265
307,SOUTH DAKOTA,CODINGTON,46029,5.82834398782344,34.92166666666667,-29.549999999999997,0.7777777777777778,237.94444444444446,802.1551666666667,0.3762365296803653,0.0,86.72222222222223,6.944444444444445,115013.8818912,10.5,76.2111415525114,4.177369406392694,2018,78800.0,1399.6447602131439
308,SOUTH DAKOTA,DAVISON,46035,7.8054429223744295,35.617777777777775,-31.514444444444443,2.7777777777777777,229.88888888888889,1074.8048888888889,0.4530861491628615,0.0,90.33333333333333,8.777777777777777,121800.3431712,7.0,74.43251141552511,4.0050100456621,2018,516000.0,8896.551724137931
309,SOUTH DAKOTA,DOUGLAS,46043,7.87654794520548,35.45818181818182,-32.42454545454546,2.3636363636363633,230.54545454545453,1192.5981818181817,0.4491760896637609,0.09090909090909091,92.27272727272727,13.272727272727273,124308.1194912,6.090909090909091,74.14662515566624,3.9402381070983807,2018,358000.0,6845.124282982792
310,SOUTH DAKOTA,HAAKON,46055,7.756350610884858,38.76567567567567,-31.575540540540544,16.68918918918919,239.95945945945945,559.482554054054,0.5989333950388745,5.635135135135135,77.79729729729729,2.945945945945946,131997.68971822705,6.121621621621622,68.16192891521658,3.973240207330618,2018,2065000.0,49759.03614457831
311,SOUTH DAKOTA,HUGHES,46065,7.903952275740168,38.38612903225807,-30.231290322580644,15.64516129032258,235.48387096774192,667.4914516129032,0.5520217410517012,1.2903225806451613,77.25806451612902,6.064516129032258,128892.61330281291,5.258064516129032,70.72019443216969,4.1090535572249225,2018,1652000.0,32974.05189620758
312,SOUTH DAKOTA,HUTCHINSON,46067,7.957739073711677,35.30095238095238,-31.084285714285713,3.1904761904761902,229.28571428571428,1168.3245238095237,0.4482936725375081,0.047619047619047616,89.85714285714286,13.333333333333332,122209.34376548573,8.857142857142858,74.52691454664057,3.979867188519243,2018,314000.0,5155.993431855501
313,SOUTH DAKOTA,LYMAN,46085,8.66041173065792,38.27492957746479,-31.411549295774645,13.408450704225352,226.1830985915493,763.6601971830986,0.5752329538877099,1.7183098591549295,82.3943661971831,7.169014084507042,126894.90141796057,7.563380281690141,69.57945977233263,4.061292764808027,2018,3375000.0,61252.26860254083
314,SOUTH DAKOTA,MEADE,46093,7.4739471348639785,37.3956338028169,-29.06450704225352,9.169014084507042,242.03521126760563,665.0692816901409,0.5722153193131391,2.401408450704225,85.58450704225352,3.640845070422535,131977.94764218593,5.211267605633803,67.10749951765388,3.8728769438549104,2018,883000.0,21910.669975186105
315,SOUTH DAKOTA,PENNINGTON,46103,7.014684047724259,37.247177419354834,-26.335967741935484,8.39516129032258,252.11290322580646,698.6930725806452,0.5516671895713654,1.9193548387096775,84.70967741935483,4.564516129032258,133536.5639712,5.645161290322581,66.20855059655325,3.5361739946973048,2018,1573000.0,35269.058295964125
316,SOUTH DAKOTA,POTTER,46107,6.748644889357218,37.393076923076926,-31.209615384615386,12.461538461538462,239.92307692307693,639.1574230769231,0.5388357218124341,0.9615384615384616,76.88461538461539,3.5,129075.58176812308,5.807692307692308,70.07893572181243,4.3519000000000005,2018,1211000.0,20700.8547008547
317,SOUTH DAKOTA,SPINK,46115,6.8713561643835614,37.221041666666665,-33.476875,6.875,238.3125,755.8214583333333,0.4970974885844749,0.8125,84.33333333333333,6.395833333333334,121627.14315120001,7.708333333333334,72.39171803652968,4.042642237442922,2018,113000.0,2868.020304568528
318,SOUTH DAKOTA,STANLEY,46117,7.9921792430926395,39.32237288135593,-31.069322033898302,19.050847457627118,236.23728813559322,601.7618644067796,0.5925967030415602,4.152542372881356,73.57627118644068,3.5593220338983054,130254.49932577628,5.389830508474576,68.7329695843975,4.019543626654284,2018,1596000.0,39800.49875311721
319,SOUTH DAKOTA,SULLY,46119,7.112050228310503,37.13166666666667,-29.654444444444444,14.38888888888889,240.80555555555554,645.8040277777778,0.5389810502283104,1.1944444444444444,74.02777777777777,4.583333333333333,128859.0045312,5.222222222222222,70.3360197869102,4.1585614155251145,2018,2307000.0,55590.361445783135
320,SOUTH DAKOTA,TRIPP,46123,8.635635518590998,38.32285714285714,-31.598035714285714,8.678571428571429,228.03571428571428,1060.8103214285713,0.5419440313111545,1.2321428571428572,88.21428571428571,12.035714285714286,125504.53238262857,8.714285714285714,70.58910469667319,4.121623532289629,2018,2177000.0,41704.98084291188
321,SOUTH DAKOTA,TURNER,46125,7.876327054794521,35.82625,-30.858125,3.25,229.75,1226.18775,0.427798801369863,0.25,95.5,13.0,118932.02421120001,11.8125,75.46869863013698,3.904393493150685,2018,89400.0,1330.357142857143
322,TEXAS,ARCHER,48009,17.83524383561644,43.06,-14.3345,71.55,156.15,956.8521,1.080748904109589,29.25,61.0,12.0,159030.7273152,8.35,62.273493150684935,3.8512121917808217,2018,818000.0,28013.698630136987
323,TEXAS,ARMSTRONG,48011,15.341153424657534,40.54,-16.105,40.55,193.5,303.5136,1.1353304109589042,23.9,38.85,1.8,170406.7068672,1.25,52.030232876712326,4.463182739726028,2018,258000.0,13367.875647668394
324,TEXAS,BAYLOR,48023,18.027849315068494,42.043,-14.203,70.89999999999999,155.15,840.24355,1.1771445205479452,34.6,61.65,10.7,163930.5365472,5.45,57.9415205479452,4.165972465753425,2018,966000.0,35384.61538461538
325,TEXAS,BELL,48027,19.652586811086334,43.04093023255814,-12.206744186046512,67.37209302325581,120.5813953488372,947.548,0.9548355527237975,15.069767441860465,85.37209302325581,11.023255813953488,141701.9699767814,8.162790697674419,68.40182860783689,3.6209311882765207,2018,465000.0,9707.724425887265
326,TEXAS,BOSQUE,48035,19.046540217773096,43.35153846153846,-11.145897435897435,74.84615384615384,133.74358974358975,1145.2338461538461,0.9950725676150334,20.76923076923077,78.53846153846153,13.538461538461538,148671.78742966155,7.589743589743589,67.05129610115911,3.5350082894274673,2018,101000.0,2997.0326409495547
327,TEXAS,BRISCOE,48045,16.005490410958902,40.933,-15.682999999999998,53.55,183.6,475.2526,1.1729142465753424,29.45,48.3,3.4,171049.3587072,2.55,52.86782191780822,4.159889452054794,2018,175000.0,12323.94366197183
328,TEXAS,CALLAHAN,48059,18.030513698630138,40.9895,-12.834,61.1,146.95,802.8434,1.1330568493150683,28.8,62.75,10.55,161326.1428992,4.45,59.57747945205479,4.152676301369863,2018,276000.0,9292.929292929293
329,TEXAS,CARSON,48065,15.009021917808218,41.138,-16.6845,36.65,198.2,292.31135,1.1343442465753424,25.65,39.95,1.75,168931.5465312,0.9500000000000001,52.03194520547945,5.175653287671233,2018,765000.0,38250.0
330,TEXAS,CASTRO,48069,14.623246575342465,39.82,-15.6565,31.5,203.3,450.75195,1.081265205479452,22.2,50.1,3.85,175292.83552320002,0.9,53.20120547945205,4.627042465753425,2018,2020000.0,53018.372703412075
331,TEXAS,CHILDRESS,48075,16.977635273972602,43.105624999999996,-14.381875,77.25,176.875,600.3929375,1.2243667808219179,37.875,51.0625,6.4375,164440.3476312,2.0625,53.90522260273973,3.9974212328767122,2018,55000.0,4296.875
332,TEXAS,CLAY,48077,17.529784850926674,43.37705882352941,-13.984117647058824,59.705882352941174,156.6764705882353,972.652,0.9906569701853344,21.441176470588236,62.294117647058826,12.352941176470589,154877.61351472943,8.147058823529411,64.6190975020145,3.6898896051571315,2018,629000.0,20966.666666666668
333,TEXAS,COKE,48081,18.233951293759514,41.40777777777778,-11.402222222222223,75.27777777777777,151.11111111111111,737.807,1.2365566210045662,48.27777777777778,51.22222222222222,10.277777777777779,166724.76477120002,4.166666666666667,56.73473363774734,3.828755403348554,2018,43000.0,2704.4025157232704
334,TEXAS,COLEMAN,48083,18.49780900195695,41.41171428571429,-11.740571428571428,68.31428571428572,144.4857142857143,874.4127714285714,1.1528796868884539,30.114285714285714,57.142857142857146,12.057142857142857,159118.80069805717,5.228571428571429,60.014645792563606,3.5602012524461837,2018,430000.0,20975.60975609756
335,TEXAS,COLLIN,48085,18.257150684931506,40.415499999999994,-11.925,36.05,131.9,1464.17525,0.8465320547945205,9.95,96.6,17.1,142438.5352512,11.75,68.83434246575342,3.5852402739726026,2018,1250000.0,23020.257826887664
336,TEXAS,COLLINGSWORTH,48087,16.024457534246576,42.4985,-15.8145,64.1,184.25,652.5859,1.1147317808219177,29.849999999999998,54.5,7.1,166789.3794912,1.55,55.45484931506849,4.1701820547945205,2018,79000.0,2598.684210526316
337,TEXAS,CONCHO,48095,18.7947298630137,41.40520000000001,-10.113999999999999,67.08,135.76,764.4638,1.183423123287671,32.4,55.52,8.76,162001.6314912,4.52,59.20695890410959,3.798448,2018,637000.0,25277.777777777777
338,TEXAS,COOKE,48097,17.477535388127855,42.6325,-13.292083333333332,35.458333333333336,154.83333333333334,1249.7149166666668,0.8724614155251141,11.416666666666666,77.95833333333333,15.458333333333334,146271.6604512,10.25,66.94367579908676,3.3038234018264845,2018,710000.0,18020.30456852792
339,TEXAS,CORYELL,48099,19.287721461187214,43.85,-11.748333333333333,72.95238095238095,129.64285714285714,1113.5344047619049,1.0064971298108285,19.952380952380953,78.35714285714286,12.857142857142858,150331.85091977144,8.238095238095237,66.72702544031311,3.4209870841487278,2018,400000.0,9302.32558139535
340,TEXAS,DALLAM,48111,13.0099299847793,40.074444444444445,-16.390277777777776,22.11111111111111,220.77777777777777,356.0011944444444,1.0133472602739726,8.972222222222221,44.55555555555556,2.1944444444444446,171820.0552512,0.7777777777777778,52.933325722983255,4.852707153729071,2018,1920000.0,40000.0
341,TEXAS,DAWSON,48115,17.14117123287671,41.3485,-14.503499999999999,68.65,172.85,328.4421,1.319014520547945,52.65,37.9,2.7,176575.7372832,0.25,50.93458904109589,4.09071602739726,2018,137000.0,4707.903780068728
342,TEXAS,DEAF SMITH,48117,14.597232115677322,38.72555555555555,-15.57638888888889,30.805555555555557,203.44444444444446,455.61255555555556,1.122633713850837,23.72222222222222,51.02777777777778,3.666666666666667,176108.9193312,0.5555555555555556,51.2879604261796,4.904172070015221,2018,1293000.0,68052.63157894737
343,TEXAS,DELTA,48119,18.06638698630137,40.7675,-12.00375,43.625,139.125,1372.617875,0.8129260273972603,5.375,108.75,16.375,135911.9580912,7.75,70.63171232876712,3.7591839041095887,2018,320000.0,6003.75234521576
344,TEXAS,DENTON,48121,18.24593493150685,41.57208333333333,-11.55625,43.875,137.04166666666666,1231.3011666666666,0.9022202054794521,12.458333333333334,82.125,15.041666666666666,146351.8630512,12.208333333333334,67.29310502283106,3.3528,2018,965000.0,24492.38578680203
345,TEXAS,ELLIS,48139,18.89448584474886,41.77766666666666,-10.633999999999999,55.86666666666667,129.9,1212.0379,0.8820642922374429,12.733333333333333,86.4,14.833333333333334,139900.6180512,11.1,69.21144292237443,3.9690747945205476,2018,830000.0,15201.465201465202
346,TEXAS,FALLS,48145,19.47583089277279,42.33689655172414,-12.529655172413793,67.96551724137932,120.89655172413794,1011.5731034482759,0.8843557864903165,11.344827586206897,89.13793103448276,12.344827586206897,138219.75620292415,8.517241379310345,70.72194615021257,4.16831355692017,2018,673000.0,11704.347826086956
347,TEXAS,FANNIN,48147,17.848211187214613,41.91958333333333,-13.191250000000002,41.458333333333336,144.25,1338.6009583333332,0.82804600456621,7.875,98.29166666666667,17.458333333333332,140409.1389312,7.5,69.83062785388127,3.5918715753424655,2018,1042000.0,22123.142250530786
348,TEXAS,FISHER,48151,18.18136712328767,41.605000000000004,-13.7405,82.55,155.7,683.8638,1.326778904109589,58.5,54.2,7.45,168135.16144320002,4.1,53.965671232876716,4.233355205479452,2018,89000.0,5085.714285714285
349,TEXAS,FLOYD,48153,15.841926575342466,39.8652,-16.2132,42.84,182.84,406.67992,1.1696967671232876,33.44,48.68,2.04,171171.7659936,1.6800000000000002,52.567978082191786,4.696519890410959,2018,515000.0,29941.86046511628
350,TEXAS,FOARD,48155,17.85807890410959,43.001999999999995,-13.705599999999999,80.04,165.84,614.84528,1.2860913972602739,46.44,56.44,6.16,163706.074704,3.56,53.63859726027397,4.23151901369863,2018,178000.0,8682.926829268292
351,TEXAS,GAINES,48165,16.205513698630135,40.82805555555555,-14.30777777777778,53.80555555555556,187.08333333333334,418.91225000000003,1.2492506849315068,40.72222222222222,40.083333333333336,3.5833333333333335,179114.17245120002,0.0,51.410844748858445,3.8760506849315064,2018,134500.0,2898.706896551724
352,TEXAS,GILLESPIE,48171,18.479937377690803,39.53,-8.693333333333333,28.0,127.57142857142857,866.2646666666667,0.9078622309197651,4.666666666666666,75.66666666666667,9.619047619047619,144271.5253426286,4.904761904761905,66.8986301369863,3.4687595564253098,2018,76500.0,2500.0
353,TEXAS,GRAY,48179,14.963427397260274,40.9315,-16.950499999999998,33.55,195.4,356.95035,1.0693331506849315,18.2,45.65,2.1,166328.2212192,1.35,54.03361643835616,4.84610794520548,2018,103000.0,9035.087719298246
354,TEXAS,GRAYSON,48181,17.370154420921544,40.946969696969695,-11.945757575757575,34.57575757575758,145.54545454545453,1312.8911818181818,0.818941303445413,8.969696969696969,83.24242424242425,18.12121212121212,146502.55986938183,9.090909090909092,68.83947696139477,3.401663843918638,2018,1960000.0,34507.042253521126
355,TEXAS,HAMILTON,48193,18.805807335395492,42.92032258064516,-10.960645161290323,64.6774193548387,136.03225806451613,1158.6713870967742,1.0118452496685815,18.903225806451612,73.12903225806451,12.67741935483871,152006.5043479742,7.0,65.54043305346885,3.3759864781263813,2018,118000.0,4000.0
356,TEXAS,HARDEMAN,48197,17.610977168949773,43.06095238095238,-13.74,83.33333333333333,169.23809523809524,528.0743333333334,1.264746640574038,44.333333333333336,51.476190476190474,4.571428571428571,161430.0136169143,2.666666666666667,53.68777560339204,4.32043666014351,2018,364000.0,21538.46153846154
357,TEXAS,HARTLEY,48205,13.697901065449011,40.80111111111111,-15.529166666666669,31.25,215.05555555555554,375.51019444444444,1.0730908675799087,15.0,45.22222222222222,3.2222222222222223,172515.76125120002,0.7777777777777778,51.87846270928463,4.52957792998478,2018,1982000.0,42260.127931769726
358,TEXAS,HILL,48217,19.052483757338553,42.51457142857143,-10.777142857142858,72.71428571428571,130.25714285714287,1121.619542857143,0.9261950684931507,18.257142857142856,81.05714285714285,13.314285714285715,141246.03843977142,10.342857142857143,69.33808219178083,3.8754277103718198,2018,1570000.0,27022.375215146298
359,TEXAS,HUNT,48231,18.281236301369862,40.66958333333333,-10.948333333333332,38.625,132.625,1471.8800416666668,0.7964962328767122,8.75,106.375,18.291666666666668,136762.71189120002,7.208333333333333,71.42147260273973,3.7513552511415527,2018,810000.0,15000.0
360,TEXAS,HUTCHINSON,48233,15.056486301369864,42.527499999999996,-17.0395,51.75,202.55,367.34755,1.1666378082191782,30.85,40.6,3.05,168123.1211712,0.25,52.10267123287671,4.566944383561644,2018,315000.0,8701.657458563535
361,TEXAS,JACK,48237,18.064227397260275,42.9225,-14.148500000000002,66.45,150.8,909.49865,1.0712535616438357,23.1,68.1,11.5,156343.4311392,8.5,62.202123287671235,3.5114923287671234,2018,69500.0,2500.0
362,TEXAS,JOHNSON,48251,18.74053352559481,42.19736842105263,-11.47,63.89473684210526,134.42105263157896,1247.4567894736842,0.9359555875991348,17.42105263157895,78.78947368421052,13.157894736842104,147020.5272217263,7.894736842105263,68.10823359769286,3.637767555875991,2018,343000.0,7392.241379310345
363,TEXAS,JONES,48253,18.45532465753425,42.1825,-13.359,84.25,151.9,908.46575,1.308010684931507,57.95,58.85,12.6,162306.44248320002,6.05,55.616767123287666,4.178635890410959,2018,450000.0,26011.56069364162
364,TEXAS,KAUFMAN,48257,18.696713698630138,40.963,-9.7585,46.1,127.55,1389.4899,0.8109594520547946,8.95,98.55,16.2,138003.7930272,8.5,71.28117808219179,4.051647534246575,2018,331000.0,6198.501872659176
365,TEXAS,KNOX,48275,18.13466575342466,43.882,-14.111500000000001,90.45,164.55,820.0113,1.3440080821917808,62.8,58.9,9.05,168434.0138592,3.1500000000000004,54.18754794520549,4.149397123287671,2018,1203000.0,45056.1797752809
366,TEXAS,LAMAR,48277,17.66542794520548,41.406000000000006,-13.294400000000001,41.08,147.04,1290.2634,0.8050675068493152,5.08,101.8,14.8,135565.703568,9.08,70.06024109589042,3.6058799999999995,2018,280000.0,9491.525423728814
367,TEXAS,MCCULLOCH,48307,18.76313205479452,41.7984,-9.683200000000001,71.48,137.76,951.16688,1.137893589041096,32.4,58.12,11.76,158067.8781984,4.28,61.576131506849315,3.4840319999999996,2018,342000.0,19768.78612716763
368,TEXAS,MCLENNAN,48309,19.359417975275644,43.564390243902444,-12.184390243902438,74.95121951219512,126.82926829268293,1104.9479024390243,0.9388551954560641,16.609756097560975,85.53658536585365,13.731707317073171,141619.6982697366,9.512195121951219,69.2619445372536,3.904353625125293,2018,673000.0,12992.277992277994
369,TEXAS,MILAM,48331,19.636815428983418,41.830263157894734,-9.60578947368421,63.973684210526315,116.92105263157895,1135.695157894737,0.8472047584715212,6.447368421052631,96.76315789473684,12.342105263157894,134858.28002172633,7.868421052631579,71.95090122566691,4.071977144917087,2018,302000.0,5898.4375
370,TEXAS,MILLS,48333,18.6959897260274,42.9703125,-11.9065625,63.0,137.1875,1048.051,1.0612846746575342,25.375,65.03125,10.78125,155649.38469120002,4.5,63.74761130136986,3.353555051369863,2018,30500.0,1000.0
371,TEXAS,MOORE,48341,14.227761643835615,40.995,-16.5865,37.85,208.2,409.47315000000003,1.0987276712328766,20.15,42.4,4.05,170953.5415392,0.8,52.40979452054795,4.667345479452055,2018,1382000.0,44580.645161290326
372,TEXAS,NAVARRO,48349,18.989737563085797,41.25657894736842,-10.370263157894737,57.57894736842105,123.8157894736842,1322.0806578947368,0.8519501802451334,12.131578947368421,89.39473684210526,16.07894736842105,138608.52590804212,10.605263157894736,70.87232876712329,4.291895385724586,2018,194000.0,4898.989898989898
373,TEXAS,OCHILTREE,48357,14.641797260273973,42.332499999999996,-18.0235,41.25,200.75,459.98985,1.0575397260273973,18.95,47.95,4.35,166341.5350272,0.85,54.99372602739726,4.836373150684931,2018,2410000.0,85159.01060070671
374,TEXAS,OLDHAM,48359,15.025577625570778,40.79055555555556,-14.539722222222224,52.69444444444444,202.94444444444446,422.3883055555556,1.2134293759512937,33.888888888888886,46.80555555555556,3.9166666666666665,175043.7846912,1.2222222222222223,49.70842465753425,4.531890106544901,2018,109000.0,7785.714285714285
375,TEXAS,RANDALL,48381,14.825880821917808,40.187,-15.755500000000001,40.15,202.8,349.7973,1.131905205479452,26.6,45.0,2.7,172654.8378912,1.0,52.10598630136987,4.911215342465753,2018,490000.0,26775.956284153006
376,TEXAS,RUNNELS,48399,18.573024657534244,41.282,-11.7964,77.2,148.12,736.97316,1.2529880547945205,47.32,56.56,9.8,162292.50262080002,5.4,57.39841095890411,3.7735898082191786,2018,2437000.0,80164.47368421053
377,TEXAS,SAN SABA,48411,18.947306416726747,43.17657894736842,-11.246578947368421,76.47368421052632,136.02631578947367,1000.6725526315789,1.118161571737563,34.973684210526315,61.6578947368421,9.605263157894736,155994.81041330527,4.605263157894737,63.134953136265324,3.233207281903389,2018,152000.0,5608.856088560885
378,TEXAS,SWISHER,48437,14.928772602739727,40.4345,-15.828,37.25,197.45,422.6378,1.0887923287671233,20.8,46.45,4.05,171750.6869472,1.4500000000000002,53.998424657534244,4.675000136986301,2018,267000.0,15614.035087719298
379,TEXAS,TAYLOR,48441,18.114676712328766,40.632,-12.1095,64.1,144.1,831.20595,1.2028368493150685,40.2,60.95,10.35,162050.3070912,6.2,57.04697260273973,4.369627534246575,2018,1110000.0,40959.40959409594
380,TEXAS,THROCKMORTON,48447,18.194735616438354,41.563,-14.279500000000002,68.05,149.45,989.3226,1.1590376712328767,26.55,62.9,12.0,162597.2484672,5.9,58.36482191780822,3.9157030136986304,2018,654000.0,22474.22680412371
381,TEXAS,TOM GREEN,48451,18.601898238747555,41.465102040816326,-10.022244897959185,73.42857142857143,143.40816326530611,703.5817755102041,1.2506574224210232,46.40816326530612,52.6530612244898,9.387755102040817,164992.97722834288,3.510204081632653,57.091339110986866,3.9253606933184235,2018,763000.0,23404.907975460123
382,TEXAS,UVALDE,48463,20.342749119373778,41.01114285714286,-6.522571428571428,75.57142857142857,101.82857142857142,786.1236,1.0294299804305285,12.028571428571428,84.42857142857143,6.9714285714285715,143651.05205348574,2.6857142857142855,65.89954598825831,3.1340004696673187,2018,242000.0,4801.587301587302
383,TEXAS,WICHITA,48485,17.64100273972603,43.72,-14.298,69.33333333333333,161.2,849.2194,1.0672405479452054,28.0,61.733333333333334,10.266666666666667,157029.70201920002,8.266666666666667,62.10319634703197,4.058256438356165,2018,1345500.0,41656.34674922601
384,TEXAS,WILLIAMSON,48491,19.633317677756033,41.67642857142857,-10.850952380952382,59.30952380952381,117.54761904761905,1040.7359523809523,0.8969433789954339,7.19047619047619,91.59523809523809,11.285714285714285,139829.64168548572,6.166666666666667,69.62877364644488,3.45190189171559,2018,331000.0,6700.404858299596
385,TEXAS,WISE,48497,18.245053424657534,42.695499999999996,-13.328999999999999,59.1,148.25,1003.3643999999999,1.0267595890410959,19.1,72.35,11.75,153127.8862272,7.9,63.41035616438356,3.363330410958904,2018,104500.0,3100.8902077151333
386,TEXAS,YOUNG,48503,18.253082191780823,42.873000000000005,-13.635,76.35,151.45,913.76835,1.1530746575342465,37.3,63.5,11.2,160811.6105952,7.5,60.50852054794521,3.6737845205479456,2018,930000.0,25977.653631284917
387,TEXAS,ZAVALA,48507,21.291391389432484,42.39678571428572,-4.5217857142857145,97.78571428571429,97.75,582.9425357142857,1.1502866927592954,26.25,67.53571428571429,5.571428571428571,146994.75099977144,1.5,65.35956947162427,3.258256653620352,2018,225000.0,6901.8404907975455
388,ARKANSAS,CLAY,05021,15.57995205479452,35.12,-9.58,2.0625,168.75,1768.5403125,0.5844217465753425,0.0,105.6875,26.25,140241.9580488,9.5625,74.97155821917809,4.606222602739726,2019,99000.0,1701.0309278350514
389,CALIFORNIA,COLUSA,06011,15.685950302644155,38.42860465116279,-1.733953488372093,32.74418604651163,183.1860465116279,706.4236279069768,1.1182433258999682,25.41860465116279,55.69767441860465,8.093023255813954,169328.64379847443,5.488372093023256,54.12342147180631,3.6222708505893597,2019,219000.0,4203.454894433781
390,CALIFORNIA,FRESNO,06019,12.668278398314015,33.398538461538465,-7.0567692307692305,34.934615384615384,218.86923076923077,623.7750576923077,1.0215670073761856,30.896153846153847,54.36923076923077,6.657692307692308,180170.7240251077,2.223076923076923,52.01392307692308,2.9204675342465753,2019,344000.0,6602.687140115163
391,CALIFORNIA,KINGS,06031,17.457527262959978,39.94509803921569,-3.3137254901960786,68.70588235294117,176.9607843137255,238.79074509803922,1.2899205479452056,48.666666666666664,37.86274509803921,0.7647058823529411,181677.9812645647,1.0196078431372548,53.9808165457964,3.011006876175127,2019,374000.0,6702.508960573477
392,CALIFORNIA,MERCED,06047,16.741101435094585,38.743928571428576,-1.025952380952381,47.476190476190474,166.5952380952381,341.5458095238095,1.1133918786692758,25.642857142857142,44.51190476190476,1.773809523809524,177327.41431680002,1.5714285714285714,57.934739073711675,3.6338160469667318,2019,289000.0,4898.3050847457625
393,CALIFORNIA,SAN JOAQUIN,06077,16.372524951076322,38.847857142857144,-0.8228571428571428,38.80357142857143,168.51785714285714,345.4932678571428,1.0259602739726028,15.071428571428571,43.660714285714285,1.2678571428571428,171933.1213865143,2.446428571428571,59.81978962818004,4.151403571428571,2019,245000.0,4096.989966555184
394,CALIFORNIA,SOLANO,06095,15.288739726027398,36.97382352941176,-1.0502941176470588,17.529411764705884,168.7058823529412,566.540294117647,0.8051087026591458,6.235294117647059,53.38235294117647,5.735294117647059,167788.06948291766,5.294117647058823,65.06027397260274,4.643950201450443,2019,265000.0,5698.924731182796
395,CALIFORNIA,SUTTER,06101,16.130277397260276,39.251666666666665,-1.2545833333333334,36.708333333333336,179.75,527.7709166666667,0.9551336757990867,6.208333333333333,53.583333333333336,4.958333333333333,167901.1002288,5.208333333333333,62.74823059360731,4.497781278538813,2019,200000.0,4201.680672268907
396,CALIFORNIA,TULARE,06107,11.54400478626836,31.531626506024097,-8.24843373493976,27.626506024096386,233.74096385542168,662.6906385542169,0.9508364581614127,22.572289156626507,52.566265060240966,7.451807228915662,181917.1485136193,1.5421686746987953,50.963614457831326,2.522436870770754,2019,238000.0,6397.849462365591
397,CALIFORNIA,YOLO,06113,16.129474657534246,38.9695,-0.80625,34.1,170.05,617.989975,1.0301927397260273,19.3,51.375,7.45,169667.99066880002,4.324999999999999,58.836595890410955,4.135352876712329,2019,802000.0,17210.30042918455
398,KANSAS,ALLEN,20001,13.25807191780822,35.57,-16.565,3.5,190.375,1655.14575,0.5150575342465754,0.0,104.625,20.375,136855.48790880002,7.375,75.09270547945206,3.8332743150684934,2019,187000.0,4202.247191011236
399,KANSAS,ANDERSON,20003,12.918714611872147,35.6575,-18.755,2.833333333333333,193.08333333333334,1735.8660833333333,0.511348401826484,0.0,101.91666666666667,20.333333333333332,139195.3975488,7.666666666666667,74.58958904109589,3.869965525114155,2019,83000.0,2201.5915119363394
400,KANSAS,ATCHISON,20005,11.916598173515982,35.66833333333333,-21.903333333333336,3.8333333333333335,202.33333333333334,1233.1323333333332,0.5567913242009133,0.0,94.0,14.166666666666666,138347.1425088,7.166666666666667,71.12141552511416,3.572797260273972,2019,54000.0,1459.4594594594594
401,KANSAS,BARTON,20009,12.062379452054795,38.625,-20.133,16.2,211.65,956.8278,0.6572127397260273,1.7,62.85,12.55,149915.9320128,2.6,69.05594520547946,4.644417945205479,2019,5474000.0,119781.181619256
402,KANSAS,BROWN,20013,11.387244292237444,35.5475,-23.625833333333333,4.166666666666666,209.66666666666666,1364.6406666666667,0.5163755707762557,0.0,91.0,15.25,138316.6929888,7.166666666666667,72.48993150684932,3.7533563926940636,2019,91000.0,1891.8918918918919
403,KANSAS,BUTLER,20015,13.076313546423135,36.32166666666667,-16.934444444444445,5.444444444444445,194.88888888888889,1384.3228888888889,0.5796816590563166,0.0,87.66666666666667,16.36111111111111,142563.58730880002,6.5,71.78233637747337,4.274241780821918,2019,1180000.0,26222.222222222223
404,KANSAS,CHASE,20017,12.674650684931509,36.183,-18.8965,3.9499999999999997,197.5,1345.6935,0.5729123287671233,0.0,85.35,15.0,143844.7902048,7.15,71.2821095890411,4.193385342465754,2019,207200.0,5066.014669926651
405,KANSAS,CHEROKEE,20021,14.043086757990867,34.52833333333333,-15.135,0.0,186.08333333333334,2040.3440833333334,0.5102931506849315,0.0,108.58333333333333,21.583333333333332,135374.1919488,7.916666666666666,75.17545662100457,3.354564155251141,2019,1859600.0,34121.10091743119
406,KANSAS,CHEYENNE,20023,10.154367906066536,39.64714285714285,-22.094642857142855,18.75,243.42857142857142,630.8705,0.734188747553816,5.607142857142857,71.21428571428571,4.928571428571429,152353.0600745143,2.9642857142857144,63.58465753424658,4.195506164383562,2019,6797000.0,111609.19540229885
407,KANSAS,CLARK,20025,13.189781963470319,40.193333333333335,-16.274583333333336,36.916666666666664,209.58333333333334,594.6605,0.8252190639269406,7.875,53.666666666666664,4.833333333333333,160617.1961088,2.0,63.48728310502283,4.0345188356164385,2019,3395000.0,59249.563699825485
408,KANSAS,COFFEY,20031,12.691198630136988,34.6925,-18.861666666666668,2.25,194.66666666666666,1621.9470833333332,0.504213698630137,0.0,98.25,18.166666666666668,141107.5519488,7.416666666666666,74.3615296803653,4.030799315068493,2019,169000.0,4617.486338797814
409,KANSAS,COMANCHE,20033,13.629596347031963,39.748000000000005,-16.68,33.266666666666666,204.0,704.1806666666666,0.8292078538812785,7.333333333333333,59.733333333333334,6.733333333333333,158336.2738368,2.0,63.335251141552504,4.182210410958905,2019,2001000.0,45169.300225733634
410,KANSAS,COWLEY,20035,13.789013698630136,36.348333333333336,-15.145000000000001,7.75,189.83333333333334,1461.78775,0.6346955479452054,0.0,87.70833333333333,17.958333333333332,144962.4535488,5.666666666666666,69.97135844748858,4.1371498858447495,2019,1876700.0,53620.0
411,KANSAS,CRAWFORD,20037,13.704187214611872,34.134166666666665,-15.9625,0.08333333333333333,186.75,2406.462916666667,0.4988367579908676,0.0,111.16666666666667,26.333333333333332,135401.5922688,7.166666666666666,75.24442922374429,3.5039808219178084,2019,515000.0,11893.764434180139
412,KANSAS,DECATUR,20039,10.599019406392694,40.404583333333335,-24.335416666666664,22.208333333333332,228.16666666666666,689.405125,0.7076283105022831,5.791666666666667,64.08333333333333,7.916666666666667,155100.8739888,3.291666666666667,66.41507990867579,4.360028196347032,2019,5447300.0,90939.8998330551
413,KANSAS,DOUGLAS,20045,12.654945205479454,36.2375,-19.25,4.5,194.875,1568.62775,0.5573232876712328,0.0,94.0,15.5,138579.7133088,8.75,72.10513698630137,3.4958780821917808,2019,146300.0,3870.3703703703704
414,KANSAS,EDWARDS,20047,12.755859360730593,39.556000000000004,-18.288,24.8,208.0,661.1695333333333,0.771179908675799,3.6666666666666665,61.8,6.8,155304.4108608,2.2,64.89992694063928,4.710222283105023,2019,4188000.0,89106.3829787234
415,KANSAS,ELLIS,20051,11.688536529680364,40.22208333333334,-22.3275,17.625,213.83333333333334,1116.7601666666667,0.6777963470319635,3.0,71.5,14.416666666666666,151590.38294880002,4.541666666666667,67.84067351598173,4.476087671232876,2019,3658900.0,78686.02150537634
416,KANSAS,ELLSWORTH,20053,12.170949771689497,39.2,-21.319444444444443,13.166666666666666,208.72222222222223,947.1732222222222,0.6613808219178082,2.722222222222222,66.22222222222223,12.166666666666666,148608.1049088,4.944444444444445,68.77774733637747,4.586994368340943,2019,3107500.0,63940.32921810699
417,KANSAS,FRANKLIN,20059,12.727520547945206,35.8625,-18.8725,3.5,194.91666666666666,1585.7853333333333,0.5156668949771689,0.0,99.33333333333333,19.083333333333332,138491.0071488,7.416666666666667,74.0562100456621,3.6469289954337896,2019,172000.0,4075.8293838862555
418,KANSAS,GEARY,20061,12.22785692541857,37.79777777777778,-19.10666666666667,8.0,202.33333333333334,1106.923111111111,0.624447488584475,0.0,83.88888888888889,11.222222222222221,144977.19914880002,7.666666666666666,69.64176560121766,3.915537595129376,2019,301100.0,6676.274944567627
419,KANSAS,GOVE,20063,11.084922700587084,40.15,-20.805714285714288,27.0,227.10714285714286,664.8965357142857,0.7363307240704502,6.035714285714286,66.64285714285714,5.928571428571429,160323.4483488,2.4642857142857144,66.18839530332681,4.336286594911938,2019,7755000.0,131440.6779661017
420,KANSAS,GRANT,20067,12.083753424657534,39.50416666666667,-16.62,33.166666666666664,222.66666666666666,459.899,0.8271155251141553,7.666666666666667,59.416666666666664,3.75,164799.6516288,2.0,62.837625570776254,4.291919406392695,2019,3655000.0,72954.09181636726
421,KANSAS,GRAY,20069,12.032976712328768,38.9065,-16.8725,26.15,217.5,580.592,0.7725782191780821,3.9,60.4,6.3,161193.1913568,2.0,64.39569863013699,4.516732739726027,2019,6674000.0,121125.22686025409
422,KANSAS,GREELEY,20071,10.548760273972603,39.89875,-19.028750000000002,20.1875,237.625,505.837375,0.7678354452054794,8.875,65.5625,3.5625,164002.0649688,2.4375,63.15732876712329,4.439604452054795,2019,10299000.0,154872.18045112782
423,KANSAS,GREENWOOD,20073,13.241071537290717,35.72944444444445,-17.125,4.444444444444445,193.22222222222223,1497.6187777777777,0.5770580669710806,0.0,91.41666666666667,18.0,140218.53218880002,7.5,71.79704718417048,4.035465144596651,2019,96000.0,1979.381443298969
424,KANSAS,HAMILTON,20075,11.344008767123286,40.0144,-16.9924,28.76,236.28,382.7852,0.8202273972602739,9.12,56.6,2.52,164343.134304,1.76,62.185315068493146,4.213403835616438,2019,7313000.0,108662.70430906389
425,KANSAS,HARVEY,20079,12.952920547945205,37.95,-17.546,11.5,200.0,865.8713,0.6278821917808219,0.0,77.5,9.5,144144.3886848,5.7,70.35194520547945,4.339655342465754,2019,2220000.0,61666.666666666664
426,KANSAS,JACKSON,20085,11.974941780821919,37.181875,-21.30625,6.9375,204.1875,1199.0411875,0.601695890410959,0.0,89.125,9.9375,140484.49418880002,6.9375,69.75626712328767,3.7207179794520546,2019,126000.0,2812.5
427,KANSAS,JOHNSON,20091,12.564002283105022,35.52166666666667,-19.605833333333333,3.0,194.66666666666666,1450.83825,0.529383105022831,0.0,95.25,16.083333333333332,136728.3355488,9.083333333333334,73.30515981735161,3.2568703196347033,2019,66000.0,1279.0697674418604
428,KANSAS,KIOWA,20097,12.99652602739726,39.88733333333334,-17.90533333333333,27.4,206.8,726.4890666666666,0.7813366210045661,4.2,58.06666666666667,7.3999999999999995,156255.5227968,2.0,64.44405479452055,4.653767671232877,2019,3048000.0,57401.12994350283
429,KANSAS,LABETTE,20099,14.01955707762557,34.973333333333336,-14.854999999999999,1.1666666666666667,185.75,2116.4895,0.5243260273972602,0.0,107.75,22.166666666666668,136736.2339488,6.166666666666667,74.65148401826484,3.5390356164383565,2019,199000.0,5922.619047619048
430,KANSAS,LANE,20101,11.418217465753425,40.508125,-20.4175,33.875,224.5625,517.8425625,0.7791445205479451,8.125,65.0625,4.5625,160948.5998688,2.5625,65.0251198630137,4.641471232876712,2019,5665000.0,87422.83950617284
431,KANSAS,LEAVENWORTH,20103,12.302721461187213,35.913333333333334,-21.155833333333334,3.8333333333333335,197.58333333333334,1429.47275,0.5416212328767124,0.0,96.41666666666667,16.083333333333332,136992.8757888,9.0,72.77497716894976,3.240319406392694,2019,108100.0,2329.741379310345
432,KANSAS,LINN,20107,13.173543378995433,36.1625,-18.246666666666666,3.6666666666666665,194.41666666666666,1693.0348333333334,0.538903196347032,0.0,97.58333333333333,20.083333333333332,136484.28218880002,6.75,73.65591324200913,3.4448842465753424,2019,152000.0,3559.718969555035
433,KANSAS,LYON,20111,12.500069634703195,35.824999999999996,-18.91875,4.083333333333333,198.875,1523.7587083333333,0.5360857305936073,0.0,93.79166666666667,18.166666666666668,142150.9770288,8.458333333333334,72.99213470319634,3.9760336757990866,2019,170000.0,4415.584415584415
434,KANSAS,MARION,20115,12.629824657534249,37.3752,-18.066399999999998,8.64,200.44,1059.82432,0.6064101917808219,0.0,78.52,12.0,144080.76769920002,6.640000000000001,70.44611506849314,4.348421369863014,2019,4105800.0,90237.36263736263
435,KANSAS,MCPHERSON,20113,12.604131506849315,38.2235,-17.7215,12.75,203.45,819.1665,0.6404515068493151,0.65,69.15,8.15,146614.4178048,6.7,69.883,4.452440547945205,2019,7696000.0,166941.43167028198
436,KANSAS,MIAMI,20121,12.824417808219179,36.1625,-18.2425,3.9166666666666665,195.08333333333334,1703.1964166666667,0.5365189497716896,0.0,99.83333333333333,18.583333333333332,135969.8141088,7.833333333333333,73.19858447488585,3.4306196347031963,2019,133000.0,2708.7576374745418
437,KANSAS,MITCHELL,20123,11.932467275494673,40.23222222222223,-22.74388888888889,15.88888888888889,210.88888888888889,1005.5842222222223,0.6775770167427702,5.166666666666667,71.77777777777777,12.38888888888889,148104.3401088,4.611111111111111,68.50197869101979,4.161871080669711,2019,6187600.0,113118.82998171846
438,KANSAS,MONTGOMERY,20125,14.151303652968036,35.163333333333334,-14.468333333333334,3.083333333333333,184.5,1810.2736666666667,0.5651351598173516,0.0,99.91666666666667,20.416666666666668,137564.7919488,6.25,73.275799086758,3.6208013698630137,2019,557000.0,14893.048128342247
439,KANSAS,MORRIS,20127,12.231695585996956,36.63388888888889,-18.419444444444444,5.333333333333333,201.27777777777777,1161.2562777777778,0.5819283105022831,0.0,84.77777777777777,11.833333333333334,145884.5642688,7.777777777777778,70.67547945205479,4.229031659056317,2019,530000.0,13383.838383838383
440,KANSAS,MORTON,20129,12.554960730593606,39.98733333333333,-15.637333333333334,37.4,218.66666666666666,399.6146,0.9059689497716895,12.866666666666667,52.53333333333333,2.5999999999999996,167928.29585280002,2.0,60.12933333333333,4.4755249315068495,2019,3536000.0,76043.01075268818
441,KANSAS,NEMAHA,20131,11.429554794520548,35.810625,-21.9775,4.375,209.6875,1254.0118125,0.5447220890410959,0.0,88.4375,11.875,139543.6268088,7.125,70.87027397260275,3.889332191780822,2019,316000.0,5693.693693693694
442,KANSAS,NEOSHO,20133,13.650404109589042,35.04416666666666,-15.935,1.1666666666666667,186.08333333333334,2025.43375,0.5153691780821917,0.0,108.91666666666667,20.75,137026.7791488,5.916666666666667,74.8256392694064,3.6796940639269407,2019,161000.0,4864.04833836858
443,KANSAS,NESS,20135,11.82568590998043,40.70392857142857,-20.55392857142857,34.857142857142854,219.35714285714286,643.3625714285714,0.7691489236790607,7.464285714285714,60.785714285714285,7.142857142857142,157906.76042880001,4.0,65.68559686888455,4.553188649706458,2019,5221700.0,104225.5489021956
444,KANSAS,OSAGE,20139,12.64147089041096,36.249375,-18.323125,4.375,196.75,1414.089625,0.5687626712328767,0.0,95.5625,15.0625,141556.77272880002,8.875,71.76176369863013,3.930203424657534,2019,265000.0,6064.073226544622
445,KANSAS,OTTAWA,20143,12.117013698630137,39.64944444444445,-21.253333333333334,11.61111111111111,207.88888888888889,1026.0462222222222,0.6495949771689498,2.333333333333333,75.16666666666667,11.333333333333332,147548.32010880002,6.777777777777778,68.99960426179604,4.069264535768645,2019,2871900.0,61628.755364806864
446,KANSAS,PAWNEE,20145,12.326939334637965,39.64952380952381,-18.015714285714285,23.142857142857142,212.57142857142858,789.7711428571429,0.725854794520548,3.4761904761904763,60.80952380952381,8.238095238095237,153322.49492022858,2.428571428571429,66.70618395303327,4.606889497716895,2019,5198000.0,116547.08520179371
447,KANSAS,POTTAWATOMIE,20149,11.769659056316591,37.25037037037037,-19.905185185185182,6.407407407407407,208.0,1129.7001851851853,0.5720535768645357,0.0,91.96296296296296,10.074074074074074,141132.12202880002,7.888888888888889,70.8601420598681,3.6885658041603246,2019,136100.0,3037.946428571429
448,KANSAS,RAWLINS,20153,10.431455968688846,39.5575,-22.681071428571425,21.964285714285715,236.03571428571428,595.6514285714286,0.7295172211350294,5.428571428571429,61.142857142857146,5.428571428571429,161044.47085165716,2.892857142857143,64.40063600782779,4.411872896281801,2019,6636000.0,102407.40740740742
449,KANSAS,RENO,20155,13.131918664383562,38.881875,-16.076249999999998,19.125,201.15625,790.77965625,0.6918981164383562,2.0625,68.25,9.0625,148734.3692988,5.21875,68.61076198630137,4.529116952054795,2019,6561000.0,175427.80748663103
450,KANSAS,REPUBLIC,20157,11.170984779299848,37.556666666666665,-22.808888888888887,6.777777777777778,214.66666666666666,1060.1176666666668,0.5768363774733638,0.1111111111111111,86.61111111111111,13.055555555555555,144069.79130880002,3.3888888888888893,70.61254185692542,3.993785235920852,2019,1612800.0,35137.25490196078
451,KANSAS,ROOKS,20163,11.695705479452055,40.377500000000005,-22.137916666666666,20.958333333333332,213.58333333333334,928.858875,0.722813698630137,6.875,72.16666666666667,11.208333333333334,150725.1420288,4.791666666666667,66.78070776255707,4.3789426940639276,2019,3684800.0,74894.30894308943
452,KANSAS,RUSSELL,20167,12.05202602739726,39.8735,-22.6555,20.55,211.7,963.43935,0.7045868493150684,5.15,70.7,11.15,150378.09382080002,3.6500000000000004,67.64519178082192,4.511924657534246,2019,3109000.0,59788.46153846154
453,KANSAS,SALINE,20169,12.435231050228312,39.464666666666666,-19.425333333333334,11.4,204.46666666666667,1091.712,0.6402438356164384,2.0666666666666664,71.2,10.8,147412.2892608,8.4,69.88001826484017,4.1024520547945205,2019,3863800.0,87218.96162528217
454,KANSAS,SEDGWICK,20173,13.312844241501775,37.96407407407407,-15.611851851851851,13.444444444444445,198.11111111111111,1026.1102222222223,0.6216264840182648,0.2962962962962963,81.66666666666667,13.185185185185185,146485.0487488,6.0,71.09121258244545,4.14866463723998,2019,4693000.0,116451.61290322582
455,KANSAS,SEWARD,20175,12.59722602739726,39.1775,-16.095,30.0,215.5,610.1760833333334,0.8090166666666667,6.333333333333333,53.75,7.25,162662.24522880002,2.0833333333333335,63.22141552511415,4.263394520547946,2019,2808000.0,47272.72727272727
456,KANSAS,SHAWNEE,20177,12.49129497716895,37.148,-19.329333333333334,6.666666666666667,199.66666666666666,1353.5612,0.6085371689497716,0.0,90.2,15.266666666666666,141454.54500480002,8.533333333333333,70.16310502283105,3.6154339726027396,2019,79200.0,2051.813471502591
457,KANSAS,SHERMAN,20181,10.123881604696674,39.222142857142856,-21.499285714285715,15.642857142857142,241.46428571428572,650.7803571428572,0.713502446183953,3.857142857142857,70.35714285714286,5.0,155646.6246802286,2.321428571428571,63.995821917808215,4.5202648727984345,2019,8185000.0,132873.37662337662
458,KANSAS,STEVENS,20189,12.447815525114157,39.016,-15.811333333333334,33.93333333333334,218.53333333333333,498.2842,0.8424692237442922,7.133333333333334,51.93333333333333,4.666666666666667,165332.6273088,2.0666666666666664,62.26381735159818,4.440000730593607,2019,3624000.0,66373.62637362638
459,KANSAS,SUMNER,20191,13.831160469667319,38.473571428571425,-14.426785714285714,19.82142857142857,193.92857142857142,1305.7562142857143,0.6483988258317026,0.8571428571428571,82.64285714285714,15.857142857142858,146951.2089545143,5.892857142857142,71.1283072407045,4.112313894324853,2019,8578000.0,243002.83286118982
460,KANSAS,WABAUNSEE,20197,12.195658255227109,37.08736842105263,-18.876842105263158,6.2631578947368425,202.42105263157896,1064.6276842105262,0.5996944484498918,0.0,87.15789473684211,10.526315789473683,144068.00239932633,7.947368421052632,70.32790194664744,3.9234510454217735,2019,108300.0,2299.3630573248406
461,KANSAS,WICHITA,20203,10.678123287671232,38.926874999999995,-19.890625,20.0625,235.8125,544.4035,0.7304296232876712,4.5,68.3125,3.6875,163048.9385088,3.125,65.16056506849316,4.452186643835616,2019,9126000.0,130744.98567335244
462,NORTH DAKOTA,EMMONS,38029,4.173341976516634,32.528392857142855,-36.568214285714284,0.0,263.7857142857143,861.9738928571428,0.34703527397260275,0.0,80.82142857142857,7.321428571428571,127204.19257165714,6.071428571428571,75.21883072407046,4.099583904109589,2019,304000.0,5380.530973451328
463,SOUTH DAKOTA,AURORA,46003,7.2756493150684936,36.703,-27.578500000000002,1.45,232.6,1069.2871,0.43134671232876715,0.0,84.65,12.9,128931.08100480001,6.3,73.5938493150685,4.088944931506849,2019,590000.0,11195.445920303604
464,SOUTH DAKOTA,BEADLE,46005,6.207795281582953,35.79888888888889,-34.66277777777778,1.1666666666666665,237.30555555555554,1031.2683055555556,0.38016605783866053,0.0,91.27777777777777,11.13888888888889,129177.0086688,5.694444444444445,75.61663622526636,4.031541248097413,2019,534000.0,9222.79792746114
465,SOUTH DAKOTA,BRULE,46015,7.807065331928346,37.795,-26.22307692307692,2.576923076923077,235.73076923076923,970.7225384615384,0.45862486828240256,0.0,81.38461538461539,9.423076923076923,128838.98113033846,5.846153846153846,72.95425711275026,4.016082718651212,2019,1114000.0,21219.04761904762
466,SOUTH DAKOTA,CHARLES MIX,46023,7.856970156555773,36.62464285714286,-28.171071428571427,2.4642857142857144,232.42857142857142,947.863625,0.47526448140900196,0.0,84.41071428571429,9.982142857142858,133131.09494880002,6.375,71.7420107632094,3.762039530332681,2019,1160000.0,19694.39728353141
467,SOUTH DAKOTA,DAVISON,46035,7.115796042617961,36.376666666666665,-31.169999999999998,1.1111111111111112,231.66666666666666,1079.305111111111,0.43053302891933026,0.0,84.44444444444444,11.777777777777779,129396.0343488,6.555555555555555,73.7924200913242,4.021198173515981,2019,309000.0,6371.134020618557
468,SOUTH DAKOTA,HAND,46059,5.865884540117417,35.739999999999995,-33.16595238095238,1.1428571428571428,243.78571428571428,984.0375952380953,0.35710711024135683,0.0,91.30952380952381,10.5,131083.8273545143,3.761904761904762,75.8982257012394,4.1074255055446836,2019,568000.0,11405.62248995984
469,SOUTH DAKOTA,HUGHES,46065,6.58632434821034,37.88225806451613,-28.09161290322581,1.6129032258064515,245.93548387096774,801.1732580645162,0.40969536014140523,0.0,78.48387096774194,8.064516129032258,131857.7393088,1.2580645161290323,74.02927971718957,4.136332832523199,2019,3320000.0,56752.13675213675
470,SOUTH DAKOTA,JACKSON,46071,7.046799916977999,37.11484848484849,-26.97090909090909,2.3181818181818183,251.6969696969697,1016.7677878787879,0.4783724366957244,0.0,97.28787878787878,10.56060606060606,135962.00675607275,7.0606060606060606,71.05190950601909,3.9263151930261517,2019,1174000.0,30572.916666666668
471,SOUTH DAKOTA,LYMAN,46085,7.689530773683195,38.401408450704224,-25.64154929577465,2.183098591549296,236.29577464788733,866.3742112676057,0.4865529230175574,0.0,80.83098591549296,8.985915492957746,131468.6675747155,4.183098591549296,71.35018715029905,4.133361759598689,2019,3936000.0,62377.179080824084
472,SOUTH DAKOTA,MINER,46097,6.5757954337899545,35.276666666666664,-35.300666666666665,0.6666666666666666,235.53333333333333,980.7131333333333,0.3961738812785388,0.0,92.0,10.466666666666667,128279.90897280001,6.6,75.13585388127854,4.26505205479452,2019,367000.0,7489.7959183673465
473,SOUTH DAKOTA,POTTER,46107,5.185366701791359,35.24884615384615,-32.98153846153846,1.0769230769230769,255.26923076923077,791.7604615384615,0.3883120126448894,0.0,86.38461538461539,6.8076923076923075,131436.1249211077,2.3846153846153846,73.66433087460484,4.389027713382508,2019,1202000.0,23115.384615384617
474,SOUTH DAKOTA,SPINK,46115,5.597949200913242,34.46854166666667,-36.279375,0.22916666666666666,243.97916666666666,938.2430625,0.38050216894977174,0.0,91.29166666666667,9.104166666666666,129145.6596888,5.041666666666667,75.2376198630137,4.094978082191781,2019,464000.0,7606.55737704918
475,SOUTH DAKOTA,TURNER,46125,7.409433219178082,35.2125,-31.1475,1.0,232.25,892.47975,0.42450821917808224,0.0,90.25,8.6875,127899.4323888,6.5625,74.12058219178083,4.018803253424657,2019,51300.0,819.4888178913737
476,SOUTH DAKOTA,YANKTON,46135,7.896835616438356,36.15,-30.295,3.25,230.41666666666666,888.4558333333333,0.4511278538812785,0.0,84.66666666666667,8.916666666666666,128130.3259488,5.833333333333333,73.36675799086757,3.835760502283105,2019,14600.0,320.17543859649123
477,TEXAS,ARCHER,48009,17.615512328767124,41.536500000000004,-8.421,52.9,159.7,746.559,0.9580578082191781,12.65,53.75,9.4,164760.3173088,2.55,65.29280821917808,3.868600684931507,2019,393000.0,13985.765124555159
478,TEXAS,ARMSTRONG,48011,14.812920547945206,38.9285,-12.355,37.0,192.35,488.5554,1.0296649315068493,21.6,47.95,4.45,172354.4431488,2.05,55.92421917808219,4.243824246575342,2019,1440000.0,41498.5590778098
479,TEXAS,BAILEY,48017,14.638294520547944,39.1205,-11.695,35.35,207.15,382.38075,1.0960702739726027,20.2,42.5,3.0,181250.0640288,1.35,53.47927397260274,4.3682250684931505,2019,243000.0,6694.214876033058
480,TEXAS,BAYLOR,48023,17.683520547945204,39.893,-8.8765,52.1,158.55,807.53715,1.0439813698630138,16.75,51.55,10.0,168663.2035968,2.55,61.40509589041096,4.072755753424658,2019,770000.0,34841.628959276015
481,TEXAS,BELL,48027,19.65352022937241,38.10418604651163,-6.025116279069767,56.18604651162791,124.48837209302326,910.6646744186047,0.9290757566103856,1.6744186046511629,76.93023255813954,9.13953488372093,154826.34263531162,4.534883720930233,68.45487097801848,3.5421521503663587,2019,828000.0,17394.957983193275
482,TEXAS,BEXAR,48029,20.570622309197653,38.83833333333333,-3.2338095238095237,66.14285714285714,100.5952380952381,803.1234285714286,0.9696852576647097,0.14285714285714285,98.71428571428571,6.595238095238095,155390.45752594285,3.4761904761904763,67.75679712981083,2.9837227658186563,2019,114500.0,2500.0
483,TEXAS,BOSQUE,48035,18.850495960660343,38.19794871794872,-6.62102564102564,55.61538461538461,133.76923076923077,696.1819487179487,0.9375940990516334,2.2051282051282053,63.69230769230769,8.538461538461538,159968.23518572308,3.9743589743589745,67.03083245521601,3.426319353705655,2019,29000.0,1000.0
484,TEXAS,BRISCOE,48045,15.586856164383562,39.7945,-11.27,44.55,186.5,469.80185,1.0817071232876712,24.25,46.6,3.85,171912.4557408,1.9,55.708082191780825,3.997669589041096,2019,425000.0,23224.043715846994
485,TEXAS,BROWN,48049,18.277509893455097,39.5062962962963,-7.4511111111111115,51.07407407407407,142.8148148148148,568.656962962963,1.0433109081684424,11.851851851851851,53.851851851851855,6.037037037037036,168292.27050880002,1.8148148148148149,62.66265854895991,3.540208726534754,2019,105000.0,2699.228791773779
486,TEXAS,CALLAHAN,48059,17.90987397260274,39.683499999999995,-8.091,41.6,145.45,539.5394,1.0636009589041096,14.15,46.35,6.8,170618.13622080002,2.5,60.5471506849315,4.1232163013698635,2019,138000.0,5000.0
487,TEXAS,CARSON,48065,14.550657534246575,39.08,-13.8345,37.15,193.6,422.22835000000003,1.0436630136986302,21.35,50.45,3.3,170162.1083808,1.8,55.60843835616439,5.020994383561644,2019,2025000.0,58022.922636103154
488,TEXAS,CHILDRESS,48075,16.43696917808219,41.179375,-10.71875,57.5625,180.6875,531.391125,1.0799375,22.9375,45.8125,4.25,167346.82388880002,1.1875,58.119880136986296,3.8721316780821917,2019,481000.0,19395.16129032258
489,TEXAS,CLAY,48077,17.376743755036262,40.506764705882354,-8.714411764705883,41.3235294117647,161.2941176470588,824.8367941176471,0.8821311039484288,5.11764705882353,65.32352941176471,10.176470588235293,160319.78740291766,3.8823529411764706,66.86126510878324,3.7201634165995165,2019,305000.0,12007.874015748032
490,TEXAS,COCHRAN,48079,15.425058219178082,40.374375,-11.6325,39.0,193.25,361.49975,1.1945162671232876,27.875,37.5625,3.125,185130.8766288,1.25,50.62876712328767,4.560341267123287,2019,21600.0,699.0291262135922
491,TEXAS,COKE,48081,18.26080821917808,42.47888888888889,-7.187222222222222,56.05555555555556,150.77777777777777,415.1007777777778,1.1968487062404871,29.555555555555557,42.5,4.111111111111111,176067.5186688,1.2777777777777777,57.31418569254186,3.6490806697108065,2019,152800.0,4494.117647058823
492,TEXAS,COLEMAN,48083,18.344449315068495,40.20285714285714,-7.364285714285714,49.628571428571426,143.34285714285716,555.6233428571429,1.0982891585127201,13.657142857142857,46.31428571428572,6.257142857142857,168779.82125622858,2.0,60.43798825831703,3.518565636007828,2019,544000.0,23964.757709251102
493,TEXAS,COLLINGSWORTH,48087,15.36671506849315,39.7935,-12.116499999999998,43.05,188.15,586.48295,0.9576538356164384,14.8,50.1,6.05,167416.4204928,1.95,60.274452054794516,4.005622191780822,2019,192000.0,6193.548387096775
494,TEXAS,CONCHO,48095,18.812805479452056,39.7896,-6.9084,53.72,135.44,395.47388,1.171197808219178,18.48,42.6,3.6799999999999997,173870.968608,2.2,58.5658301369863,3.742837479452055,2019,1153000.0,35045.592705167175
495,TEXAS,COOKE,48097,17.31303082191781,37.24458333333333,-7.8758333333333335,21.333333333333332,153.0,1212.9250416666666,0.7754316210045662,0.0,77.58333333333333,13.666666666666666,153709.4343888,7.291666666666667,69.33542237442921,3.124961187214612,2019,555000.0,11987.041036717063
496,TEXAS,CORYELL,48099,19.160030658838878,38.10190476190476,-6.563809523809524,53.333333333333336,129.0952380952381,769.4815476190477,0.9571373124592303,1.5238095238095237,68.9047619047619,8.023809523809524,160715.10068022858,3.738095238095238,66.68477495107632,3.403798043052838,2019,215000.0,7003.257328990228
497,TEXAS,COTTLE,48101,16.9952698630137,42.1565,-10.5565,60.8,173.05,447.5173,1.1477541095890411,27.65,44.4,4.25,169480.5903648,1.5,56.477219178082194,4.079415890410958,2019,97000.0,5105.263157894737
498,TEXAS,CROSBY,48107,16.2144,42.2455,-10.563500000000001,39.95,180.1,350.61115,1.1350616438356165,26.1,37.95,3.0,175740.3809568,1.6,54.30539726027398,4.222058219178082,2019,110000.0,5092.592592592592
499,TEXAS,DALLAM,48111,12.752001522070016,40.13333333333333,-15.10638888888889,31.25,225.97222222222223,328.7104722222222,0.9866987062404871,14.36111111111111,50.30555555555556,1.1944444444444444,175850.1821088,1.5555555555555556,55.32713850837139,4.726670471841705,2019,1890000.0,41538.46153846154
500,TEXAS,DAWSON,48115,16.94164109589041,43.759,-9.169,48.45,177.25,282.005,1.2264323287671233,35.0,31.65,2.9,182230.30874880002,2.1,53.40002739726027,4.010565342465753,2019,236000.0,5700.48309178744
501,TEXAS,DEAF SMITH,48117,14.173184170471842,38.655,-12.871944444444445,32.80555555555556,205.33333333333334,446.33975,1.062255403348554,19.52777777777778,51.138888888888886,3.194444444444444,176247.8153088,2.138888888888889,54.208485540334856,4.755326255707763,2019,4700000.0,116049.38271604938
502,TEXAS,DELTA,48119,17.885996575342467,37.50125,-7.905,21.0,139.125,1465.83975,0.720586301369863,0.0,82.375,17.0,148531.9543488,6.5,72.5122602739726,3.543952397260274,2019,170000.0,4000.0
503,TEXAS,DENTON,48121,18.29095091324201,37.70708333333334,-6.554166666666667,36.333333333333336,137.20833333333334,917.8988333333333,0.8849393835616439,0.75,71.5,10.5,156642.8565888,7.041666666666667,67.32713470319635,3.3344123287671232,2019,605000.0,16994.38202247191
504,TEXAS,DICKENS,48125,16.69722876712329,42.418,-9.971,49.9,173.9,424.36,1.1403419178082193,27.5,41.05,4.15,174365.2925568,1.95,55.35967123287671,4.068947671232877,2019,56000.0,2196.078431372549
505,TEXAS,ELLIS,48139,18.890849315068493,37.797000000000004,-6.5649999999999995,41.06666666666666,131.66666666666666,887.2404,0.8625187214611872,0.16666666666666666,72.5,11.133333333333333,153792.4123008,5.1,68.87409132420092,3.82267899543379,2019,455000.0,10000.0
506,TEXAS,FALLS,48145,19.416413793103448,38.19724137931035,-5.904827586206897,50.241379310344826,125.41379310344827,994.5068965517241,0.8085158242796411,0.20689655172413796,84.27586206896552,10.827586206896552,152728.2968812138,4.586206896551724,72.45433160132262,3.922911006140765,2019,626800.0,11192.857142857143
507,TEXAS,FANNIN,48147,17.821794520547947,37.544999999999995,-7.69625,33.833333333333336,145.83333333333334,931.9215833333334,0.7918660958904109,0.12499999999999999,77.20833333333333,10.583333333333334,152529.21470880002,7.291666666666667,70.43656392694064,3.4989797945205483,2019,375700.0,8096.98275862069
508,TEXAS,FISHER,48151,17.91758219178082,42.792500000000004,-7.8865,55.05,156.1,503.30825,1.1889435616438357,29.35,42.75,5.800000000000001,174295.5971328,1.6500000000000001,56.845287671232875,4.025521780821918,2019,351500.0,13115.671641791045
509,TEXAS,FLOYD,48153,15.445787397260275,40.53,-12.3804,32.84,183.96,445.601,1.0640619178082193,19.48,42.4,4.12,173656.4419008,1.8000000000000003,55.43568219178083,4.597549808219178,2019,1492000.0,61908.713692946054
510,TEXAS,FOARD,48155,17.451694246575343,42.0216,-10.4828,63.48,169.56,615.82912,1.145916493150685,25.64,47.84,6.24,168185.9170368,2.52,57.42764931506849,4.129394191780822,2019,1454000.0,47055.016181229774
511,TEXAS,FRIO,48163,21.69752397260274,40.76083333333333,-3.9545833333333333,114.95833333333333,95.875,465.2892083333333,1.1899528538812785,10.041666666666666,66.91666666666667,4.166666666666667,163226.44586880002,2.5,64.31421232876713,3.427632420091324,2019,166000.0,3300.1988071570577
512,TEXAS,GAINES,48165,16.309595890410957,42.704722222222216,-9.534444444444444,47.47222222222222,186.27777777777777,273.33691666666664,1.2122730593607307,30.666666666666668,31.47222222222222,2.138888888888889,184615.1971488,1.8333333333333335,52.740235920852356,3.9311604261796047,2019,49300.0,1600.6493506493507
513,TEXAS,GILLESPIE,48171,18.503776908023482,37.006190476190476,-4.65,19.476190476190474,127.0952380952381,590.6515714285714,0.898042791911285,0.38095238095238093,70.04761904761905,5.0476190476190474,162562.93213165714,2.428571428571429,66.41343770384867,3.3973294194390085,2019,59000.0,2000.0
514,TEXAS,GLASSCOCK,48173,18.330242465753425,43.1945,-8.0155,61.0,150.05,269.66635,1.2978938356164382,39.75,35.5,1.8499999999999999,181134.9861408,1.4500000000000002,53.79675342465753,4.476041095890411,2019,145000.0,4393.939393939394
515,TEXAS,GRAY,48179,14.472924657534247,38.8555,-13.7715,33.6,194.1,468.11425,0.9722046575342466,16.3,51.15,3.55,167460.99900480002,2.3,57.94534246575342,4.719054109589042,2019,962000.0,28211.14369501466
516,TEXAS,GRAYSON,48181,17.269283520132834,36.195151515151515,-7.503030303030303,28.545454545454547,147.8181818181818,1009.3766363636364,0.7728090493980905,0.0,77.33333333333333,12.787878787878787,155079.07222516363,6.666666666666667,69.78987131589872,3.308498962224989,2019,805000.0,14990.68901303538
517,TEXAS,GUADALUPE,48187,20.565521526418785,38.792142857142856,-3.064285714285714,60.392857142857146,101.03571428571429,809.4503928571429,0.8820396281800391,0.0,102.17857142857143,7.071428571428571,153713.36636022857,4.428571428571429,70.73190802348337,3.3291512720156557,2019,128000.0,2997.6580796252924
518,TEXAS,HALE,48189,14.974407671232877,39.648,-12.0776,28.84,191.52,329.64556,1.0393509041095892,14.04,40.68,2.12,175320.8687808,1.6400000000000001,55.72930410958904,4.450038136986302,2019,749000.0,29488.188976377955
519,TEXAS,HANSFORD,48195,13.897190410958904,39.745999999999995,-14.362,41.15,205.0,478.54235,1.0112430136986301,22.75,53.45,3.9,169278.7992768,2.2,56.597808219178084,4.75840397260274,2019,3531000.0,107652.43902439026
520,TEXAS,HARDEMAN,48197,17.16052315720809,41.52095238095238,-10.872857142857143,62.047619047619044,172.42857142857142,517.0936190476191,1.1200213959556424,24.238095238095237,46.523809523809526,4.714285714285714,166652.38072594287,2.142857142857143,57.784253098499676,4.228551859099804,2019,1632000.0,49756.09756097561
521,TEXAS,HASKELL,48207,17.983031506849315,42.131,-8.2145,62.25,157.95,697.10295,1.1610778082191782,25.9,48.85,7.5,172473.3213408,2.4499999999999997,58.32683561643836,4.046337808219178,2019,1760000.0,59259.25925925926
522,TEXAS,HILL,48217,18.883236790606656,37.85028571428571,-5.564857142857143,50.57142857142857,131.0,817.3766285714286,0.8551081017612524,1.542857142857143,71.0,10.17142857142857,154862.04467108572,4.628571428571428,70.03876320939334,3.7252224657534247,2019,1310000.0,27991.452991452992
523,TEXAS,HUNT,48231,18.1293299086758,37.512499999999996,-6.0183333333333335,23.0,139.08333333333334,1135.20325,0.7308115296803653,0.0,81.625,13.791666666666666,151484.5861488,6.0,72.59617579908677,3.5773476027397257,2019,250000.0,5995.2038369304555
524,TEXAS,HUTCHINSON,48233,14.509032876712327,40.172,-13.305000000000001,46.8,198.75,443.1469,1.0556991780821918,25.95,52.8,2.95,168556.3911648,2.4,56.11763013698631,4.440195753424658,2019,825000.0,28645.833333333332
525,TEXAS,JOHNSON,48251,18.517852919971162,38.22526315789474,-6.084210526315789,46.473684210526315,135.47368421052633,765.6867368421052,0.8818128334534968,1.4736842105263157,63.526315789473685,10.894736842105262,158209.5492288,4.842105263157895,68.13577505407353,3.523755875991348,2019,310000.0,5996.131528046421
526,TEXAS,JONES,48253,18.301865753424657,42.79,-7.323,63.3,152.6,558.17105,1.212615890410959,31.05,43.25,6.6,171748.50958080002,2.6,57.39357534246575,4.090125890410959,2019,775000.0,31250.0
527,TEXAS,KARNES,48255,21.599100105374077,39.54653846153846,-2.608846153846154,80.84615384615384,83.6923076923077,649.3173076923077,0.9664993677555321,0.0,91.23076923076923,4.730769230769231,158401.8626688,4.461538461538462,69.4846153846154,4.40482866174921,2019,95700.0,1997.9123173277662
528,TEXAS,KNOX,48275,17.689245205479452,43.1395,-9.379999999999999,69.5,166.3,716.78895,1.1612243835616438,32.4,49.5,8.0,171099.0546048,2.5,58.45020547945206,4.016234794520548,2019,2843000.0,80767.04545454544
529,TEXAS,LAMAR,48277,17.56863780821918,37.2416,-7.3072,25.48,144.68,1236.93756,0.742965698630137,0.0,84.52,14.88,147259.5609024,7.88,71.48527123287671,3.434295890410959,2019,250000.0,5995.2038369304555
530,TEXAS,LAMB,48279,14.55950794520548,39.2196,-11.556400000000002,29.8,201.76,488.81108,1.0083055342465754,14.68,43.96,3.88,178370.6035392,2.3200000000000003,56.46254246575343,4.282665972602739,2019,171000.0,6195.652173913043
531,TEXAS,LIMESTONE,48293,18.95199169779992,37.9030303030303,-5.9790909090909095,34.24242424242424,125.93939393939394,1046.1057575757575,0.7424141137401411,0.0,85.18181818181819,12.818181818181818,152342.21581789092,4.606060606060606,73.53585720215857,3.776777833125778,2019,175000.0,3001.7152658662094
532,TEXAS,MCCULLOCH,48307,18.787002739726027,39.883199999999995,-6.8012,56.68,137.84,412.52528,1.137307397260274,17.8,50.84,3.0,170267.302368,2.48,60.271769863013695,3.5133213150684934,2019,480000.0,17977.52808988764
533,TEXAS,MCLENNAN,48309,19.245600400935515,37.993170731707316,-5.974878048780488,53.926829268292686,128.41463414634146,939.2479268292683,0.8644934179752756,0.6585365853658537,76.85365853658537,10.341463414634147,154263.01154294636,4.341463414634147,70.25855663214166,3.7747816906114267,2019,920000.0,19008.26446280992
534,TEXAS,MEDINA,48325,20.55547488584475,39.02416666666667,-3.306111111111111,74.0,102.94444444444444,660.9339444444445,1.0428119482496194,1.2777777777777777,92.94444444444444,4.111111111111111,155624.84906880002,2.7222222222222223,65.53661339421613,2.9823147640791476,2019,367000.0,8554.778554778555
535,TEXAS,MILAM,48331,19.802583273251624,38.13263157894737,-4.161578947368421,54.18421052631579,117.55263157894737,888.0952105263158,0.8191733237202595,0.07894736842105263,80.76315789473684,9.210526315789474,151960.09216774738,4.0,72.73600576784428,3.8336279019466475,2019,311800.0,6198.807157057655
536,TEXAS,MONTAGUE,48337,17.31471890410959,38.648,-8.2624,29.88,154.44,962.52116,0.8524507397260274,2.0,72.2,11.0,155941.0491456,5.720000000000001,66.92477808219178,3.4546678356164384,2019,67000.0,2000.0
537,TEXAS,MOORE,48341,13.73224794520548,39.9245,-13.684999999999999,37.6,208.75,511.44105,0.9933661643835616,19.5,53.25,4.25,171905.62582080002,2.0,56.45119178082192,4.484100410958904,2019,1720000.0,39269.406392694065
538,TEXAS,NAVARRO,48349,18.866627253064166,37.40657894736842,-5.518684210526316,35.18421052631579,129.6315789473684,929.9343684210527,0.7864443403028119,0.05263157894736842,80.02631578947368,10.947368421052632,153671.0174814316,5.5,71.79475126171593,4.033965320836337,2019,48000.0,1000.0
539,TEXAS,OCHILTREE,48357,13.978146575342466,39.763999999999996,-15.818999999999999,39.25,199.05,422.0698,0.9732901369863014,16.65,53.8,2.4499999999999997,166629.47244480002,2.3,58.30712328767123,4.655465205479452,2019,3625000.0,84498.8344988345
540,TEXAS,OLDHAM,48359,14.47290410958904,40.71666666666667,-12.688333333333333,53.30555555555556,204.72222222222223,425.2776944444444,1.1174050228310501,32.388888888888886,49.25,3.361111111111111,175885.9471488,2.1944444444444446,53.6487899543379,4.2666808219178085,2019,625000.0,24509.803921568626
541,TEXAS,PARMER,48369,14.084800000000001,37.9665,-13.491999999999999,23.3,208.45,444.11795,1.0297627397260274,12.15,49.75,3.15,178141.0563648,1.75,54.4387808219178,4.550849863013698,2019,1445000.0,58502.024291497975
542,TEXAS,POTTER,48375,14.589575342465753,40.228,-12.721,47.5,199.15,459.0302,1.0786579452054794,29.35,51.4,3.15,171758.66201280002,1.9500000000000002,55.09276712328767,4.351023835616439,2019,300000.0,7894.736842105263
543,TEXAS,RANDALL,48381,14.414675342465753,38.667,-12.895,37.25,200.7,473.99545,1.0389583561643836,22.35,50.35,4.1000000000000005,174344.1487488,1.75,55.93054794520548,4.707726164383562,2019,1855000.0,55044.51038575667
544,TEXAS,REAGAN,48383,18.44240182648402,42.26566666666667,-7.168333333333334,56.233333333333334,147.46666666666667,367.4026666666667,1.2497434703196346,35.233333333333334,41.3,4.1,181656.29681280002,1.2,55.50204566210046,4.453275068493151,2019,152000.0,5100.6711409395975
545,TEXAS,RUNNELS,48399,18.44589589041096,41.376000000000005,-7.2924,56.76,146.8,458.3638,1.1750838356164384,22.44,41.48,5.48,172235.22791040002,1.72,58.46481095890411,3.6599342465753426,2019,1451000.0,37590.673575129535
546,TEXAS,SAN SABA,48411,18.953144196106706,39.92631578947368,-6.527105263157895,63.68421052631579,135.71052631578948,456.1482105263158,1.1003901225666908,18.157894736842106,59.0,3.9473684210526314,167971.6248919579,2.263157894736842,62.46695025234319,3.323385219899063,2019,297000.0,9488.817891373801
547,TEXAS,SHACKELFORD,48417,18.22215479452055,39.6085,-8.575,44.7,144.85,592.66055,1.1138995890410959,15.05,43.9,7.2,169152.60991680002,3.75,58.91584931506849,3.9211545205479448,2019,63000.0,3000.0
548,TEXAS,SHERMAN,48421,13.501069863013697,40.083999999999996,-14.5275,37.95,211.4,414.4583,1.009111095890411,18.3,50.3,3.4,171123.41594880002,2.0,55.763164383561644,4.763569041095891,2019,2897000.0,58762.67748478702
549,TEXAS,SWISHER,48437,14.555276712328768,38.602999999999994,-12.9625,30.3,198.55,529.4075,0.9971715068493151,16.1,46.5,5.2,173523.9099168,2.1,57.04030136986301,4.537389452054795,2019,1166000.0,73333.33333333333
550,TEXAS,TAYLOR,48441,18.077528767123287,41.1645,-8.546,45.35,144.5,497.49145,1.1500497260273972,21.55,42.05,5.8,172570.86866880002,3.2,57.614493150684936,4.26050397260274,2019,355000.0,16985.645933014355
551,TEXAS,TERRY,48445,15.701861643835617,43.013,-10.129000000000001,37.1,189.7,385.11725,1.1030861643835617,24.0,33.55,4.15,183211.8274368,1.85,55.269657534246576,4.127569178082192,2019,111800.0,4798.283261802575
552,TEXAS,THROCKMORTON,48447,17.92504383561644,39.7935,-8.657,46.75,154.5,762.90505,1.0582291780821917,9.6,49.3,8.25,168567.51559680002,2.45,60.75979452054795,3.862437397260274,2019,426000.0,15214.285714285714
553,TEXAS,TOM GREEN,48451,18.609038859379368,40.6965306122449,-7.589183673469388,55.93877551020408,144.20408163265307,410.7147755102041,1.2063743360357841,22.897959183673468,40.734693877551024,4.653061224489796,176832.08391614695,1.4489795918367347,57.042163824433885,3.79799843444227,2019,1109000.0,25971.89695550351
554,TEXAS,UPTON,48461,18.958274885844748,43.68933333333334,-8.007333333333333,63.06666666666667,143.33333333333334,350.39236666666665,1.3638889497716895,47.8,35.6,3.2,185242.9615488,1.1333333333333335,52.2553607305936,4.310433424657534,2019,136000.0,7010.309278350516
555,TEXAS,UVALDE,48463,20.556602739726028,38.73771428571428,-3.1285714285714286,72.17142857142858,101.34285714285714,433.51817142857146,1.0812904892367905,1.9428571428571428,79.62857142857143,2.0285714285714285,159925.91386422858,2.4571428571428573,63.841589041095894,3.0764573776908026,2019,574000.0,14494.949494949495
556,TEXAS,WICHITA,48485,17.508626484018265,41.982,-9.300666666666666,57.6,164.73333333333332,642.6088666666667,0.9631528767123287,15.0,57.333333333333336,6.866666666666666,162789.88337280002,2.533333333333333,65.07720547945206,4.0651192694063925,2019,1385000.0,41969.69696969697
557,TEXAS,WILBARGER,48487,17.471625922023183,41.03192307692307,-9.310384615384615,62.73076923076923,167.53846153846155,551.208423076923,1.053949736564805,20.615384615384617,51.69230769230769,5.346153846153846,166019.16913033847,2.5384615384615383,61.49418335089568,4.193320337197049,2019,2520000.0,70985.91549295775
558,TEXAS,WILLIAMSON,48491,19.73161317677756,38.00833333333333,-5.152142857142858,48.642857142857146,119.5952380952381,815.2397142857143,0.903270971950424,0.5,79.30952380952381,8.142857142857142,154479.37405165716,4.357142857142858,69.12199608610567,3.4186853228962817,2019,385700.0,8102.941176470588
559,TEXAS,WISE,48497,18.102771232876712,38.9965,-7.5584999999999996,38.35,146.1,895.4879500000001,0.9515631506849316,6.9,67.95,10.7,159722.3445408,5.6,64.82739726027397,3.3322209589041094,2019,57000.0,1500.0
560,TEXAS,YOAKUM,48501,15.592869863013698,41.972500000000004,-10.905,39.625,193.1875,295.40075,1.194663698630137,28.3125,31.9375,1.6875,185925.5179488,1.25,51.41678082191781,4.323083561643836,2019,33200.0,1596.1538461538462
561,TEXAS,YOUNG,48503,17.992005479452057,40.962,-7.889,52.7,152.5,768.04945,1.0270483561643837,15.2,55.0,9.3,166447.6112448,2.85,63.18565753424657,3.7038327397260273,2019,235000.0,10398.230088495575
562,ARKANSAS,CONWAY,05029,15.93132422586521,35.394666666666666,-6.519333333333334,2.6666666666666665,172.33333333333334,1470.0882666666666,0.5861367941712204,0.0,108.66666666666667,15.333333333333334,138304.0846656,7.666666666666666,73.83216757741349,2.800299089253188,2020,97700.0,1769.927536231884
563,ARKANSAS,CRITTENDEN,05035,16.77160953800298,34.932272727272725,-6.768636363636364,1.7272727272727273,155.77272727272728,1467.6079545454545,0.6247636612021857,0.0,109.68181818181819,19.363636363636363,142372.97050123638,8.681818181818182,73.5633258817685,5.235757948335817,2020,262000.0,4403.361344537815
564,ARKANSAS,DESHA,05041,17.753179417122038,35.04866666666667,-4.397333333333333,2.0,133.73333333333332,1895.132,0.6433059198542804,0.0,101.5,24.766666666666666,148341.57327360002,6.533333333333333,74.7109927140255,5.533325318761384,2020,134000.0,3213.429256594724
565,ARKANSAS,JACKSON,05067,15.709771857923498,35.494,-7.839499999999999,2.05,173.75,1541.9877999999999,0.5357760928961749,0.0,106.95,19.95,140300.44594560002,8.1,75.96737704918033,4.964408743169399,2020,261000.0,4350.0
566,ARKANSAS,JEFFERSON,05069,17.003690476190478,34.871428571428574,-4.9750000000000005,1.1785714285714286,150.07142857142858,1767.5227857142856,0.6231543715846994,0.0,107.78571428571429,22.571428571428573,145142.8821833143,6.321428571428571,74.22783957845434,5.110413153786105,2020,210000.0,3797.46835443038
567,ARKANSAS,MONROE,05095,16.70567281420765,35.020833333333336,-4.673333333333333,1.4166666666666667,153.75,1624.0504583333334,0.5653921903460838,0.0,107.33333333333333,19.75,143555.79677760002,8.375,76.42745901639344,5.483126252276867,2020,62000.0,1009.7719869706841
568,ARKANSAS,WOODRUFF,05147,16.129938524590163,35.3545,-6.645999999999999,1.65,164.95,1508.4362,0.5537516393442623,0.0,105.05,19.6,140899.0921056,8.4,76.01094262295082,5.420652732240438,2020,298000.0,4099.037138927098
569,CALIFORNIA,COLUSA,06011,16.907201042063793,40.02325581395349,-1.2393023255813953,51.372093023255815,175.13953488372093,123.45169767441861,1.3453656754352523,42.83720930232558,20.74418604651163,0.4418604651162791,178241.3941435535,0.11627906976744186,46.819265472105734,3.629662663616724,2020,288000.0,2500.0
570,CALIFORNIA,KERN,06029,17.031669557433002,39.62153583617748,-2.614982935153584,65.8259385665529,173.92491467576792,160.31553924914675,1.570215800369272,85.49829351535837,19.97952218430034,1.030716723549488,191996.85080282867,0.1706484641638225,39.94071038251366,2.927323402152222,2020,359000.0,3199.6434937611407
571,CALIFORNIA,KINGS,06031,17.801480231436837,41.904117647058825,-3.211372549019608,84.27450980392157,165.07843137254903,119.15870588235295,1.3840606450230364,61.411764705882355,16.372549019607842,0.45098039215686275,186068.70937524707,0.0,52.54301939354977,2.961398424943748,2020,1053000.0,11700.0
572,CALIFORNIA,LASSEN,06035,9.238898546808384,33.880494505494504,-10.87868131868132,3.010989010989011,286.2912087912088,221.34434615384615,0.9163833393382573,9.824175824175825,33.70879120879121,0.8956043956043956,175732.50137364396,0.26373626373626374,46.12324506094998,2.595565138413499,2020,40000.0,800.0
573,CALIFORNIA,MERCED,06047,17.207546513140777,42.310833333333335,-1.2825,64.32142857142857,169.42857142857142,142.73616666666666,1.2389548204527714,35.82142857142857,20.535714285714285,0.7738095238095237,181952.31709645715,0.4404761904761905,55.46299765807963,3.471749934946656,2020,761000.0,8502.793296089385
574,CALIFORNIA,MODOC,06049,8.816450587520983,34.6178431372549,-10.97,3.450980392156863,300.96078431372547,263.46927450980394,0.8594552126861673,7.0588235294117645,47.4640522875817,0.5490196078431372,168098.95449712942,1.1503267973856208,50.712100432158294,2.6951561127183115,2020,186000.0,1800.5808325266216
575,CALIFORNIA,SACRAMENTO,06067,16.58394057377049,42.28725,-1.6782499999999998,48.3,180.625,156.118475,1.0875449453551913,17.425,20.35,1.175,177388.0627176,0.65,59.771345628415304,4.194221516393442,2020,156000.0,2200.2820874471086
576,CALIFORNIA,SAN JOAQUIN,06077,16.92465017564403,41.67142857142857,-0.8489285714285714,49.17857142857143,170.10714285714286,147.3965892857143,1.1565147345823574,24.267857142857142,18.285714285714285,1.1607142857142858,179335.24373417144,0.5,57.17337041373926,4.09173487509758,2020,258000.0,3000.0
577,CALIFORNIA,SOLANO,06095,15.883601735776278,40.63470588235294,0.09823529411764703,25.941176470588236,174.35294117647058,118.84038235294118,0.9468629861780778,12.23529411764706,20.38235294117647,0.0,177087.2443776,0.35294117647058826,60.84967855994857,4.706692864030859,2020,205000.0,3853.3834586466164
578,CALIFORNIA,SUTTER,06101,16.78376252276867,40.91125,-1.6354166666666667,50.791666666666664,181.91666666666666,123.53529166666667,1.1372942850637522,15.125,21.208333333333332,0.0,176650.4510856,0.5833333333333334,57.479246357012755,4.431729735883424,2020,229000.0,1900.414937759336
579,CALIFORNIA,YOLO,06113,17.00698224043716,41.45125,-1.7465,47.75,174.075,111.7253,1.2302534836065575,32.55,20.6,0.07500000000000001,178698.74458320002,0.4,53.19110655737705,4.141711953551913,2020,719000.0,6500.904159132007
580,KANSAS,ANDERSON,20003,13.692090163934427,34.98833333333334,-15.637500000000001,1.25,191.66666666666666,1065.9631666666667,0.6210530510018215,0.0,81.75,12.416666666666666,142779.1255776,3.75,70.58321948998179,3.7228283242258655,2020,97300.0,2147.9028697571744
581,KANSAS,ATCHISON,20005,12.76755009107468,34.60666666666666,-19.171666666666667,0.5,198.83333333333334,878.7346666666666,0.6015009107468124,0.0,75.83333333333333,10.333333333333334,142972.7098176,5.333333333333333,69.18392531876138,3.52326912568306,2020,47800.0,1251.3089005235602
582,KANSAS,BARBER,20007,14.307505854800937,39.55214285714286,-10.902142857142858,29.964285714285715,200.64285714285714,771.7912857142857,0.8062218969555035,2.071428571428571,61.142857142857146,8.392857142857142,160508.5726176,5.321428571428571,65.3165300546448,4.134067818110851,2020,4968000.0,103500.0
583,KANSAS,BARTON,20009,12.954461748633879,37.197500000000005,-13.376,16.35,211.75,800.2606,0.7337494535519126,0.55,55.6,8.6,157292.3166336,3.4,66.11882513661203,4.498088114754099,2020,6481000.0,133904.95867768597
584,KANSAS,BOURBON,20011,14.201869307832423,35.62666666666667,-13.667499999999999,5.5,187.58333333333334,1329.4858333333334,0.6391787340619307,0.0,89.58333333333333,17.833333333333332,141471.60197760002,6.333333333333333,70.8365209471767,3.403071265938069,2020,75600.0,1429.1115311909264
585,KANSAS,BROWN,20013,12.307042349726775,34.6475,-17.896666666666665,0.6666666666666666,204.25,903.7613333333334,0.5619822404371585,0.0,72.33333333333333,10.583333333333334,143430.5952576,5.5,70.5591985428051,3.6888907103825135,2020,66000.0,1419.3548387096773
586,KANSAS,BUTLER,20015,13.741081511839708,35.33888888888889,-14.848333333333333,3.0555555555555554,192.75,1024.6590277777777,0.6447088646023073,0.0,74.63888888888889,11.36111111111111,147923.54669760002,6.638888888888889,69.92407407407407,4.120703551912569,2020,1420000.0,28803.245436105477
587,KANSAS,CHASE,20017,13.484706284153006,34.8915,-17.429499999999997,1.5499999999999998,194.6,947.78875,0.6484024590163935,0.0,74.15,8.65,146753.5120416,5.35,68.88275956284153,4.019832923497267,2020,394000.0,7755.905511811024
588,KANSAS,CHAUTAUQUA,20019,14.702732240437157,36.46333333333333,-11.378333333333332,3.9166666666666665,184.91666666666666,1123.17775,0.6718078324225865,0.0,84.66666666666667,12.416666666666666,146388.59141760002,6.833333333333333,69.64596994535519,3.6056637067395263,2020,76800.0,1920.0
589,KANSAS,CHEROKEE,20021,14.471798724954462,34.637499999999996,-11.5675,0.41666666666666663,184.25,1440.3865,0.5833863843351549,0.0,96.08333333333333,18.0,141506.2742976,8.75,73.03923041894353,3.2740414389799635,2020,1289000.0,31593.13725490196
590,KANSAS,CHEYENNE,20023,11.569194964871194,40.10285714285715,-17.208928571428572,35.464285714285715,237.57142857142858,378.0392857142857,0.9262679547228727,12.678571428571429,53.42857142857143,1.6071428571428572,162586.07851474287,1.1428571428571428,56.27216042154567,4.308935206869633,2020,3931000.0,90995.37037037036
591,KANSAS,CLARK,20025,13.879142759562841,40.982083333333335,-12.1225,47.708333333333336,212.875,568.9789583333334,0.9047977003642987,8.875,52.291666666666664,5.75,166771.5458976,3.333333333333333,62.65615892531876,4.1941706511839705,2020,2799000.0,58191.26819126819
592,KANSAS,CLAY,20027,12.754281079234971,36.691250000000004,-15.570625,5.6875,210.3125,963.785625,0.672193818306011,0.0,64.0,10.5,148090.2617376,4.125,67.35124658469945,3.8140688183060107,2020,2099000.0,41400.39447731755
593,KANSAS,CLOUD,20029,12.814204614450517,37.263333333333335,-15.484444444444442,10.166666666666666,210.22222222222223,983.5863888888889,0.7242455980570736,0.05555555555555555,65.38888888888889,9.166666666666666,150028.9238976,4.333333333333333,65.32205525197328,3.9984028536733454,2020,2227000.0,51195.402298850575
594,KANSAS,COFFEY,20031,13.52353369763206,35.339999999999996,-17.24,1.1666666666666667,192.91666666666666,986.5509166666667,0.6101955828779599,0.0,79.83333333333333,10.166666666666666,143341.7630976,5.0,70.7594262295082,3.863410974499089,2020,419000.0,9229.074889867841
595,KANSAS,COMANCHE,20033,14.114020036429872,40.54533333333334,-12.870666666666667,31.933333333333334,202.73333333333332,702.7743333333334,0.8543570127504553,4.533333333333333,57.13333333333333,7.466666666666667,164443.4813376,5.0,63.69834244080146,4.239379963570127,2020,2068000.0,49004.73933649289
596,KANSAS,COWLEY,20035,14.412027550091073,35.635,-12.775833333333333,4.666666666666667,185.625,1122.1949583333333,0.69409779143898,0.0,79.25,13.25,150720.4433376,5.625,68.23055555555555,4.033157673041894,2020,2896000.0,60207.90020790021
597,KANSAS,CRAWFORD,20037,14.297700364298723,34.83833333333333,-12.535833333333334,1.3333333333333333,187.5,1308.7149166666668,0.5990145719489982,0.0,95.33333333333333,16.75,141419.8814976,8.333333333333334,72.4558970856102,3.41404485428051,2020,329000.0,7167.755991285403
598,KANSAS,DECATUR,20039,12.163977686703095,38.593333333333334,-16.03625,30.916666666666668,229.91666666666666,353.3450833333333,0.8829632285974499,10.208333333333334,46.333333333333336,1.9583333333333335,162448.1316576,0.2916666666666667,59.21417349726776,4.4606239754098365,2020,3094000.0,70800.91533180777
599,KANSAS,DICKINSON,20041,13.339466666666668,36.596,-14.918,12.6,201.16,722.42852,0.7169416393442624,0.0,67.04,7.04,148846.85608320002,4.44,67.06707103825136,3.905450819672131,2020,5608000.0,116107.66045548655
600,KANSAS,DOUGLAS,20045,13.390833333333333,34.723749999999995,-18.0075,1.75,192.5,1062.84,0.6000983606557377,0.0,76.5,11.75,141030.2779776,6.5,70.39381830601093,3.371611338797814,2020,102000.0,2198.2758620689656
601,KANSAS,EDWARDS,20047,13.472469945355192,39.64666666666667,-12.552666666666665,28.133333333333333,204.53333333333333,684.7759333333333,0.8233655737704919,6.133333333333333,59.06666666666666,7.066666666666666,161389.3208256,2.8666666666666667,64.07296903460838,4.6136029143898,2020,4436000.0,85307.69230769231
602,KANSAS,ELLIS,20051,12.817563752276868,38.334583333333335,-13.392916666666666,26.083333333333332,217.75,654.5845416666667,0.7937887067395264,2.6666666666666665,52.916666666666664,6.25,158690.54705760002,3.25,63.198611111111106,4.431743283242259,2020,3755000.0,80406.852248394
603,KANSAS,ELLSWORTH,20053,13.21937462052216,37.14833333333333,-13.823888888888888,18.5,209.05555555555554,748.35,0.7647917425622344,0.9444444444444444,60.55555555555556,8.055555555555555,154401.34277760002,4.166666666666667,65.32530358227079,4.478320582877959,2020,3078000.0,69795.91836734694
604,KANSAS,FINNEY,20055,12.679822035149904,39.1554054054054,-13.69027027027027,31.972972972972972,228.21621621621622,505.2931891891892,0.8621547777285482,5.972972972972973,50.2972972972973,5.081081081081081,166847.2068640865,1.7567567567567568,61.017885098212965,4.541918697385911,2020,3805000.0,93488.94348894348
605,KANSAS,FORD,20057,13.336131928181109,40.13428571428572,-12.457142857142857,35.82142857142857,212.03571428571428,544.5818571428572,0.8790143442622951,9.0,56.214285714285715,3.5357142857142856,164489.30326902858,2.5357142857142856,62.06883294301327,4.75171887197502,2020,7782000.0,151992.1875
606,KANSAS,FRANKLIN,20059,13.47606329690346,34.901666666666664,-16.44,1.0,194.25,1045.8640833333334,0.6042896174863388,0.0,76.16666666666667,10.25,140970.70229760002,5.166666666666667,70.72675318761384,3.5040512295081965,2020,136000.0,3261.3908872901675
607,KANSAS,GOVE,20063,12.355855776736924,39.206785714285715,-15.11,35.32142857142857,232.21428571428572,386.54821428571427,0.857284543325527,4.75,49.82142857142857,2.892857142857143,165462.7745376,1.0714285714285714,60.61693013270882,4.432183450429352,2020,2864000.0,69012.04819277108
608,KANSAS,GRAHAM,20065,12.508007741347907,38.339166666666664,-15.315833333333332,28.083333333333332,224.95833333333334,519.15925,0.835278233151184,4.625,57.125,4.375,158678.4121776,3.3333333333333335,61.51559653916211,4.429821721311475,2020,2596000.0,60092.59259259259
609,KANSAS,GRANT,20067,12.992559198542805,40.77333333333333,-16.186666666666667,40.333333333333336,225.83333333333334,515.8161666666666,0.9264002732240437,11.416666666666666,49.25,5.083333333333333,171333.4514976,0.0,59.68588342440801,4.50031397996357,2020,1896000.0,48000.0
610,KANSAS,GRAY,20069,13.033379781420765,38.562,-13.4515,29.7,219.5,524.81015,0.8827628415300547,6.15,54.15,4.65,166012.4599776,2.9,60.77479508196721,4.684831147540984,2020,4428000.0,98400.0
611,KANSAS,GREELEY,20071,11.942274590163935,39.346875,-15.30625,34.375,240.125,344.946375,0.9404033469945355,15.0625,47.3125,1.375,169616.6289576,0.125,55.94709699453552,4.698554644808743,2020,5110000.0,131701.03092783506
612,KANSAS,GREENWOOD,20073,13.860625379477838,35.93138888888889,-15.33861111111111,2.555555555555556,193.19444444444446,1214.138861111111,0.6468979963570127,0.0,74.19444444444444,13.5,143849.8188576,5.194444444444445,69.55840922890104,3.8850361262902244,2020,115000.0,2521.9298245614036
613,KANSAS,HAMILTON,20075,12.501042622950818,40.1196,-14.808399999999999,37.28,238.12,388.89104,0.9460066666666668,13.879999999999999,40.480000000000004,2.68,171107.7632064,0.4,57.32310382513661,4.461417814207651,2020,3012000.0,82295.08196721312
614,KANSAS,HARPER,20077,14.568910746812385,39.372,-10.597333333333333,36.266666666666666,198.33333333333334,818.0414666666667,0.7951289617486339,2.466666666666667,67.13333333333334,9.266666666666667,159076.9475136,5.333333333333333,66.7552276867031,4.118875227686703,2020,9915000.0,210509.55414012738
615,KANSAS,HARVEY,20079,13.639453551912569,36.468,-15.103,11.3,200.3,842.2287,0.6946825136612023,0.2,74.9,8.5,151449.7075776,5.2,68.59882513661202,4.149173770491803,2020,3646000.0,73805.66801619434
616,KANSAS,HASKELL,20081,12.95337659380692,39.18083333333333,-15.075000000000001,35.833333333333336,224.5,481.58591666666666,0.899898451730419,8.333333333333334,52.0,4.416666666666666,168425.45213760002,1.5833333333333335,60.61072404371585,4.599037568306011,2020,2338000.0,50496.76025917927
617,KANSAS,HODGEMAN,20083,13.189396304970074,39.1,-12.405238095238095,38.42857142857143,215.23809523809524,561.9267619047619,0.8650870413739267,6.857142857142858,52.04761904761905,4.714285714285714,163851.30643474287,3.4761904761904763,62.01091595107989,4.591478011969816,2020,3859000.0,88306.63615560641
618,KANSAS,JEFFERSON,20087,13.119681238615664,35.119166666666665,-16.986666666666668,1.0,196.0,975.1923333333333,0.6226723588342441,0.0,75.5,11.75,141814.5768576,6.083333333333334,68.85029599271402,3.470801912568306,2020,36900.0,860.1398601398602
619,KANSAS,JEWELL,20089,12.41068533697632,36.04666666666667,-16.028333333333332,14.166666666666666,215.0,759.485125,0.7174598132969034,1.5416666666666667,67.91666666666667,7.666666666666667,150987.1327776,4.875,65.47118624772314,4.118855418943534,2020,2833000.0,68595.64164648911
620,KANSAS,JOHNSON,20091,13.241306921675775,34.44583333333333,-16.19666666666667,0.25,192.33333333333334,945.6060833333333,0.5722825591985429,0.0,73.41666666666667,9.416666666666666,139282.2929376,6.916666666666667,71.3216985428051,3.1734861111111115,2020,73400.0,1631.111111111111
621,KANSAS,KEARNY,20093,12.448327868852457,39.472500000000004,-13.982,29.6,233.55,440.88415,0.8766907103825137,5.95,46.75,4.1,169323.8626656,0.0,59.73816939890711,4.53336762295082,2020,3038000.0,77897.43589743589
622,KANSAS,KINGMAN,20095,14.186112412177986,38.602380952380955,-11.598571428571429,28.476190476190474,197.47619047619048,747.0458571428571,0.7916286755139214,3.4761904761904763,66.85714285714286,8.142857142857142,156771.48677760002,3.2857142857142856,65.74497788186314,4.420069476971117,2020,7426000.0,159698.9247311828
623,KANSAS,KIOWA,20097,13.613182149362478,40.08133333333333,-12.165333333333333,27.2,205.13333333333333,678.128,0.8297666666666667,5.133333333333333,59.8,5.466666666666667,162426.25157760002,3.6666666666666665,64.10377049180327,4.665785428051002,2020,2570000.0,51606.42570281125
624,KANSAS,LABETTE,20099,14.526937613843353,34.975,-11.516666666666666,2.0833333333333335,183.5,1408.5975833333332,0.6123472222222222,0.0,94.75,17.166666666666668,141713.2145376,8.166666666666666,72.11518670309654,3.4694567395264113,2020,457000.0,11808.785529715762
625,KANSAS,LANE,20101,12.537954234972677,39.37125,-14.7875,32.625,226.9375,500.490625,0.8457529030054646,4.9375,52.75,5.125,166116.3851376,0.625,60.982342896174856,4.69743049863388,2020,2636000.0,64607.84313725491
626,KANSAS,LEAVENWORTH,20103,13.060227686703096,34.73166666666666,-17.183333333333334,0.6666666666666666,196.91666666666666,868.84075,0.5881691712204007,0.0,73.25,8.583333333333334,140391.45797760002,7.666666666666667,70.79519581056466,3.1922877959927143,2020,43100.0,1051.219512195122
627,KANSAS,LINCOLN,20105,13.107367941712205,37.16833333333333,-14.04,21.055555555555557,213.72222222222223,866.4601111111111,0.7597100789313904,1.0555555555555556,57.5,9.88888888888889,154479.13541760002,4.0,65.09031572556162,4.1123557984213726,2020,3378000.0,75910.11235955056
628,KANSAS,LOGAN,20109,12.156888173302109,39.49321428571428,-14.959285714285715,35.25,238.39285714285714,304.62417857142856,0.9174873145979703,9.178571428571429,45.67857142857143,1.0357142857142856,170426.04228617143,0.6071428571428571,57.517847384855585,4.414221799375488,2020,3089000.0,75710.7843137255
629,KANSAS,LYON,20111,13.365446265938068,35.122499999999995,-18.927083333333332,1.5416666666666667,198.16666666666666,980.0732083333334,0.6323414162112933,0.0,76.625,11.5,143951.6884176,5.041666666666667,69.56456056466303,3.832509335154827,2020,361000.0,8514.150943396227
630,KANSAS,MARION,20115,13.453146448087432,35.724000000000004,-16.4568,5.36,196.64000000000001,859.77784,0.6744544262295082,0.0,74.96,9.0,148879.38533760002,4.64,68.48503825136612,4.181531584699454,2020,4801000.0,96405.62248995985
631,KANSAS,MARSHALL,20117,12.226205601092897,36.60666666666667,-16.952916666666667,2.4166666666666665,208.08333333333334,860.1637916666667,0.6273870673952642,0.0,69.16666666666667,9.708333333333334,144311.0569776,5.208333333333333,68.29170081967213,3.7957667349726774,2020,322000.0,6865.671641791045
632,KANSAS,MCPHERSON,20113,13.364080601092896,36.554500000000004,-15.352500000000001,13.05,203.8,787.6892,0.7036304644808743,0.15,70.35,7.6,151775.7021216,4.45,68.14494535519125,4.271519672131148,2020,9306000.0,180699.0291262136
633,KANSAS,MEADE,20119,13.609353369763207,39.94916666666666,-14.822916666666666,40.416666666666664,214.08333333333334,517.6570833333334,0.9331128187613844,9.25,51.583333333333336,4.875,168480.15845760002,2.125,60.344353369763205,4.377730874316939,2020,3214000.0,71901.56599552573
634,KANSAS,MITCHELL,20123,12.82864146933819,37.38722222222222,-14.780000000000001,16.444444444444443,213.77777777777777,919.5696111111112,0.727197328476017,0.7222222222222222,60.0,9.777777777777779,152579.94869760002,4.055555555555555,65.61498178506375,4.022628718882817,2020,4570000.0,102696.62921348315
635,KANSAS,MONTGOMERY,20125,14.627618397085609,36.87583333333333,-11.6225,3.8333333333333335,183.66666666666666,1265.7753333333333,0.6376889799635702,0.0,89.08333333333333,14.083333333333334,141995.4977376,6.5,71.39253187613843,3.5296234061930782,2020,839000.0,19602.803738317758
636,KANSAS,MORRIS,20127,13.112650273224043,35.166666666666664,-17.787777777777777,2.111111111111111,198.61111111111111,821.4023888888889,0.653944292653309,0.0,74.05555555555556,8.722222222222221,147918.56741760002,4.277777777777778,68.07389192471159,4.082031724347298,2020,866000.0,18908.296943231442
637,KANSAS,MORTON,20129,13.730045537340619,40.848,-12.84,48.0,216.66666666666666,398.37833333333333,1.051124408014572,23.6,49.46666666666667,3.7333333333333334,175700.04024960002,0.2,55.56826958105647,4.833163387978142,2020,998000.0,41583.333333333336
638,KANSAS,NEMAHA,20131,12.38154713114754,35.98,-17.375,1.5625,204.0,814.0596875,0.6123328210382514,0.0,67.0625,8.4375,144487.7159976,4.6875,68.63666325136612,3.837801400273224,2020,132000.0,2832.6180257510728
639,KANSAS,NESS,20135,12.7126512490242,38.69285714285714,-13.773928571428572,30.107142857142858,221.42857142857142,640.2621071428572,0.7988113778298205,2.75,53.107142857142854,5.285714285714286,163286.63100617143,1.8214285714285714,63.35188329430133,4.467389441842311,2020,4234000.0,94298.44097995546
640,KANSAS,NORTON,20137,12.231464480874317,37.964,-16.4865,26.8,227.3,472.27845,0.8369301912568305,6.0,55.25,3.7,157467.6261216,2.8,61.483251366120214,4.345679098360656,2020,1742000.0,40796.25292740046
641,KANSAS,OSAGE,20139,13.4389924863388,35.568125,-19.66,3.5625,195.1875,950.03575,0.6482587090163935,0.0,76.875,11.0625,142938.9484776,4.4375,68.9338456284153,3.7705901639344264,2020,252000.0,4692.737430167597
642,KANSAS,OSBORNE,20141,12.821310336976321,38.3525,-14.495,19.541666666666668,216.16666666666666,799.9647916666667,0.7783093123861565,1.5416666666666667,59.208333333333336,7.083333333333333,155438.3574576,4.833333333333333,63.5897427140255,4.252726092896175,2020,3045000.0,76893.93939393939
643,KANSAS,OTTAWA,20143,12.998872191863995,36.79611111111112,-14.58888888888889,13.166666666666666,210.38888888888889,918.8022222222222,0.707350789313904,0.0,59.0,9.833333333333334,150950.10437760002,4.944444444444445,66.61334244080146,3.9276929265330907,2020,3412000.0,77899.54337899544
644,KANSAS,PAWNEE,20145,13.099081446786366,38.99190476190476,-12.864761904761902,24.095238095238095,209.95238095238096,755.5758571428571,0.7722957325006504,2.571428571428571,56.666666666666664,8.857142857142858,160092.82168045716,4.095238095238095,65.24020296643248,4.463044236273745,2020,5697000.0,117706.61157024794
645,KANSAS,PHILLIPS,20147,12.314019808743168,38.78125,-14.974166666666667,25.166666666666668,223.0,644.8959583333333,0.8087690118397085,3.875,60.666666666666664,6.291666666666667,154930.1972976,3.25,62.484426229508195,4.115185223132969,2020,2119000.0,52711.442786069645
646,KANSAS,PRATT,20151,13.757413479052822,38.74466666666667,-12.171333333333333,25.333333333333332,204.06666666666666,731.8204666666667,0.7959872495446266,3.1333333333333333,65.2,7.466666666666667,159467.2531776,3.8666666666666667,65.35455373406192,4.497210200364298,2020,6923000.0,133391.13680154143
647,KANSAS,RAWLINS,20153,11.875024395003903,39.72821428571429,-16.395,33.25,233.0,359.8065357142857,0.9056893052302888,11.892857142857142,48.17857142857143,2.392857142857143,168876.91836617145,0.5357142857142857,57.23208430913349,4.4978569476971115,2020,4163000.0,101289.53771289537
648,KANSAS,RENO,20155,13.69999231557377,37.6875,-12.99625,19.0625,201.375,845.648875,0.7329363046448087,2.40625,69.25,9.625,154913.53973760002,5.15625,67.46704234972678,4.3341689719945355,2020,10097000.0,189793.23308270675
649,KANSAS,REPUBLIC,20157,12.310787795992713,35.794444444444444,-16.589444444444446,4.888888888888889,211.55555555555554,942.4102777777778,0.6757923497267759,0.3333333333333333,70.77777777777777,8.0,148762.2475776,5.611111111111111,66.70622343655131,4.002676533090468,2020,1204000.0,28196.72131147541
650,KANSAS,RICE,20159,13.20407650273224,37.24333333333333,-13.315333333333333,17.2,208.0,818.5370666666666,0.7248666666666667,1.4666666666666668,63.86666666666667,8.4,154788.0313536,5.8,67.59158469945355,4.395008378870673,2020,6790000.0,140000.0
651,KANSAS,RILEY,20161,12.755566318926974,35.807272727272725,-15.759545454545453,4.2272727272727275,206.95454545454547,824.4663636363637,0.6529805017386985,0.0,63.86363636363636,9.136363636363637,146443.58436305454,4.954545454545455,67.93612767014406,3.6449729259811225,2020,284000.0,6604.6511627906975
652,KANSAS,ROOKS,20163,12.792622950819673,38.78541666666667,-14.0075,28.333333333333332,219.375,627.0417916666667,0.8344747267759564,4.208333333333333,56.208333333333336,6.291666666666667,157134.36641760002,3.6666666666666665,61.836327413479054,4.335043032786885,2020,2811000.0,68394.1605839416
653,KANSAS,RUSH,20165,12.917872495446266,38.565333333333335,-13.297333333333334,24.2,213.53333333333333,751.6310666666667,0.7715692167577414,1.7333333333333334,54.4,7.466666666666667,159545.51832960002,3.0,64.47105646630237,4.460383788706739,2020,4256000.0,97391.30434782608
654,KANSAS,RUSSELL,20167,13.02061612021858,37.485,-13.7105,23.0,214.9,766.0249,0.7847994535519126,1.8,52.75,8.35,157117.42143360002,4.55,63.916311475409834,4.375369945355191,2020,2973000.0,65197.368421052626
655,KANSAS,SALINE,20169,13.390193078324225,37.16466666666667,-14.112666666666666,18.8,206.13333333333333,763.1527333333333,0.7320761384335155,0.26666666666666666,64.26666666666667,7.866666666666667,150323.2445376,4.866666666666666,66.9935883424408,3.9939409836065574,2020,4911000.0,106993.46405228759
656,KANSAS,SCOTT,20171,12.278777322404371,39.135625,-14.483125,30.1875,234.125,415.70625,0.8590469603825136,7.0,49.375,3.9375,167810.2776576,0.0,59.801502732240436,4.64196875,2020,3567000.0,99083.33333333333
657,KANSAS,SEDGWICK,20173,14.008553936450113,36.69851851851852,-13.596666666666668,14.11111111111111,196.25925925925927,791.6934444444445,0.7102174660999797,0.4444444444444444,72.29629629629629,7.037037037037037,152840.0608576,6.333333333333333,68.6634790528233,4.034609087229305,2020,6766000.0,137800.40733197556
658,KANSAS,SEWARD,20175,13.520692167577414,40.99333333333333,-16.633333333333333,47.833333333333336,218.08333333333334,433.0175,0.9756236338797815,16.666666666666668,48.166666666666664,3.25,170224.24469760002,1.5,59.399408014571954,4.543104735883424,2020,1804000.0,37505.1975051975
659,KANSAS,SHAWNEE,20177,13.226193078324226,35.690000000000005,-17.03666666666667,2.2,198.2,1007.1290666666666,0.6306391621129326,0.0,73.46666666666667,11.6,143249.2808256,4.4,69.0496174863388,3.472356830601093,2020,29300.0,670.4805491990846
660,KANSAS,SHERIDAN,20179,12.270469945355192,38.2895,-15.593,30.5,229.65,361.22365,0.8645965846994534,7.3,48.25,2.5,166141.0478016,0.45,59.874453551912566,4.670109016393442,2020,2827000.0,60405.982905982906
661,KANSAS,SHERMAN,20181,11.466506635441062,39.283928571428575,-16.47714285714286,27.892857142857142,239.14285714285714,327.1329642857143,0.9123999804839968,10.892857142857142,49.857142857142854,1.1428571428571428,164863.90744045714,1.0714285714285714,55.97438524590164,4.6851455893832945,2020,3912000.0,106594.00544959128
662,KANSAS,SMITH,20183,12.390356329690347,39.1575,-15.459166666666667,22.416666666666668,221.08333333333334,638.7998333333334,0.7811067850637523,3.875,61.375,6.5,153443.8274976,3.75,63.36928506375227,4.15384847449909,2020,2868000.0,74493.50649350649
663,KANSAS,STAFFORD,20185,13.359648907103827,37.9825,-12.716,19.55,205.75,798.89315,0.7522331967213114,2.9,62.5,9.85,158715.3807936,4.35,66.57392076502732,4.497997950819673,2020,5612000.0,113603.23886639676
664,KANSAS,STEVENS,20189,13.375688524590165,40.507333333333335,-16.188666666666666,43.0,217.06666666666666,472.5462,0.963547723132969,16.333333333333332,50.46666666666667,4.4,173441.47973760002,0.4666666666666667,59.12604735883425,4.713343533697632,2020,2440000.0,51694.91525423728
665,KANSAS,SUMNER,20191,14.511835480093676,37.45392857142857,-12.242499999999998,19.57142857142857,189.89285714285714,910.1256071428571,0.7313192818110851,0.6785714285714286,74.46428571428571,10.071428571428571,154041.54187474286,5.321428571428571,68.55227361436378,4.04737656128025,2020,14139000.0,287378.0487804878
666,KANSAS,THOMAS,20193,11.982448282591726,39.61607142857143,-15.641785714285716,33.607142857142854,234.85714285714286,265.63582142857143,0.9171905737704918,11.142857142857142,41.857142857142854,1.0,174227.93913188574,0.8928571428571429,57.028610460577674,4.760733216237314,2020,3644000.0,107810.65088757397
667,KANSAS,TREGO,20195,12.67762864298725,38.91041666666667,-13.89875,31.875,223.91666666666666,498.776875,0.8274278233151184,3.0833333333333335,52.5,3.375,161082.37373760002,2.208333333333333,61.94830373406193,4.503250341530054,2020,3200000.0,73394.49541284403
668,KANSAS,WABAUNSEE,20197,13.047694851883808,35.62105263157895,-17.283684210526314,2.052631578947368,201.0,796.6826842105263,0.6469414725337935,0.0,69.89473684210526,8.789473684210526,147033.1273839158,4.0,68.26417888984757,3.7821163359217715,2020,47400.0,1338.9830508474577
669,KANSAS,WALLACE,20199,11.819132513661202,39.11875,-16.542916666666667,33.25,239.16666666666666,321.545875,0.9392856329690347,12.75,50.583333333333336,0.5833333333333333,166448.7356976,0.75,55.30308515482695,4.518255464480874,2020,1870000.0,51800.554016620496
670,KANSAS,WASHINGTON,20201,12.254308970856103,36.52708333333333,-16.73125,3.25,210.54166666666666,934.78325,0.6532831284153005,0.0,70.04166666666667,9.0,146782.8972576,5.25,67.5688752276867,3.8942758424408015,2020,990000.0,21902.654867256635
671,KANSAS,WICHITA,20203,12.15870218579235,39.395625,-15.169374999999999,30.75,238.1875,359.9145,0.9026227800546448,9.5625,48.1875,2.25,169356.62975760002,0.3125,57.8448087431694,4.733541325136612,2020,4084000.0,102100.0
672,KANSAS,WILSON,20205,14.358581511839708,37.655833333333334,-13.0075,7.583333333333333,188.58333333333334,1366.46725,0.6489141621129325,0.0,83.66666666666667,17.666666666666668,143324.6040576,5.583333333333333,70.98021402550091,3.6475439435336976,2020,638000.0,13809.52380952381
673,KANSAS,WOODSON,20207,13.885918715846994,36.84875,-14.95875,6.5,192.375,1199.47425,0.6292698087431694,0.0,81.875,15.625,143378.97017760001,5.0,71.31137295081967,3.770654030054645,2020,174000.0,4018.4757505773673
674,SOUTH DAKOTA,BROOKINGS,46011,7.391048659901119,34.555238095238096,-28.991428571428575,0.5714285714285714,241.9047619047619,478.3030476190476,0.4486621129326047,0.0,57.38095238095238,3.4761904761904763,138583.9769718857,5.857142857142857,73.18277387457715,4.196337756960707,2020,26000.0,389.8050974512743
675,SOUTH DAKOTA,CHARLES MIX,46023,9.836493950039033,36.72625,-23.759642857142858,5.357142857142857,229.51785714285714,583.8997857142857,0.6185489363778298,0.26785714285714285,48.035714285714285,5.517857142857142,146915.72949188572,1.625,66.22060889929742,3.836673155737705,2020,1285000.0,18304.843304843303
676,SOUTH DAKOTA,DAVISON,46035,9.087407407407406,35.49555555555556,-27.743333333333332,2.7777777777777777,230.44444444444446,540.1401111111111,0.566991196114147,0.0,46.77777777777778,4.777777777777778,143351.1667776,4.222222222222222,68.66123254401943,4.077069823922283,2020,327000.0,4808.823529411765
677,SOUTH DAKOTA,GRANT,46051,7.4386104605776735,34.36857142857143,-28.765238095238097,1.2380952380952381,238.66666666666666,387.2055238095238,0.5145068956544366,0.19047619047619047,50.095238095238095,3.1904761904761902,140054.12193188572,4.0,68.85094977881863,4.140805360395524,2020,29800.0,479.87117552334945
678,SOUTH DAKOTA,HAAKON,46055,9.08994757052134,38.928783783783786,-24.236756756756755,17.77027027027027,251.52702702702703,439.22258108108105,0.7203942549106483,2.945945945945946,55.148648648648646,2.054054054054054,150224.1033786811,1.0945945945945945,60.9478806675528,3.911332521045636,2020,3761000.0,64290.59829059829
679,SOUTH DAKOTA,HUGHES,46065,9.201723074211175,38.91903225806452,-25.60741935483871,12.193548387096774,244.4516129032258,360.78716129032256,0.6538517539220872,0.03225806451612903,47.54838709677419,2.6129032258064515,147163.2344008258,1.7741935483870968,64.9214172395558,4.079989599858981,2020,1971000.0,30000.0
680,SOUTH DAKOTA,JACKSON,46071,9.922321162444113,40.28727272727273,-21.54969696969697,25.37878787878788,249.43939393939394,473.6711363636364,0.7786196390130816,3.515151515151515,60.34848484848485,2.196969696969697,151840.80673396363,1.4393939393939394,60.04088425235967,3.947974623282,2020,830000.0,16801.619433198382
681,SOUTH DAKOTA,JERAULD,46073,8.72037795992714,35.20666666666666,-26.5625,0.9166666666666666,236.41666666666666,546.6878333333333,0.5502720856102004,0.0,47.916666666666664,5.166666666666667,144397.37957760002,3.6666666666666665,68.00366575591985,4.125077413479053,2020,215000.0,3097.9827089337173
682,SOUTH DAKOTA,JONES,46075,9.842508372994889,40.56225806451613,-24.462580645161292,20.258064516129032,241.38709677419354,388.0216129032258,0.7623667371760974,2.5483870967741935,51.225806451612904,2.6774193548387095,150805.0735543742,2.3548387096774195,59.85787061519478,4.096227481050591,2020,1132000.0,22504.970178926444
683,SOUTH DAKOTA,LYMAN,46085,9.937262756869083,38.7743661971831,-22.087605633802816,8.95774647887324,236.83098591549296,397.68539436619716,0.6947067651812514,0.09859154929577464,43.36619718309859,3.197183098591549,147345.25939281128,2.169014084507042,62.63042792272763,4.078354575540676,2020,2803000.0,44003.13971742543
684,SOUTH DAKOTA,PENNINGTON,46103,8.52358893001939,37.1091935483871,-20.057096774193546,14.70967741935484,258.2983870967742,377.4738790322581,0.7369839150361361,3.8225806451612905,61.16129032258065,1.3951612903225805,151968.62639566453,0.8467741935483871,57.906048387096774,3.6552966684294024,2020,1705000.0,42098.765432098764
685,SOUTH DAKOTA,POTTER,46107,7.573182009247583,36.75653846153846,-29.241923076923076,4.730769230769231,248.69230769230768,519.3756153846153,0.551427700714586,0.0,51.26923076923077,4.230769230769231,148014.74597760002,0.7307692307692308,67.4770071458596,4.227142812105927,2020,1272000.0,18705.882352941175
686,SOUTH DAKOTA,STANLEY,46117,9.593459294248403,39.93813559322034,-22.82677966101695,18.23728813559322,242.864406779661,433.8242033898305,0.7233877929054368,1.9322033898305087,51.983050847457626,3.101694915254237,148527.75300675255,1.4067796610169492,61.30495971103084,4.01862457164027,2020,3176000.0,51980.36006546645
687,SOUTH DAKOTA,SULLY,46119,8.183697632058287,37.575833333333335,-29.488055555555555,10.027777777777779,246.19444444444446,463.90833333333336,0.5940460686095932,0.0,49.5,3.694444444444444,148306.9308576,1.4444444444444444,66.65360503946569,4.074213266545233,2020,4048000.0,60963.85542168674
688,SOUTH DAKOTA,TODD,46121,10.064615830435503,39.46515151515151,-21.045454545454547,15.575757575757576,241.6060606060606,534.871,0.7492410995197881,2.909090909090909,61.84848484848485,4.090909090909091,151873.63546123638,2.0,60.98539493293592,4.527172545123365,2020,175000.0,3638.253638253638
689,SOUTH DAKOTA,TRIPP,46123,10.134115925058548,38.239285714285714,-22.332321428571426,10.5,236.48214285714286,533.3019821428571,0.7097121877439501,0.5,52.05357142857143,4.464285714285714,148689.0052518857,2.1785714285714284,62.39379391100702,4.294817574160812,2020,2105000.0,34006.4620355412
690,SOUTH DAKOTA,TURNER,46125,9.335739412568305,36.310625,-26.29,4.5625,226.5,481.7080625,0.5820426912568306,0.0,55.25,3.125,140775.44765760002,6.5,68.31512978142077,4.108368169398907,2020,89000.0,1260.6232294617564
691,SOUTH DAKOTA,WALWORTH,46129,7.588247640337804,36.01,-28.636363636363637,4.2727272727272725,250.45454545454547,382.59863636363633,0.5814207650273224,0.0,44.45454545454545,2.8181818181818183,147826.35784669092,0.7727272727272727,65.74730501738699,4.210027570789866,2020,157000.0,2808.586762075134
692,SOUTH DAKOTA,YANKTON,46135,9.87160746812386,35.321666666666665,-23.690833333333334,3.8333333333333335,223.41666666666666,497.3618333333333,0.6064023224043716,0.0,58.25,3.6666666666666665,139892.1523776,4.333333333333334,67.42447632058288,3.9453192167577416,2020,39000.0,679.4425087108015
693,SOUTH DAKOTA,ZIEBACH,46137,8.392395379400982,37.742278481012654,-24.414556962025316,10.075949367088608,254.91139240506328,416.45451898734177,0.6651805353807844,1.2025316455696204,50.949367088607595,2.6582278481012658,150674.6065062076,0.8607594936708861,62.46794286504807,4.003171024417237,2020,1430000.0,26000.0
694,TEXAS,ARCHER,48009,18.033788251366122,41.407,-11.999500000000001,48.15,146.65,810.78475,1.0174362021857923,15.0,54.2,9.05,167200.8565536,5.2,63.802199453551914,3.791346038251366,2020,480000.0,29813.66459627329
695,TEXAS,ARMSTRONG,48011,15.535848360655738,42.0595,-9.6,42.65,193.5,290.28794999999997,1.1840954918032787,25.75,39.75,1.1,181435.9926816,0.0,52.37342896174863,4.298147404371584,2020,614000.0,26016.949152542373
696,TEXAS,BAYLOR,48023,18.172982240437157,41.415499999999994,-13.971,52.449999999999996,146.7,719.76365,1.1060834699453552,19.25,54.6,9.2,170357.8887936,4.75,60.58301912568306,3.9976689890710384,2020,1708000.0,59100.34602076125
697,TEXAS,BELL,48027,20.15647668064557,40.24813953488372,-4.145813953488372,56.46511627906977,103.5813953488372,724.4737906976744,0.9666511627906977,8.186046511627907,75.3953488372093,6.651162790697675,155329.19135062327,3.8139534883720927,68.00976617105096,3.517758673274876,2020,536000.0,13105.13447432763
698,TEXAS,BEXAR,48029,21.25952641165756,40.8352380952381,-2.6988095238095235,67.38095238095238,90.64285714285714,686.9333333333333,1.0410308352849336,5.0476190476190474,79.14285714285714,5.833333333333333,158610.04668617144,2.261904761904762,66.52364689045017,3.050796383034088,2020,42900.0,1449.3243243243242
699,TEXAS,BRISCOE,48045,16.409118852459017,43.0045,-8.459999999999999,56.9,183.6,249.26855,1.2705901639344261,34.9,38.35,1.1500000000000001,180234.0965376,0.1,51.46023224043716,4.072156693989071,2020,218000.0,13292.68292682927
700,TEXAS,BROWN,48049,18.846672738312083,42.135555555555555,-5.163703703703703,61.77777777777778,132.74074074074073,537.0721111111111,1.1336709168184578,24.88888888888889,47.074074074074076,6.407407407407407,169821.8982976,1.8888888888888888,61.131866019024486,3.483657356810362,2020,66100.0,1990.9638554216865
701,TEXAS,CALLAHAN,48059,18.41898224043716,40.9425,-7.567,52.7,136.85,562.6139499999999,1.1433704918032785,21.6,47.75,5.5,171763.8466176,3.45,59.001666666666665,3.9569189890710383,2020,297000.0,7369.727047146403
702,TEXAS,CARSON,48065,15.21298087431694,41.9185,-10.4895,39.2,194.6,318.20195,1.182802732240437,27.75,43.35,2.3,180511.9684416,0.15000000000000002,52.338060109289614,5.071471038251366,2020,1272000.0,44013.84083044983
703,TEXAS,CASTRO,48069,15.034657103825138,39.944,-11.6675,38.1,205.1,222.1128,1.2064232240437158,27.4,38.7,0.15000000000000002,184701.3165216,0.2,50.787964480874315,4.582731420765027,2020,598000.0,20000.0
704,TEXAS,CHILDRESS,48075,17.133784153005465,44.0275,-7.769375,63.8125,175.0,472.7888125,1.1970478142076504,30.25,47.75,3.5625,174891.48935760002,0.625,56.19520150273224,3.9189426229508197,2020,309000.0,16978.021978021978
705,TEXAS,CLAY,48077,17.758964159434267,41.45411764705882,-9.67235294117647,32.11764705882353,146.91176470588235,1067.919205882353,0.9166481035036965,7.264705882352941,58.55882352941177,12.235294117647058,163956.18127171765,5.029411764705882,65.84301671488268,3.681425827708132,2020,357000.0,16081.081081081082
706,TEXAS,COKE,48081,18.778418336369157,42.47888888888889,-8.602222222222222,78.27777777777777,139.27777777777777,455.1838888888889,1.3167604735883425,42.44444444444444,41.888888888888886,5.444444444444445,177138.7555776,3.0,55.02320886460231,3.5835856102003643,2020,158000.0,5410.958904109589
707,TEXAS,COLEMAN,48083,18.889930523028884,41.34742857142857,-5.676285714285714,62.714285714285715,132.11428571428573,433.7436285714286,1.1906368462138952,24.114285714285714,43.77142857142857,4.742857142857143,171023.9840393143,2.2,58.63803278688525,3.433713270882123,2020,483000.0,16712.80276816609
708,TEXAS,COLLIN,48085,18.711881147540982,38.8015,-3.594,21.1,119.15,1038.68125,0.8379569672131147,0.5,78.95,10.2,152099.4260736,4.9,68.92034153005464,3.560404781420765,2020,258000.0,5524.625267665952
709,TEXAS,COLLINGSWORTH,48087,16.183945355191256,42.859500000000004,-9.472,47.85,182.85,396.01505,1.0915982240437159,19.65,48.3,2.85,174954.22234560002,0.85,57.615163934426235,4.114881557377049,2020,87400.0,3400.7782101167318
710,TEXAS,CONCHO,48095,19.211641530054646,40.9692,-5.188400000000001,66.08,129.08,411.6326,1.227946775956284,25.12,39.2,3.7199999999999998,174031.1770176,2.84,57.90650273224043,3.6265616393442626,2020,695000.0,24910.394265232975
711,TEXAS,COOKE,48097,17.706799863387978,38.569583333333334,-3.9116666666666666,15.791666666666666,137.08333333333334,1287.3686666666667,0.7895135473588342,0.625,75.83333333333333,15.333333333333334,155110.4633376,6.583333333333334,69.05007969034608,3.204021744080146,2020,321000.0,8447.368421052632
712,TEXAS,CORYELL,48099,19.64946786364819,40.92357142857143,-3.886428571428571,52.214285714285715,112.16666666666667,928.1876904761905,0.993333398386677,12.666666666666666,63.69047619047619,10.428571428571429,159664.15486902857,4.571428571428571,66.35439110070257,3.3299220660941975,2020,277000.0,7157.6227390180875
713,TEXAS,COTTLE,48101,17.61672950819672,44.5695,-7.4845,67.9,163.6,564.73405,1.2517157103825136,35.2,45.0,5.15,175167.9539136,0.55,55.14322404371584,4.075522267759562,2020,62500.0,4401.408450704225
714,TEXAS,CROSBY,48107,17.04686612021858,43.6055,-8.7775,54.35,170.0,308.56875,1.3451005464480874,41.35,40.85,1.55,181378.4122656,0.15,49.72616120218579,4.2925102459016395,2020,165000.0,7783.018867924528
715,TEXAS,DALLAM,48111,13.710327868852458,38.580000000000005,-12.942222222222222,41.05555555555556,221.25,256.5280833333333,1.1372859744990893,23.916666666666668,40.25,0.75,183284.75957760002,0.25,50.42402094717668,4.889116499696418,2020,946000.0,25092.83819628647
716,TEXAS,DEAF SMITH,48117,14.740850789313903,40.441944444444445,-11.314722222222223,42.22222222222222,207.16666666666666,275.54952777777777,1.2400245901639344,32.916666666666664,39.80555555555556,0.9722222222222222,185544.8964576,0.027777777777777776,49.10475106253794,4.758709623557984,2020,2995000.0,101182.43243243243
717,TEXAS,DENTON,48121,18.811306921675776,39.280833333333334,-3.143333333333333,25.958333333333332,120.58333333333333,970.78525,0.8964779143897995,2.8333333333333335,72.125,10.416666666666666,154736.22173760002,3.9583333333333335,67.5219489981785,3.3777291666666667,2020,304000.0,10704.225352112677
718,TEXAS,ELLIS,48139,19.350421675774136,39.63066666666667,-3.5223333333333335,32.03333333333333,110.76666666666667,1020.0370666666666,0.8614319672131148,1.8666666666666667,74.66666666666667,11.066666666666666,150790.9893696,6.366666666666667,69.39248633879782,3.7929728597449905,2020,1114000.0,20706.31970260223
719,TEXAS,FALLS,48145,20.052200866779724,40.021379310344834,-3.3455172413793104,51.758620689655174,102.3103448275862,921.1816551724138,0.869432070849821,3.275862068965517,83.10344827586206,8.931034482758621,151275.23290725518,4.793103448275862,71.08170341058978,3.9671217260222345,2020,473000.0,11208.530805687204
720,TEXAS,FANNIN,48147,17.858623633879784,38.61708333333333,-3.9904166666666665,20.291666666666668,134.08333333333334,1128.8895833333333,0.7380737704918032,0.0,88.625,13.458333333333334,149193.3643776,6.625,71.72128870673953,3.4544476320582875,2020,553000.0,11402.061855670103
721,TEXAS,FISHER,48151,18.443950819672132,44.1105,-12.149,77.8,145.7,485.4672,1.324762431693989,46.05,42.25,5.1000000000000005,175534.6778496,2.45,54.787718579234976,4.042637295081968,2020,533000.0,20901.960784313724
722,TEXAS,FLOYD,48153,16.27555956284153,42.638400000000004,-10.414000000000001,45.92,178.8,241.40976,1.2739792349726777,34.96,39.96,0.6,180360.55589760002,0.04,50.86194535519126,4.631707213114755,2020,1422000.0,56880.0
723,TEXAS,FOARD,48155,17.966718032786886,44.1464,-11.3708,65.0,157.68,639.29524,1.2112290710382514,31.0,52.52,7.24,172240.91441280002,1.92,56.824251366120215,4.094600109289617,2020,750000.0,37313.432835820895
724,TEXAS,GILLESPIE,48171,18.90564272703617,39.44714285714286,-4.253809523809524,23.666666666666668,115.95238095238095,580.6687619047619,0.9399313036690086,4.285714285714286,53.523809523809526,5.666666666666666,162284.39553188573,3.4285714285714284,65.51540463179808,3.381883554514702,2020,48500.0,1370.0564971751412
725,TEXAS,GLASSCOCK,48173,18.902939890710382,43.0715,-12.136,85.0,135.65,289.98825,1.4828571038251366,63.2,34.2,3.1999999999999997,183954.7051776,2.85,50.11266393442623,4.503521448087431,2020,37400.0,2428.5714285714284
726,TEXAS,GRAY,48179,15.159777322404372,41.683499999999995,-10.003,36.75,195.7,332.35200000000003,1.0994625683060109,20.55,47.25,1.55,177736.6855296,0.75,55.33304644808743,4.840175683060109,2020,888000.0,27407.40740740741
727,TEXAS,GRAYSON,48181,17.927280178837556,37.693939393939395,-4.202121212121212,17.363636363636363,131.8181818181818,1180.0530303030303,0.7692046696472926,0.06060606060606061,82.60606060606061,12.878787878787879,153995.1942685091,6.454545454545455,70.4181487001159,3.359157062427554,2020,542000.0,12402.74599542334
728,TEXAS,GUADALUPE,48187,21.282514637002343,40.450357142857136,-2.429642857142857,60.392857142857146,90.0,686.8342857142857,0.9516330991412958,2.071428571428571,82.71428571428571,5.642857142857142,156850.82830902858,3.6071428571428568,69.45547423887588,3.4569178376268543,2020,78600.0,2900.3690036900366
729,TEXAS,HALE,48189,15.738826229508197,41.3552,-11.6304,41.36,190.96,224.17704,1.243647213114754,32.96,37.84,0.76,183310.47342720002,0.12,51.09181420765027,4.509889945355191,2020,1292000.0,43501.6835016835
730,TEXAS,HAMILTON,48193,19.085181561783887,40.538709677419355,-3.5493548387096774,43.61290322580645,121.45161290322581,761.7202258064516,0.9856215406310594,12.064516129032258,56.70967741935484,9.419354838709678,161384.93332211615,3.5161290322580645,65.6119601621717,3.3978684999118633,2020,121000.0,3226.6666666666665
731,TEXAS,HANSFORD,48195,14.66774180327869,41.03,-10.9885,47.6,200.55,365.73215,1.1538198087431695,32.7,49.6,2.4000000000000004,178470.4435776,0.85,53.091489071038254,4.931466803278688,2020,2590000.0,89619.37716262977
732,TEXAS,HARDEMAN,48197,17.620520426749934,43.94904761904762,-8.926190476190476,62.80952380952381,164.04761904761904,586.8807619047619,1.1772896174863388,25.857142857142858,51.047619047619044,6.714285714285714,171576.4160118857,0.8571428571428571,57.217577413479056,4.178276346604216,2020,581000.0,33976.6081871345
733,TEXAS,HARTLEY,48205,14.131316029143898,39.47666666666667,-11.555277777777778,48.333333333333336,217.72222222222223,285.03341666666665,1.1674094565877353,25.97222222222222,38.361111111111114,1.1666666666666667,183728.2248576,0.2222222222222222,50.376677292046146,4.448671296296296,2020,911000.0,26794.117647058825
734,TEXAS,HASKELL,48207,18.395465846994536,43.6365,-14.588999999999999,71.3,149.65,709.45375,1.2320203551912567,34.65,48.55,8.15,174700.6154496,3.65,57.771229508196726,3.9630963114754096,2020,2597000.0,92092.19858156028
735,TEXAS,HAYS,48209,20.51838407494145,39.79642857142857,-2.6542857142857144,47.75,95.46428571428571,810.8310714285715,0.9360251756440281,3.9285714285714284,78.0,7.5,156140.11980617142,4.0,68.45171740827479,3.205277907884465,2020,23100.0,600.0
736,TEXAS,HEMPHILL,48211,15.068815573770491,41.953,-10.5505,35.5,194.35,500.8027,1.0072860655737705,14.1,55.2,4.2,173270.6777376,2.35,58.75543715846995,4.548885655737704,2020,39600.0,1596.774193548387
737,TEXAS,HILL,48217,19.359322404371586,40.07828571428571,-2.5028571428571427,37.77142857142857,111.54285714285714,1016.5171142857142,0.8569345042935206,4.142857142857142,72.48571428571428,11.942857142857143,152075.6669376,6.085714285714285,70.31781420765027,3.6449288836846216,2020,1046000.0,22689.804772234274
738,TEXAS,HUNT,48231,18.470823087431693,38.24166666666667,-2.7808333333333333,24.166666666666668,121.625,1033.7944583333333,0.7600702413479052,0.125,88.66666666666667,10.791666666666666,148455.7693776,4.625,71.97361111111111,3.6110853825136613,2020,376000.0,9591.836734693878
739,TEXAS,HUTCHINSON,48233,15.374632513661203,43.39,-9.752500000000001,57.2,198.95,295.03165,1.2380550546448088,40.6,44.0,2.3,179490.5074656,0.35,51.91505464480874,4.574286475409836,2020,704000.0,21595.092024539877
740,TEXAS,JOHNSON,48251,19.113498705780845,40.63421052631579,-2.2663157894736843,35.10526315789474,115.78947368421052,758.3282631578948,0.9153943054357204,5.684210526315789,66.05263157894737,7.789473684210526,156917.62798181054,4.526315789473684,67.67464768478574,3.5097181478285875,2020,371000.0,7713.097713097713
741,TEXAS,JONES,48253,18.702748633879782,43.368,-12.58,78.15,143.6,557.30385,1.2908122950819672,39.55,43.55,6.7,173128.3423776,3.6,56.491612021857925,3.981171857923497,2020,2001000.0,66700.0
742,TEXAS,KNOX,48275,18.30647267759563,44.988,-13.715,78.75,157.7,644.8806,1.2671416666666666,42.75,52.45,7.2,174069.8021376,3.1500000000000004,57.036844262295084,4.02215887978142,2020,2782000.0,94305.08474576271
743,TEXAS,LAMAR,48277,17.655315846994533,37.81,-4.5056,17.28,137.24,1221.71812,0.6982634972677595,0.0,92.48,13.8,143936.4627648,7.52,72.78789071038251,3.517963169398907,2020,223000.0,4694.736842105263
744,TEXAS,LAMB,48279,15.466960655737704,42.1152,-11.5744,44.68,206.6,225.5556,1.275756612021858,36.12,38.32,0.4,186133.9442112,0.32,50.02068852459016,4.381772786885246,2020,383000.0,11894.409937888198
745,TEXAS,LIMESTONE,48293,19.74615416459679,39.265757575757576,-2.4054545454545453,37.515151515151516,103.54545454545455,1211.0414545454546,0.8168888060937242,1.9696969696969697,86.03030303030303,12.212121212121213,149299.13643578184,5.242424242424242,71.80506706408346,3.824876304023845,2020,119000.0,3684.2105263157896
746,TEXAS,LUBBOCK,48303,16.59862568306011,43.185500000000005,-10.138,54.6,178.6,249.479,1.3445939890710383,45.6,37.15,1.15,184445.20445760002,0.35,49.3380737704918,4.407592896174863,2020,29400.0,1750.0
747,TEXAS,LYNN,48305,17.154012295081966,43.2315,-10.657,61.05,170.15,218.89965,1.382820218579235,48.15,33.95,1.0,185708.1413376,0.19999999999999998,49.16534153005464,4.352762704918033,2020,71700.0,4242.603550295858
748,TEXAS,MCCULLOCH,48307,19.286625136612024,41.7712,-4.7744,65.12,127.6,478.81828,1.1988445901639344,27.32,43.56,5.76,170927.95685760002,3.24,59.383453551912574,3.454456830601093,2020,569000.0,16210.82621082621
749,TEXAS,MCLENNAN,48309,19.762339730774357,40.26682926829268,-3.423658536585366,49.1219512195122,109.29268292682927,1028.191024390244,0.8961402105824338,5.073170731707317,73.53658536585365,11.21951219512195,152174.96982930732,5.024390243902439,69.79695455151273,3.715220378515261,2020,793000.0,17505.51876379691
750,TEXAS,MEDINA,48325,21.199703248330298,41.30138888888889,-3.4844444444444442,71.91666666666667,90.63888888888889,621.5491388888889,1.1398209623557984,9.38888888888889,72.47222222222223,5.861111111111112,160129.2058176,1.6388888888888888,63.33312841530054,2.9801123254401944,2020,157000.0,3383.6206896551726
751,TEXAS,MILAM,48331,20.433147828587863,39.81578947368421,-2.649736842105263,54.39473684210526,97.23684210526316,788.087947368421,0.8772121081392004,2.7894736842105265,84.39473684210526,6.763157894736842,151537.4770176,4.131578947368421,71.31637906241012,3.944941041127409,2020,226000.0,5963.060686015831
752,TEXAS,MITCHELL,48335,18.674177595628414,44.0675,-12.872499999999999,86.75,143.55,437.6047,1.3999515027322404,55.55,39.5,4.7,179748.1475136,2.7,53.15846994535519,3.8955112021857925,2020,170000.0,7391.304347826087
753,TEXAS,MONTAGUE,48337,17.816088524590164,40.3696,-6.2028,23.44,139.56,1165.4346,0.8853678688524591,4.68,66.0,11.84,160004.922912,5.48,66.09441530054644,3.4891992349726775,2020,40600.0,2569.6202531645567
754,TEXAS,MOORE,48341,14.680550546448089,40.739,-10.534,49.25,203.65,311.2737,1.184364344262295,32.9,41.25,2.15,182026.0014336,0.0,51.451106557377045,4.60901912568306,2020,1689000.0,41498.77149877149
755,TEXAS,NAVARRO,48349,19.475273943054358,38.856842105263155,-2.1244736842105265,25.552631578947366,106.94736842105263,1284.9229210526316,0.7903913574920909,1.131578947368421,81.13157894736842,13.5,150385.42623865264,6.026315789473684,71.92740868564854,4.055397397181478,2020,136000.0,3695.652173913044
756,TEXAS,OCHILTREE,48357,14.565890710382513,41.3305,-12.248999999999999,42.85,203.0,405.23785,1.0881621584699455,24.15,52.05,3.5,175530.8792736,1.1,55.523825136612025,4.846832786885246,2020,2598000.0,76411.76470588235
757,TEXAS,OLDHAM,48359,15.04278992106861,41.439166666666665,-10.961666666666666,57.47222222222222,208.13888888888889,283.0253611111111,1.2788191408621736,42.25,38.47222222222222,1.0555555555555556,184253.9086176,0.19444444444444442,48.84560564663023,4.257514040680024,2020,427000.0,17717.84232365145
758,TEXAS,PARMER,48369,14.841012295081967,40.463499999999996,-10.8385,37.8,208.25,216.34199999999998,1.2509172131147541,32.65,38.25,0.2,187047.62904960001,0.5499999999999999,48.47263661202186,4.589446584699454,2020,1647000.0,58404.255319148935
759,TEXAS,POTTER,48375,15.306012295081967,42.6785,-10.42,54.2,200.25,274.92325,1.2552456284153004,38.1,38.15,1.3,182558.1532896,0.0,50.48515027322404,4.396803005464481,2020,164000.0,7522.935779816514
760,TEXAS,RANDALL,48381,15.064756830601093,41.245999999999995,-11.1575,41.0,201.05,248.59905,1.2114841530054645,29.65,36.6,0.44999999999999996,183313.5934176,0.0,51.21517759562842,4.702450409836065,2020,1013000.0,43106.382978723406
761,TEXAS,ROBERTS,48393,15.25849180327869,41.57,-10.1045,44.55,196.25,382.84610000000004,1.1392120218579234,26.3,51.25,3.65,176434.62975360002,1.35,54.57110655737705,4.61305737704918,2020,27100.0,2656.8627450980393
762,TEXAS,RUNNELS,48399,18.82917486338798,41.72,-6.805599999999999,70.72,137.64,493.46416,1.2467230601092896,29.919999999999998,43.76,4.72,173045.68272,2.48,57.20246994535519,3.525625792349727,2020,2064000.0,63703.70370370371
763,TEXAS,SAN SABA,48411,19.3962812769629,42.49921052631579,-3.422368421052632,64.07894736842105,124.55263157894737,606.0619736842106,1.1432241156169112,28.63157894736842,50.10526315789474,7.526315789473684,168471.73695865265,2.7105263157894735,61.99173137762439,3.2741343111878054,2020,216000.0,6315.78947368421
764,TEXAS,SCHLEICHER,48413,18.4582048168387,39.48518518518518,-6.782222222222223,43.55555555555556,134.25925925925927,431.88933333333335,1.0996868042906294,13.481481481481481,35.37037037037037,4.518518518518518,176830.6150976,1.7407407407407407,60.05691155636511,3.8430556567496454,2020,35700.0,1500.0
765,TEXAS,SHERMAN,48421,14.443106557377048,39.504000000000005,-11.334,47.6,204.5,338.36415,1.160988387978142,29.65,44.85,1.85,180800.63904960002,0.35,51.577295081967215,4.931996448087432,2020,1560000.0,39694.65648854962
766,TEXAS,SWISHER,48437,15.338319672131147,41.418,-11.250499999999999,40.9,198.4,255.6192,1.1971591530054646,27.9,37.15,1.05,182661.9494976,0.1,52.17475409836065,4.576356284153006,2020,955000.0,38508.06451612903
767,TEXAS,TAYLOR,48441,18.53838387978142,41.4125,-7.6659999999999995,57.0,135.15,555.9377999999999,1.2320583333333335,28.55,48.65,5.55,173267.3975616,3.25,56.07102459016393,4.1242919398907105,2020,645000.0,25097.27626459144
768,TEXAS,TERRY,48445,16.412378415300548,42.661500000000004,-10.5855,62.35,194.5,188.60835,1.344377049180328,41.6,29.0,1.3,187933.86840960002,0.85,49.56886612021859,4.218289754098361,2020,195000.0,9898.477157360407
769,TEXAS,THROCKMORTON,48447,18.30543989071038,41.2605,-12.1335,51.45,142.4,772.29205,1.0901475409836066,15.35,50.9,10.2,171123.5072736,5.3,60.79214480874317,3.709172677595628,2020,1013000.0,27013.333333333332
770,TEXAS,TOM GREEN,48451,19.055860934537748,41.85204081632653,-6.225102040816326,74.89795918367346,134.28571428571428,411.53530612244896,1.3032210326753653,37.285714285714285,37.38775510204081,4.673469387755102,177537.42619964082,2.4081632653061225,55.63039478086316,3.7265379725660757,2020,729000.0,25489.51048951049
771,TEXAS,TRAVIS,48453,20.559700786352124,39.99292682926829,-2.7243902439024392,52.78048780487805,97.07317073170732,901.2424146341464,0.9451288151406104,6.878048780487805,78.4390243902439,8.682926829268293,155797.02304296585,4.219512195121951,68.79772757563642,3.0815429161668666,2020,32600.0,958.8235294117648
772,TEXAS,UVALDE,48463,21.12653395784543,41.307428571428574,-3.985142857142857,70.85714285714286,87.4,480.0487142857143,1.1877874316939891,13.342857142857142,60.48571428571429,4.6,161974.54159817143,1.7714285714285714,61.13698672911788,3.0455004683840747,2020,109000.0,4192.307692307692
773,TEXAS,WICHITA,48485,17.794653916211292,41.766,-10.506666666666666,51.666666666666664,150.93333333333334,853.7754,1.0092380692167577,12.666666666666666,62.733333333333334,9.266666666666667,165047.4219456,6.0,63.81903460837887,3.954738069216758,2020,743000.0,37525.25252525252
774,TEXAS,WILBARGER,48487,17.760782891971417,42.00884615384616,-11.60153846153846,58.30769230769231,156.73076923076923,759.1035384615384,1.0845700924758301,18.692307692307693,59.46153846153846,8.884615384615385,168106.21759606156,4.1923076923076925,60.9838062211013,4.089490542244641,2020,1316000.0,52015.81027667984
775,TEXAS,WILLIAMSON,48491,20.21890189955764,39.50404761904762,-3.694523809523809,48.833333333333336,100.88095238095238,794.3189285714286,0.9249064532916992,5.071428571428571,77.57142857142857,7.309523809523809,155110.92876617145,3.4761904761904763,68.920914650013,3.3968199323445223,2020,332000.0,6960.167714884696
776,TEXAS,WISE,48497,18.527292349726775,40.753499999999995,-3.633,30.65,131.0,1015.51415,0.9584912568306011,8.35,63.25,12.25,160569.4081536,3.9000000000000004,65.20140710382513,3.331918032786885,2020,127000.0,4305.0847457627115
777,TEXAS,YOUNG,48503,18.412637978142076,42.1085,-10.877500000000001,55.55,140.15,852.79995,1.066300136612022,18.85,51.8,10.25,168714.5067936,4.25,62.90228142076503,3.5709214480874314,2020,613000.0,19710.610932475884
778,TEXAS,ZAVALA,48507,22.363400663544105,42.58,-2.802142857142857,100.03571428571429,80.64285714285714,334.04224999999997,1.3167242388758782,23.571428571428573,47.464285714285715,2.392857142857143,167216.4492233143,0.6428571428571428,60.4690768930523,3.2327041373926617,2020,94000.0,2937.5
779,ARKANSAS,BENTON,05007,14.983641184268672,34.68387096774194,-25.37741935483871,1.4838709677419355,172.16129032258064,973.2648709677419,0.5976169686257181,0.0,86.45161290322581,11.483870967741936,161771.94247308388,4.451612903225806,71.88730888201502,2.7520790101635,2021,21900.0,620.3966005665723
780,ARKANSAS,CRAWFORD,05033,15.881779517286366,36.18047619047619,-22.476666666666667,8.428571428571429,155.28571428571428,1093.9283809523808,0.643920156555773,0.0,84.0,12.285714285714285,164638.86897188573,5.238095238095238,70.73313763861708,2.395851793868232,2021,101000.0,1909.2627599243856
781,ARKANSAS,CROSS,05037,16.569580821917807,35.845,-19.794,7.2,148.5,928.7312,0.6412526027397261,0.0,85.4,8.3,166644.24658560002,4.4,72.9552602739726,5.437890958904109,2021,456000.0,6696.035242290749
782,ARKANSAS,JEFFERSON,05069,17.449221135029354,36.70464285714286,-19.857142857142858,14.642857142857142,135.92857142857142,1038.9121071428572,0.7265545988258317,0.0,78.14285714285714,12.5,169029.56340617145,4.178571428571429,70.82745596868884,5.073988160469667,2021,311000.0,5748.613678373383
783,ARKANSAS,LAWRENCE,05075,15.814366818873669,37.071666666666665,-18.552222222222223,5.722222222222222,165.0,1019.2376111111112,0.5784266362252664,0.0,80.27777777777777,11.333333333333334,167509.6032576,5.611111111111112,74.03715372907153,4.706702130898021,2021,52400.0,1100.8403361344538
784,ARKANSAS,LEE,05077,16.70721917808219,35.121428571428574,-17.263571428571428,2.7142857142857144,142.5,1206.5374285714286,0.5534800391389432,0.0,87.14285714285714,13.5,168528.34312045714,3.571428571428571,76.65285714285714,5.346637181996086,2021,425000.0,7314.974182444062
785,ARKANSAS,LOGAN,05083,16.734421106037544,36.28777777777778,-22.297407407407405,11.555555555555555,148.0,967.2107407407408,0.7177421613394217,0.0,78.37037037037037,10.481481481481481,167145.7950976,4.333333333333333,69.23558599695586,2.3207432775240995,2021,101000.0,2219.78021978022
786,ARKANSAS,MONROE,05095,16.835374429223744,35.505,-17.538333333333334,5.708333333333333,143.04166666666666,1087.0547916666667,0.5939688356164383,0.0,82.08333333333333,10.666666666666666,168026.1005376,5.125,75.53342465753425,5.474090410958904,2021,230000.0,3898.3050847457625
787,ARKANSAS,POINSETT,05111,16.412686643835617,36.45,-19.465625,7.5,152.0625,913.5175625,0.6509835616438356,0.0,85.0,8.375,166434.08333760002,5.5,72.3480993150685,5.49137602739726,2021,387000.0,6396.694214876033
788,ARKANSAS,WHITE,05145,16.176539059607553,36.13081081081081,-18.87675675675676,7.297297297297297,160.16216216216216,985.2673783783783,0.6178924102184377,0.0,79.29729729729729,10.108108108108109,165284.6636813838,4.162162162162162,73.02944094779711,4.222756016290263,2021,231000.0,4081.272084805654
789,CALIFORNIA,COLUSA,06011,16.782135074864605,40.83255813953488,-2.135813953488372,60.2093023255814,177.02325581395348,391.70206976744186,1.3246598279706914,45.93023255813954,38.02325581395349,2.86046511627907,206305.07856848373,2.511627906976744,49.31421471806308,3.50962134437719,2021,145000.0,3236.607142857143
790,CALIFORNIA,KERN,06029,17.5160409556314,41.190887372013655,-1.4484641638225255,68.15358361774744,174.76109215017064,158.86135153583618,1.6798516433680863,90.19112627986348,18.296928327645052,1.030716723549488,225498.9334633065,1.180887372013652,37.37043433540605,2.926186170461452,2021,329000.0,3209.756097560976
791,CALIFORNIA,KINGS,06031,18.190744023636853,43.37803921568627,-0.9133333333333333,91.17647058823529,181.45098039215685,171.89425490196078,1.5071773301101261,80.43137254901961,21.176470588235293,1.2352941176470589,217416.37589195295,2.058823529411765,50.07942519473542,2.9871862476497446,2021,1183000.0,13203.125
792,CALIFORNIA,MERCED,06047,17.145066536203522,42.19297619047619,-0.8198809523809525,66.94047619047619,181.23809523809524,269.25925,1.2634066210045662,42.57142857142857,24.19047619047619,3.3095238095238098,213117.80540502857,2.0357142857142856,54.14694390084801,3.7202469341161124,2021,607000.0,6450.584484590861
793,CALIFORNIA,SACRAMENTO,06067,16.445931506849316,42.323750000000004,-1.2682499999999999,56.475,181.7,448.694825,1.0835404109589042,21.95,33.65,4.875,204917.47390080002,4.45,59.62588356164383,4.634801643835616,2021,66300.0,850.0
794,CALIFORNIA,SAN JOAQUIN,06077,16.51072749510763,41.261607142857144,-0.97,48.482142857142854,187.71428571428572,348.135625,1.1106905577299413,21.803571428571427,30.892857142857142,3.4464285714285716,208197.4891690286,2.892857142857143,57.73366927592955,4.469197553816047,2021,399000.0,4428.412874583796
795,CALIFORNIA,YOLO,06113,16.708279452054793,42.4265,-1.40525,59.75,178.275,430.94375,1.1994384246575343,34.425,34.075,4.075,206853.8143248,3.05,55.05820547945205,4.221981712328767,2021,944000.0,12102.564102564103
796,KANSAS,ALLEN,20001,13.885267123287672,35.465,-25.47625,1.875,190.75,1188.25125,0.5271753424657535,0.0,68.625,13.875,163661.5105776,3.375,73.64619863013698,3.7798054794520546,2021,730000.0,13296.903460837888
797,KANSAS,ANDERSON,20003,13.987285388127855,36.60333333333333,-26.911666666666665,7.5,191.41666666666666,1009.7175,0.6330842465753425,0.0,70.41666666666667,12.583333333333334,162094.4849376,3.9166666666666665,69.44358447488584,3.9016237442922375,2021,438000.0,11005.02512562814
798,KANSAS,ATCHISON,20005,13.086899543378996,36.38333333333333,-26.39,3.6666666666666665,197.83333333333334,653.8926666666666,0.5890648401826484,0.16666666666666666,67.5,5.833333333333333,157050.32549760002,6.333333333333333,70.02817351598173,3.6633342465753422,2021,72900.0,1440.7114624505928
799,KANSAS,BARBER,20007,14.741006849315069,40.13071428571429,-23.174642857142857,41.82142857142857,197.28571428571428,441.44,0.8789807240704501,6.892857142857142,43.107142857142854,3.5,182281.23653760002,0.7857142857142857,61.64235812133072,4.426554892367906,2021,4451000.0,103511.62790697675
800,KANSAS,BARTON,20009,13.396768493150685,39.1,-25.612000000000002,31.05,204.35,641.9816500000001,0.7842273972602739,6.6,49.45,6.1,179103.9292416,1.8,63.77901369863014,4.592268219178082,2021,6945000.0,130790.9604519774
801,KANSAS,BOURBON,20011,14.567538812785388,36.600833333333334,-25.064166666666665,8.666666666666666,183.16666666666666,1019.945,0.6428296803652969,0.0,70.5,12.75,160797.3062976,6.5,69.79876712328767,3.5591689497716894,2021,353000.0,6635.338345864661
802,KANSAS,BROWN,20013,12.851787671232877,35.785833333333336,-27.246666666666666,1.1666666666666667,199.0,707.98375,0.5893125570776256,0.0,62.583333333333336,8.166666666666666,161151.6564576,5.833333333333333,69.39440639269407,3.9005835616438356,2021,121000.0,2119.089316987741
803,KANSAS,BUTLER,20015,14.063640791476407,36.85722222222222,-27.628333333333334,13.5,192.69444444444446,662.2159722222221,0.6925087519025875,0.0,60.916666666666664,6.333333333333333,167061.4450176,2.0,67.23984779299848,4.358145509893455,2021,1735000.0,35192.69776876268
804,KANSAS,CHASE,20017,14.114876712328767,38.1385,-26.342000000000002,16.85,190.55,745.8347,0.7548182191780821,0.7000000000000001,57.3,8.0,167757.1269696,1.75,64.28497260273973,4.4595138356164385,2021,452000.0,8339.483394833947
805,KANSAS,CHAUTAUQUA,20019,15.050299086757992,36.9825,-26.025833333333335,17.916666666666668,183.5,777.03075,0.7187422374429223,0.0,67.5,9.5,165029.73197760002,1.25,67.32815068493152,3.8245689497716895,2021,80200.0,2179.3478260869565
806,KANSAS,CHEROKEE,20021,14.754639269406393,35.175000000000004,-24.999166666666667,1.9166666666666665,179.33333333333334,853.1963333333333,0.5879826484018265,0.0,67.33333333333333,9.583333333333334,163897.8581376,6.916666666666667,72.26134703196347,3.386635159817352,2021,3140000.0,52508.36120401338
807,KANSAS,CHEYENNE,20023,11.648453033268103,40.82285714285714,-29.961785714285714,34.82142857142857,231.64285714285714,276.8476428571429,0.9268020547945206,11.357142857142858,34.535714285714285,1.8214285714285714,181951.40052617143,0.9642857142857143,54.783493150684926,4.330015362035225,2021,5547000.0,98701.06761565836
808,KANSAS,CLARK,20025,14.303584474885845,39.98833333333334,-25.12708333333333,41.875,205.125,375.506125,0.938241095890411,10.833333333333334,43.875,2.7916666666666665,188545.68365760002,1.125,58.51343607305936,4.415287100456621,2021,2994000.0,60607.287449392716
809,KANSAS,CLAY,20027,13.166448630136985,39.205,-28.466875,14.75,201.6875,506.175,0.6752904109589041,1.8125,49.125,5.0,169444.0854576,2.125,67.49984589041095,4.027079280821918,2021,2285000.0,42393.32096474954
810,KANSAS,CLOUD,20029,13.170427701674278,39.82277777777778,-28.257777777777775,21.055555555555554,204.0,405.11705555555557,0.7255214611872146,2.7777777777777777,47.55555555555556,3.7222222222222223,171304.7477376,1.9444444444444444,65.56155251141553,4.160963318112633,2021,2504000.0,48906.25
811,KANSAS,COFFEY,20031,13.707148401826485,36.355,-26.224166666666665,4.416666666666667,193.91666666666666,960.7966666666666,0.5991632420091324,0.0,64.0,11.083333333333334,164749.3891776,4.333333333333333,70.3134703196347,3.993190410958904,2021,517000.0,12609.756097560976
812,KANSAS,COMANCHE,20033,14.584829223744292,39.768,-24.639333333333333,39.86666666666667,200.2,425.1392,0.9074065753424657,9.666666666666666,43.733333333333334,5.266666666666667,186866.16802560003,0.6,60.05727853881278,4.5148944292237445,2021,1952000.0,48800.0
813,KANSAS,COWLEY,20035,14.63577397260274,36.503750000000004,-26.721249999999998,13.916666666666666,187.70833333333334,673.9236666666667,0.7217429223744293,0.041666666666666664,63.916666666666664,6.041666666666667,168240.9244176,1.2916666666666665,66.6313698630137,4.18867899543379,2021,3352000.0,68408.16326530612
814,KANSAS,CRAWFORD,20037,14.474502283105023,35.4325,-24.084999999999997,1.9166666666666665,181.66666666666666,875.6056666666667,0.5739662100456622,0.0,69.16666666666667,10.083333333333334,162454.9090176,4.833333333333333,72.48095890410958,3.5048205479452057,2021,1948000.0,30295.489891135305
815,KANSAS,DECATUR,20039,12.20598287671233,41.19,-28.14375,35.0,222.75,321.2655833333333,0.8742219178082192,8.833333333333334,37.0,3.25,184135.38593760002,1.5416666666666665,58.05714611872146,4.410688812785388,2021,5041000.0,83598.67330016584
816,KANSAS,DICKINSON,20041,13.724417534246577,38.8232,-27.2684,20.72,195.08,594.147,0.7238255342465754,2.32,46.96,7.28,170397.3894912,2.96,66.44667397260274,4.2222462465753425,2021,6741000.0,119098.93992932863
817,KANSAS,DOUGLAS,20045,13.471965753424657,36.06375,-26.490000000000002,4.5,197.0,900.289375,0.555608904109589,0.0,71.25,10.375,158279.7690576,6.5,72.25839041095891,3.5138455479452055,2021,210000.0,4805.491990846682
818,KANSAS,EDWARDS,20047,13.61445296803653,38.455333333333336,-25.441333333333333,32.13333333333333,204.73333333333332,517.5668,0.8267897716894976,5.666666666666667,48.86666666666667,5.133333333333333,181964.2997376,2.0,62.06743378995434,4.7232188127853885,2021,5043000.0,86798.6230636833
819,KANSAS,ELK,20049,14.59941780821918,36.619166666666665,-28.0775,13.916666666666666,183.75,818.96225,0.6879155251141552,0.0,66.08333333333333,9.583333333333334,164833.7191776,1.75,67.87052511415524,4.073806392694063,2021,368000.0,6536.412078152754
820,KANSAS,ELLSWORTH,20053,13.705167427701674,39.5,-25.079444444444444,33.833333333333336,201.55555555555554,533.2056666666666,0.7932923896499239,5.833333333333333,42.611111111111114,5.722222222222222,175862.2349376,2.611111111111111,63.98677321156774,4.7005669710806695,2021,3250000.0,69593.147751606
821,KANSAS,FINNEY,20055,12.9336482784154,40.19810810810811,-27.15297297297297,36.45945945945946,214.51351351351352,402.3903783783784,0.8919116623472788,8.297297297297298,42.67567567567568,2.9189189189189193,189672.1175278703,1.8918918918918919,58.33445390596075,4.6008572380599775,2021,10234000.0,153894.73684210525
822,KANSAS,FRANKLIN,20059,13.765974885844749,36.26166666666666,-26.349166666666665,5.833333333333333,195.58333333333334,941.63025,0.6171230593607306,0.0,70.91666666666667,11.833333333333334,160316.0230176,4.75,69.86287671232877,3.6891146118721463,2021,363000.0,7594.142259414227
823,KANSAS,GEARY,20061,13.743777777777778,38.778888888888886,-29.398888888888887,19.11111111111111,195.77777777777777,650.1395555555556,0.7444365296803653,2.0,48.0,7.555555555555555,168457.5346176,3.444444444444444,65.15686453576865,4.154153729071537,2021,417000.0,7693.726937269373
824,KANSAS,GOVE,20063,12.541738747553815,39.93035714285714,-26.958214285714288,38.75,218.96428571428572,460.7575357142857,0.8714324853228962,6.928571428571429,41.92857142857143,5.25,187434.5688576,1.1428571428571428,58.50374755381605,4.3841034246575346,2021,4976000.0,81707.71756978653
825,KANSAS,GRAHAM,20065,12.684974885844747,40.53791666666667,-27.860833333333332,36.333333333333336,214.79166666666666,387.8723333333333,0.8500973744292238,4.666666666666667,41.25,3.75,182365.81097760002,0.9583333333333334,59.68307077625571,4.453262557077625,2021,3483000.0,60891.60839160839
826,KANSAS,GRANT,20067,13.055787671232878,40.88833333333333,-28.85083333333333,41.666666666666664,217.58333333333334,370.46625,0.9514246575342465,13.666666666666666,41.25,4.083333333333333,193794.48077760002,1.0,56.72036529680366,4.471296118721461,2021,3860000.0,84095.8605664488
827,KANSAS,GREELEY,20071,11.927570205479451,38.726875,-28.911875,30.6875,225.5,401.6781875,0.9161054794520547,9.4375,41.0,3.6875,191727.1692576,1.0,55.00972602739726,4.553721746575342,2021,6311000.0,147109.55710955712
828,KANSAS,GREENWOOD,20073,14.085968797564687,36.97777777777778,-27.841388888888886,9.527777777777777,189.52777777777777,923.6149444444444,0.637730898021309,0.0,64.33333333333333,9.472222222222221,164537.4468576,2.6666666666666665,69.13287671232877,4.123543835616438,2021,307000.0,6214.574898785425
829,KANSAS,HAMILTON,20075,12.38194410958904,39.1496,-28.6884,38.92,223.68,319.42091999999997,0.9408918356164384,12.36,37.88,2.7600000000000002,194113.0255104,0.96,55.63598904109589,4.363952438356165,2021,4743000.0,124488.18897637795
830,KANSAS,HARPER,20077,14.918871232876713,41.066,-25.853333333333335,46.2,192.26666666666668,525.2228,0.8778878538812784,8.533333333333333,44.733333333333334,4.6,177980.5806336,0.7333333333333334,62.664273972602736,4.297787397260274,2021,9133000.0,202505.54323725056
831,KANSAS,HARVEY,20079,13.975350684931506,38.82,-27.436,25.2,196.0,582.5559,0.7399443835616438,2.2,52.1,6.1,170865.58728960002,2.0,65.77254794520547,4.379476438356164,2021,4132000.0,83306.45161290323
832,KANSAS,HASKELL,20081,13.090269406392695,40.28333333333333,-27.603333333333335,33.666666666666664,213.5,371.0950833333333,0.9087497716894978,11.666666666666666,43.333333333333336,3.4166666666666665,191447.93813760002,1.0,58.10506849315068,4.697690410958904,2021,4893000.0,72596.43916913946
833,KANSAS,HODGEMAN,20083,13.557230267449444,40.4947619047619,-25.61809523809524,40.19047619047619,207.66666666666666,411.7626666666667,0.8996602739726026,9.619047619047619,46.57142857142857,2.619047619047619,184178.98065188574,1.9047619047619047,59.15673842139596,4.788181735159817,2021,6060000.0,94392.52336448598
834,KANSAS,JACKSON,20085,12.980852739726027,37.7675,-27.91625,6.9375,199.9375,693.7215,0.5843248287671232,0.4375,63.5,6.875,161597.4388776,4.875,70.9994691780822,3.7264291095890414,2021,61300.0,1350.2202643171806
835,KANSAS,JEFFERSON,20087,13.187022831050228,36.4475,-25.315833333333334,4.583333333333333,199.08333333333334,812.95775,0.5505335616438356,0.08333333333333333,68.08333333333333,9.0,157854.8786976,6.333333333333334,71.94735159817351,3.5258949771689494,2021,96100.0,1659.7582037996547
836,KANSAS,KEARNY,20093,12.51537397260274,39.786500000000004,-28.6875,36.95,220.15,403.84645,0.894855890410959,8.5,40.3,3.85,192871.8914976,1.1,57.57843835616438,4.50547,2021,4855000.0,99897.11934156378
837,KANSAS,KINGMAN,20095,14.551201565557731,40.260000000000005,-25.184761904761906,40.047619047619044,195.8095238095238,525.7928571428571,0.8706052185257666,8.285714285714285,49.714285714285715,4.904761904761904,177369.58147474288,1.619047619047619,61.93478147423353,4.670519504240052,2021,7382000.0,164409.79955456572
838,KANSAS,KIOWA,20097,13.845154337899542,38.65466666666667,-25.332666666666668,30.066666666666666,203.53333333333333,550.0106,0.8303906849315068,4.2,48.4,7.0,184103.1138816,1.4,61.67167123287671,4.839165662100457,2021,2855000.0,54798.46449136276
839,KANSAS,LABETTE,20099,15.051168949771688,36.38,-24.426666666666666,10.833333333333334,179.33333333333334,816.16625,0.6834972602739726,0.0,67.5,8.5,163056.6554976,5.166666666666667,69.03824200913242,3.666345890410959,2021,1788000.0,35196.85039370079
840,KANSAS,LANE,20101,12.868630136986301,39.756875,-26.35125,38.625,214.3125,424.65225,0.887511301369863,8.125,43.125,3.9375,187264.87655760002,2.0,58.17265410958904,4.69059794520548,2021,5194000.0,87294.11764705883
841,KANSAS,LEAVENWORTH,20103,13.515269406392695,36.48833333333334,-25.366666666666664,5.166666666666667,196.33333333333334,882.34425,0.5963591324200913,0.08333333333333333,71.16666666666667,9.416666666666666,153618.80117760002,6.75,70.32084474885845,3.3738984018264837,2021,83300.0,1639.763779527559
842,KANSAS,LINN,20107,14.188675799086758,36.67166666666667,-24.206666666666667,9.916666666666666,187.41666666666666,1016.3534166666667,0.6293522831050228,0.0,74.75,10.916666666666666,160666.2108576,6.333333333333333,69.93009132420092,3.445924657534247,2021,343000.0,7622.222222222223
843,KANSAS,LOGAN,20109,12.2523228962818,39.1175,-27.4675,36.32142857142857,223.67857142857142,436.8957857142857,0.900420156555773,8.857142857142858,41.214285714285715,4.142857142857143,188822.76043474287,1.0714285714285714,56.28827788649706,4.324753620352251,2021,4816000.0,88205.1282051282
844,KANSAS,LYON,20111,13.84705593607306,37.24916666666667,-25.58375,11.25,193.58333333333334,842.6142083333333,0.6743893835616439,0.16666666666666666,60.875,9.5,165787.5128976,3.6666666666666665,67.51550228310502,4.15559897260274,2021,496000.0,11588.785046728974
845,KANSAS,MCPHERSON,20113,13.769790410958905,38.982,-27.335500000000003,25.5,197.55,587.39895,0.7465045205479452,3.1,49.5,7.15,172458.7665696,3.3,65.65273972602739,4.548728082191781,2021,7726000.0,177201.83486238532
846,KANSAS,MIAMI,20121,13.857673515981736,36.854166666666664,-25.13,7.916666666666667,192.08333333333334,874.2616666666667,0.6254059360730594,0.0,72.33333333333333,8.5,156599.6695776,6.5,69.52954337899543,3.446758219178082,2021,266000.0,5373.737373737374
847,KANSAS,MITCHELL,20123,13.238957382039574,40.653888888888886,-27.317777777777778,32.94444444444444,207.16666666666666,448.09711111111113,0.7621079147640791,4.555555555555555,43.5,3.388888888888889,173169.5160576,1.3888888888888888,65.089299847793,4.059718873668189,2021,5118000.0,90105.63380281691
848,KANSAS,MONTGOMERY,20125,14.860244292237441,36.41,-25.891666666666666,10.583333333333334,182.5,792.3376666666667,0.6428762557077625,0.0,67.33333333333333,8.083333333333334,164659.2019776,2.5,70.31723744292238,3.6540440639269405,2021,1316000.0,28796.498905908094
849,KANSAS,MORRIS,20127,13.791485540334854,38.73388888888889,-26.188888888888886,16.5,193.11111111111111,638.6713333333333,0.7479834094368342,1.7222222222222223,52.22222222222222,6.722222222222222,167793.21941760002,3.2222222222222223,64.52896499238965,4.523879299847793,2021,798000.0,18095.238095238095
850,KANSAS,MORTON,20129,13.510368949771689,40.716,-26.246666666666666,41.333333333333336,216.6,265.48286666666667,1.0431428310502284,17.4,33.13333333333333,2.0,196954.5764736,0.7999999999999999,52.895470319634704,4.738067214611872,2021,3904000.0,92511.84834123222
851,KANSAS,NEOSHO,20133,14.540022831050228,36.545833333333334,-25.615,5.333333333333333,184.66666666666666,901.7559166666666,0.6151360730593607,0.0,67.66666666666667,9.833333333333334,163748.6935776,2.9166666666666665,71.1374200913242,3.6850025114155254,2021,1231000.0,22504.570383912247
852,KANSAS,NESS,20135,13.113511741682975,39.92142857142857,-25.576785714285712,37.642857142857146,211.07142857142858,476.40975,0.8538617416829746,5.892857142857143,45.67857142857143,4.357142857142857,184409.1269033143,1.75,60.15135029354207,4.586334246575342,2021,5789000.0,107802.60707635009
853,KANSAS,OSAGE,20139,13.689361301369862,37.09375,-25.995625,8.375,195.25,963.5476875,0.6325830479452055,0.0,65.625,12.0625,162238.40915760002,4.9375,69.09390410958905,3.990872773972603,2021,340000.0,7407.407407407408
854,KANSAS,OSBORNE,20141,12.863044520547945,40.129583333333336,-26.437916666666666,30.958333333333332,210.625,442.87733333333335,0.7468819634703197,3.6666666666666665,41.958333333333336,3.4583333333333335,175564.6376976,1.6666666666666665,64.68393835616439,4.1618296803652965,2021,3597000.0,68908.0459770115
855,KANSAS,OTTAWA,20143,13.502310502283105,39.91555555555556,-27.572222222222223,28.055555555555557,200.66666666666666,498.4831666666667,0.7334073059360731,3.1111111111111107,43.77777777777778,5.166666666666666,172438.24709760002,1.6666666666666665,65.96097412480974,4.167183866057838,2021,3529000.0,74294.73684210527
856,KANSAS,PAWNEE,20145,13.480692759295499,39.23619047619048,-25.76047619047619,33.476190476190474,204.9047619047619,537.326,0.8253711676451403,7.476190476190476,48.80952380952381,4.476190476190476,180785.66302902857,2.0,62.27239399869537,4.616617090671885,2021,6377000.0,111291.44851657942
857,KANSAS,PHILLIPS,20147,12.279702054794521,41.11833333333333,-29.276666666666667,28.458333333333332,215.66666666666666,498.967375,0.7518772831050228,3.0833333333333335,47.541666666666664,5.541666666666667,176090.3993376,0.9166666666666667,63.34399543378996,4.021290639269406,2021,2936000.0,53092.22423146474
858,KANSAS,POTTAWATOMIE,20149,13.130640284119737,38.53703703703704,-30.685185185185187,10.555555555555555,200.0,657.1417037037037,0.6462651445966514,0.9629629629629629,57.03703703703704,6.2592592592592595,164587.3995776,4.333333333333333,68.28281075596144,3.824493049213597,2021,112000.0,2070.240295748614
859,KANSAS,PRATT,20151,14.2018100456621,39.571333333333335,-24.728,36.333333333333336,198.73333333333332,512.8468,0.8671881278538812,9.4,47.4,5.533333333333333,181660.5369216,1.2000000000000002,61.6083105022831,4.726254246575342,2021,6583000.0,134897.54098360657
860,KANSAS,RAWLINS,20153,12.00534540117417,41.39714285714285,-27.749285714285715,36.92857142857143,226.89285714285714,266.72875,0.9147437377690802,10.178571428571429,34.357142857142854,1.7142857142857142,185127.15348617145,1.3214285714285714,55.740225048923676,4.428208512720157,2021,6054000.0,100900.0
861,KANSAS,REPUBLIC,20157,12.699459665144596,39.92888888888889,-30.92777777777778,13.88888888888889,207.94444444444446,504.99522222222225,0.6885477929984779,2.1666666666666665,51.5,5.055555555555555,169133.3803776,2.666666666666667,66.17334855403348,4.054274277016743,2021,1419000.0,25294.11764705882
862,KANSAS,RICE,20159,13.778646575342465,39.66866666666667,-25.421333333333333,35.4,201.53333333333333,535.9548666666667,0.8072241095890411,7.133333333333333,48.0,5.6,176428.1350656,2.466666666666667,64.09468493150685,4.574670867579909,2021,7169000.0,134502.81425891182
863,KANSAS,ROOKS,20163,12.912270547945207,40.372499999999995,-27.8325,34.541666666666664,210.58333333333334,411.42854166666666,0.8160623287671233,3.791666666666667,42.666666666666664,3.6666666666666665,178524.5951376,1.0416666666666665,61.468812785388124,4.318901369863014,2021,3713000.0,66900.9009009009
864,KANSAS,RUSH,20165,13.295729680365296,39.882,-26.196,34.46666666666667,205.46666666666667,568.1316666666667,0.8248710502283104,7.666666666666667,49.2,4.866666666666667,180106.4549376,1.4,61.90988127853881,4.605548858447488,2021,5086000.0,96692.01520912547
865,KANSAS,RUSSELL,20167,13.325826027397259,39.229,-25.4965,34.3,206.95,519.36835,0.8038447945205479,5.4,44.85,5.4,177148.19698560002,1.8,62.767136986301374,4.4512861643835615,2021,2805000.0,65232.558139534885
866,KANSAS,SALINE,20169,13.864535159817352,39.798,-26.271333333333335,31.6,197.8,485.0620666666667,0.7662425570776256,4.066666666666666,43.06666666666667,5.0,172507.3814016,2.466666666666667,65.5077808219178,4.3124619178082195,2021,4851000.0,98000.0
867,KANSAS,SEDGWICK,20173,14.367558599695586,38.706296296296294,-26.25777777777778,27.037037037037038,194.14814814814815,543.1069259259259,0.7595294774226282,1.9629629629629628,55.074074074074076,4.851851851851852,171368.24821760002,1.1851851851851851,65.66119736174531,4.264643023845764,2021,6723000.0,138904.95867768597
868,KANSAS,SEWARD,20175,13.738091324200914,40.62166666666667,-26.87,42.416666666666664,211.5,299.65183333333334,0.9837372146118721,13.916666666666666,40.583333333333336,1.0833333333333333,193077.11453760002,1.3333333333333333,56.27602739726027,4.598307077625571,2021,2673000.0,49591.836734693876
869,KANSAS,SHAWNEE,20177,13.654480365296804,37.730000000000004,-26.340666666666667,11.266666666666667,196.46666666666667,888.1599333333334,0.6457200000000001,0.4,63.666666666666664,11.266666666666667,160994.6925696,5.666666666666667,68.77141552511415,3.7252896803652966,2021,78500.0,1829.8368298368298
870,KANSAS,SHERMAN,20181,11.549090998043052,39.66642857142857,-28.903214285714284,32.25,231.03571428571428,296.37096428571425,0.902739530332681,9.678571428571429,35.285714285714285,2.357142857142857,184831.24984045714,1.0,55.32476516634051,4.597248140900195,2021,7010000.0,130297.39776951674
871,KANSAS,SMITH,20183,12.333198630136987,40.99708333333333,-29.344166666666666,24.625,212.66666666666666,508.09229166666665,0.7202528538812786,3.125,49.083333333333336,4.708333333333333,172803.07841760002,1.2083333333333335,65.01167808219178,3.9965952054794522,2021,3885000.0,67098.44559585492
872,KANSAS,STANTON,20187,13.176887671232878,41.059333333333335,-28.312,43.0,218.93333333333334,265.6469333333333,1.021218812785388,19.066666666666666,34.6,2.6,195428.1108096,0.8,54.050447488584474,4.538386484018265,2021,5086000.0,138206.52173913043
873,KANSAS,STEVENS,20189,13.431552511415525,39.96333333333334,-28.413999999999998,36.733333333333334,213.8,342.0486,0.9721203652968037,12.666666666666666,42.4,2.6,195206.8363776,1.0666666666666667,55.663470319634705,4.623310136986301,2021,3051000.0,70299.53917050692
874,KANSAS,SUMNER,20191,14.87645205479452,39.02214285714285,-27.502857142857145,33.67857142857143,190.39285714285714,629.02775,0.8015635029354208,1.7857142857142858,53.42857142857143,6.25,172143.3604690286,0.7142857142857142,64.87353228962819,4.232312720156556,2021,14143000.0,294645.8333333333
875,KANSAS,TREGO,20195,12.945550228310502,39.401666666666664,-27.014166666666668,34.0,210.83333333333334,451.1682083333333,0.8503977168949772,4.5,46.083333333333336,3.9166666666666665,182639.7824976,1.1666666666666667,59.42738584474886,4.547669634703197,2021,4170000.0,72902.0979020979
876,KANSAS,WALLACE,20199,11.93060502283105,38.65833333333333,-28.19875,30.583333333333332,227.45833333333334,383.82475,0.9188912100456621,9.333333333333334,39.0,3.7916666666666665,187147.5653376,1.0416666666666667,54.54665525114155,4.4324345890410966,2021,2881000.0,62494.57700650759
877,KANSAS,WASHINGTON,20201,12.589867579908674,39.137499999999996,-28.72666666666667,9.458333333333334,206.125,526.2523333333334,0.6224922374429224,1.4583333333333335,53.708333333333336,4.791666666666667,167917.5522576,3.2083333333333335,69.18052511415524,3.9905221461187215,2021,1282000.0,23309.090909090908
878,KANSAS,WICHITA,20203,12.211878424657533,38.68625,-28.6575,34.3125,222.0,460.621875,0.888822602739726,7.8125,42.625,4.3125,191242.1903976,1.0,56.76905821917808,4.532888869863013,2021,6691000.0,123907.4074074074
879,KANSAS,WILSON,20205,14.455132420091322,36.777499999999996,-27.14916666666667,7.833333333333333,185.08333333333334,987.2738333333333,0.600701598173516,0.0,66.25,11.333333333333334,164705.06741760002,2.5833333333333335,71.27271689497717,3.754722602739726,2021,1805000.0,33801.49812734083
880,KANSAS,WOODSON,20207,13.831818493150687,36.621249999999996,-26.25125,2.75,191.75,1090.693125,0.5364311643835616,0.0,65.5,11.5,164631.8149776,2.625,73.10041095890412,3.8447349315068493,2021,569000.0,12004.219409282701
881,NORTH DAKOTA,BARNES,38003,7.21577397260274,37.94145833333334,-32.68208333333333,5.770833333333333,243.95833333333334,487.2552083333333,0.5580768835616439,1.7500000000000002,53.104166666666664,4.083333333333333,151289.7397776,6.1875,68.73825342465754,4.579576883561644,2021,99000.0,2000.0
882,NORTH DAKOTA,CASS,38017,7.5058269406392695,38.684999999999995,-31.699,7.216666666666667,239.6,387.2737333333333,0.6068544748858448,3.2333333333333334,52.86666666666667,1.9333333333333333,150900.5804256,6.766666666666667,66.40406392694064,4.354172694063927,2021,108000.0,1619.190404797601
883,NORTH DAKOTA,EMMONS,38029,7.7122113502935425,36.949107142857144,-33.91517857142857,13.535714285714286,247.125,314.2245892857143,0.6405369863013698,1.5714285714285714,51.482142857142854,1.5892857142857144,158126.24551474286,4.517857142857143,64.19984833659491,4.310683659491194,2021,59500.0,2458.6776859504134
884,NORTH DAKOTA,MCINTOSH,38051,7.005420598680873,35.1925925925926,-34.4562962962963,1.7777777777777777,250.25925925925927,384.8729259259259,0.5425900558092339,0.3333333333333333,54.37037037037037,1.9629629629629628,159865.38421760002,5.185185185185185,67.3,4.448018061897514,2021,41300.0,1298.7421383647797
885,NORTH DAKOTA,STEELE,38091,7.122376712328768,41.0615,-32.9585,7.95,240.65,373.25185,0.6206780821917809,2.9,49.85,2.25,150522.3603936,6.3,65.56621917808219,4.6994326027397255,2021,46800.0,1630.6620209059233
886,SOUTH DAKOTA,AURORA,46003,9.729849315068494,39.793,-30.97,11.3,229.7,389.15335,0.6304204109589041,0.75,42.5,3.25,166302.9013536,4.5,65.8674109589041,4.060824109589041,2021,377000.0,6455.479452054795
887,SOUTH DAKOTA,BON HOMME,46009,10.716168493150684,39.766999999999996,-30.043,13.7,217.5,434.84250000000003,0.6927157534246575,1.9000000000000001,48.35,2.9,164882.2166496,5.55,64.30593150684932,3.926161095890411,2021,194000.0,3149.3506493506493
888,SOUTH DAKOTA,BROOKINGS,46011,8.278156555772993,36.24857142857143,-32.701904761904764,4.857142857142857,235.0,443.2225714285714,0.5222405740378343,1.0,63.857142857142854,1.4285714285714284,155726.9167433143,8.380952380952381,70.51047619047618,4.160282191780822,2021,36800.0,500.00000000000006
889,SOUTH DAKOTA,CHARLES MIX,46023,10.7092186888454,39.83821428571429,-30.490178571428572,15.285714285714286,220.375,384.00851785714286,0.7083272504892367,1.1428571428571428,41.125,2.839285714285714,169248.00744617142,4.125,62.90769569471624,3.94936198630137,2021,1384000.0,23986.135181975736
890,SOUTH DAKOTA,CODINGTON,46029,7.8569299847793,35.87166666666666,-32.04055555555556,4.333333333333333,236.94444444444446,557.1416666666667,0.5400287671232876,1.222222222222222,62.77777777777778,4.166666666666667,157163.1955776,8.722222222222221,69.2172298325723,4.329166362252664,2021,58400.0,1079.4824399260629
891,SOUTH DAKOTA,CORSON,46031,8.712918835616438,38.871375,-33.971125,20.5125,246.85,304.5733875,0.7386424315068493,4.3,39.375,2.3875,163535.3121456,3.8625,60.402921232876714,4.359502123287671,2021,264000.0,6683.544303797468
892,SOUTH DAKOTA,DAY,46037,7.627077910958905,35.725625,-32.479375,2.78125,238.5,563.80096875,0.5178795376712328,0.71875,64.03125,4.40625,157829.4212076,8.6875,69.8979109589041,4.482663441780821,2021,207000.0,3450.0
893,SOUTH DAKOTA,GRANT,46051,8.147964774951076,36.33047619047619,-30.81047619047619,3.952380952380952,233.95238095238096,552.4886190476191,0.5461459882583171,1.380952380952381,58.523809523809526,4.0476190476190474,155492.76286902858,10.714285714285714,68.55368558382257,4.229869145466406,2021,95800.0,1831.7399617590822
894,SOUTH DAKOTA,HAAKON,46055,9.981072935949648,41.87635135135135,-28.758783783783784,32.986486486486484,240.1081081081081,336.3860810810811,0.8432168085894113,11.743243243243244,41.33783783783784,2.5405405405405403,170422.91850084325,0.8243243243243243,58.260988522769345,4.207464790818215,2021,1417000.0,56007.90513833992
895,SOUTH DAKOTA,HAMLIN,46057,8.312168949771689,36.5675,-31.750833333333333,5.75,235.25,473.8896666666667,0.553977397260274,1.5,61.0,2.5833333333333335,157097.94053760002,7.5,69.3466210045662,4.252879223744292,2021,31600.0,560.2836879432624
896,SOUTH DAKOTA,HAND,46059,9.15711350293542,38.95761904761905,-31.048809523809524,9.69047619047619,233.64285714285714,378.0015,0.6301365949119374,1.0476190476190474,44.785714285714285,2.857142857142857,165219.9137033143,4.4523809523809526,65.16348336594912,4.245858838878017,2021,788000.0,14301.270417422867
897,SOUTH DAKOTA,HUGHES,46065,9.95974281926646,40.75387096774193,-30.815806451612904,25.838709677419356,231.74193548387098,321.0438064516129,0.7304792752982766,4.193548387096774,38.70967741935484,3.032258064516129,166528.4918511484,1.903225806451613,62.464551480335835,4.393228899690676,2021,1262000.0,33298.15303430079
898,SOUTH DAKOTA,HUTCHINSON,46067,10.162472276581866,39.12761904761904,-30.392380952380954,11.666666666666666,221.1904761904762,450.98414285714284,0.646360469667319,2.7142857142857144,52.23809523809524,3.0,164478.18718902857,5.476190476190476,66.30574037834312,4.052879843444227,2021,300000.0,5376.344086021506
899,SOUTH DAKOTA,JACKSON,46071,10.342604400166044,41.20075757575758,-28.727272727272727,34.86363636363637,239.5,416.29460606060604,0.8595577418015774,11.515151515151516,48.984848484848484,3.272727272727273,172618.83941760001,1.2121212121212122,58.488833540888336,4.148187878787878,2021,683000.0,23310.580204778158
900,SOUTH DAKOTA,JERAULD,46073,9.377360730593608,39.12166666666666,-29.813333333333333,8.666666666666666,230.0,355.12125,0.6244899543378996,0.75,44.583333333333336,2.75,165834.48101760002,5.333333333333333,65.13429223744292,4.228181735159817,2021,179000.0,3248.638838475499
901,SOUTH DAKOTA,JONES,46075,10.514098983650022,40.82838709677419,-28.655161290322578,31.806451612903224,230.5483870967742,355.8482903225807,0.8366969509500664,7.096774193548387,44.0,2.193548387096774,170902.97262534194,0.8387096774193549,58.136959787892174,4.414352629253203,2021,684000.0,20296.73590504451
902,SOUTH DAKOTA,LYMAN,46085,10.433021416168241,40.62929577464789,-29.218028169014083,24.12676056338028,228.01408450704224,346.34052112676056,0.7585828670654061,3.380281690140845,40.87323943661972,2.4788732394366195,168047.96393590988,3.3098591549295775,61.10894848543315,4.260632992475401,2021,2385000.0,50316.45569620253
903,SOUTH DAKOTA,MCCOOK,46087,9.41023287671233,37.0075,-30.015,7.583333333333334,227.75,442.23566666666665,0.5753216894977169,1.3333333333333333,56.75,1.4166666666666667,161650.3248576,7.0,68.88582191780822,4.208225342465753,2021,23400.0,728.9719626168225
904,SOUTH DAKOTA,PENNINGTON,46103,9.140726248342908,39.968951612903226,-27.739354838709676,22.596774193548388,248.32258064516128,405.686564516129,0.8307910737958462,11.370967741935484,51.00806451612903,3.129032258064516,169795.14729630967,1.7258064516129032,55.658384887317716,3.7991711224038887,2021,778000.0,29923.076923076922
905,SOUTH DAKOTA,POTTER,46107,8.89536248682824,37.92961538461538,-33.20230769230769,19.423076923076923,236.57692307692307,342.1077307692308,0.6718206533192834,2.3461538461538463,42.84615384615385,3.3461538461538463,164246.4507899077,3.0,64.23241306638566,4.461451949420443,2021,1295000.0,31896.55172413793
906,SOUTH DAKOTA,SPINK,46115,8.898466324200914,38.17125,-30.69458333333333,9.25,236.20833333333334,409.34225,0.5889766552511416,1.25,51.416666666666664,3.625,162006.2492976,7.229166666666667,68.69763698630138,4.090770376712329,2021,582000.0,10797.773654916513
907,SOUTH DAKOTA,STANLEY,46117,10.426904573949384,41.55661016949153,-29.285254237288136,33.94915254237288,231.10169491525423,268.60481355932205,0.8311284885070815,9.932203389830509,36.52542372881356,1.5593220338983051,168637.7497877695,0.7966101694915254,58.82668214534479,4.338474808451358,2021,1140000.0,50442.47787610619
908,SOUTH DAKOTA,SULLY,46119,9.493699391171994,39.685,-31.751944444444444,25.63888888888889,234.91666666666666,328.17938888888887,0.7025582191780821,5.222222222222222,38.69444444444444,2.361111111111111,165750.55349760002,2.138888888888889,64.04609589041097,4.348597184170472,2021,2321000.0,69491.01796407186
909,SOUTH DAKOTA,TRIPP,46123,10.599396281800392,40.206250000000004,-29.291785714285712,21.214285714285715,227.75,378.15189285714285,0.7765683953033268,3.7857142857142856,41.67857142857143,2.232142857142857,169401.48609188572,3.821428571428571,60.373957925636006,4.45275885518591,2021,1664000.0,36895.78713968958
910,SOUTH DAKOTA,WALWORTH,46129,8.78057409713574,37.07272727272727,-33.78363636363636,16.5,238.0,321.3285,0.6856227895392278,2.7727272727272725,44.31818181818182,2.0454545454545454,162389.61431214545,3.909090909090909,62.714769613947695,4.421955417185554,2021,180000.0,2889.2455858747994
911,SOUTH DAKOTA,ZIEBACH,46137,9.327819663603261,41.75316455696203,-30.6753164556962,27.139240506329113,240.48101265822785,290.16735443037976,0.7832663776660308,9.873417721518987,37.43037974683544,2.5822784810126582,169236.1732768405,1.0759493670886076,59.98189006415814,4.269156892665164,2021,641000.0,17513.66120218579
912,TEXAS,ARCHER,48009,17.97500410958904,38.506,-20.041,33.5,137.95,544.76765,0.9717419178082191,0.6,49.1,6.0,185964.16354560002,2.05,62.306,3.989970136986301,2021,621000.0,18704.819277108432
913,TEXAS,ARMSTRONG,48011,15.299743835616438,38.1395,-22.4585,22.65,188.2,317.3345,1.0352783561643835,9.2,38.75,2.0,195148.6943616,0.25,53.69102739726027,4.277485890410959,2021,1021000.0,35699.3006993007
914,TEXAS,BAYLOR,48023,17.979786301369863,39.4365,-20.740000000000002,41.15,141.25,498.6976,1.0396760273972603,4.15,45.3,4.65,190186.0485696,2.45,59.9197397260274,4.095736438356164,2021,1376000.0,47285.223367697596
915,TEXAS,BELL,48027,19.513912711054477,37.20209302325581,-16.623488372093025,24.162790697674417,104.5813953488372,666.0891627906976,0.7948306467027715,0.023255813953488372,65.18604651162791,6.813953488372093,168023.46021387907,5.395348837209302,70.97710098757565,3.4544231920993944,2021,593000.0,12102.040816326531
916,TEXAS,BOSQUE,48035,19.043314365999297,37.53897435897436,-18.17025641025641,27.923076923076923,113.28205128205128,646.0900256410256,0.8730361081840534,0.0,61.256410256410255,6.076923076923077,171714.3717622154,2.076923076923077,67.46916051984545,3.4193256059009483,2021,172000.0,3339.8058252427186
917,TEXAS,BROWN,48049,18.200954845256213,37.38851851851852,-17.30296296296296,24.25925925925926,131.07407407407408,484.738,0.9083080669710806,0.7037037037037037,46.592592592592595,3.518518518518518,182285.73429760002,1.1851851851851851,65.38710299340435,3.507477929984779,2021,71500.0,2491.289198606272
918,TEXAS,CALLAHAN,48059,18.05007397260274,37.299,-19.101499999999998,19.4,130.2,421.29415,0.9885782191780822,2.3,42.25,2.95,186256.8945216,1.95,61.16757534246575,4.100420547945205,2021,165000.0,5271.5654952076675
919,TEXAS,CARSON,48065,14.8753,38.862,-25.072499999999998,24.1,191.45,315.86935,1.0243539726027397,11.35,34.6,2.6,194782.9277376,0.1,54.08413698630137,4.986708219178082,2021,2689000.0,59491.150442477876
920,TEXAS,CASTRO,48069,14.445453424657535,39.3505,-21.788,14.1,202.25,322.7325,0.9826782191780822,8.0,38.1,2.1,200636.1290016,0.0,54.14882191780822,4.509695479452055,2021,2215000.0,51995.305164319245
921,TEXAS,CHILDRESS,48075,16.989962328767124,38.610625,-19.173125,51.25,174.375,348.4205625,1.0979626712328767,11.625,39.375,2.9375,194400.53483760002,0.0,56.22957191780822,3.9260388698630138,2021,341000.0,15787.037037037036
922,TEXAS,CLAY,48077,17.6869556809025,37.98,-21.329411764705885,31.970588235294116,141.44117647058823,598.2288235294118,0.9196850926672039,0.058823529411764705,53.14705882352941,5.764705882352941,180622.39033524707,0.9411764705882353,63.838767123287674,3.8369680096696213,2021,436000.0,13014.925373134329
923,TEXAS,COLEMAN,48083,18.325407436399217,37.818285714285715,-16.82542857142857,28.942857142857143,131.8,459.79054285714284,0.9814435225048924,1.8285714285714285,44.05714285714286,4.114285714285714,185685.54354102857,1.1714285714285715,62.61803522504893,3.455212759295499,2021,261000.0,12083.333333333332
924,TEXAS,COLLIN,48085,18.5135,36.222,-18.6315,19.75,120.7,882.3034,0.8345523287671233,0.05,74.4,9.85,164592.2599776,2.05,67.67593150684931,3.605418219178082,2021,1234000.0,20498.338870431893
925,TEXAS,COLLINGSWORTH,48087,16.05198904109589,37.796499999999995,-21.5145,38.85,182.45,406.11595,0.9947209589041096,6.35,40.35,4.05,193728.2222016,0.0,57.54419178082192,4.054547808219178,2021,224000.0,8145.454545454545
926,TEXAS,CONCHO,48095,18.517059726027398,37.494,-16.702,26.36,126.36,443.28568,0.9845182465753424,1.8,42.36,3.8400000000000003,187732.38620160002,1.44,62.873183561643835,3.6532177534246575,2021,341000.0,7255.31914893617
927,TEXAS,COOKE,48097,17.72724315068493,36.729166666666664,-21.1825,16.958333333333332,132.125,874.4538333333334,0.831763698630137,0.0,64.58333333333333,9.416666666666666,169614.24665760002,2.25,66.30566210045662,3.4050214611872147,2021,641000.0,12897.384305835008
928,TEXAS,CORYELL,48099,19.189399869536857,36.965714285714284,-16.928333333333335,21.166666666666668,109.69047619047619,627.4476666666667,0.8583369210697978,0.023809523809523808,64.47619047619048,6.0476190476190474,171699.65470902857,4.642857142857142,67.88462491846053,3.345097782126549,2021,333000.0,8903.743315508022
929,TEXAS,COTTLE,48101,17.261475342465754,38.9005,-19.434,47.25,166.9,386.0885,1.0915423287671233,8.0,39.0,2.95,193969.8220896,0.2,56.57623287671233,4.055522465753424,2021,220000.0,7432.4324324324325
930,TEXAS,CROSBY,48107,16.44060821917808,39.456,-20.278,20.35,171.8,304.1297,1.07419,4.7,34.65,2.9,199830.54144960002,0.35,54.05019178082192,4.257080684931507,2021,239000.0,8917.910447761195
931,TEXAS,DALLAM,48111,13.355842465753424,39.78916666666667,-25.366388888888892,25.694444444444443,218.36111111111111,230.1431388888889,1.0389263318112634,14.5,33.44444444444444,1.5,201569.6623776,0.24999999999999997,50.527404870624046,4.730424429223745,2021,2100000.0,40697.67441860465
932,TEXAS,DAWSON,48115,16.91771917808219,41.1755,-18.957,26.5,166.25,291.57465,1.1230782191780821,8.25,32.6,2.5,202955.5473696,0.0,53.803999999999995,4.0017160273972605,2021,170000.0,2941.1764705882356
933,TEXAS,DEAF SMITH,48117,14.261684931506851,39.75666666666667,-23.81361111111111,19.25,205.19444444444446,288.09294444444447,1.0298851598173515,12.36111111111111,34.833333333333336,2.5,200974.6325376,0.0,51.99853881278539,4.7611096651445965,2021,2270000.0,60212.201591511934
934,TEXAS,DELTA,48119,18.06669520547945,36.29,-19.21875,13.125,128.0,988.22475,0.7680256849315069,0.0,75.375,12.75,163503.9742176,1.625,69.77123287671233,3.5387640410958907,2021,535000.0,9083.191850594229
935,TEXAS,DENTON,48121,18.545920091324202,37.41041666666667,-19.212083333333336,26.583333333333332,121.95833333333333,833.845875,0.8770614155251141,0.16666666666666666,69.79166666666667,9.541666666666666,168616.98077760002,1.8333333333333333,66.56691780821917,3.474060616438356,2021,783000.0,17595.505617977527
936,TEXAS,ELLIS,48139,19.087647488584476,36.781,-17.540666666666667,21.4,109.23333333333333,765.3184666666666,0.7850632876712328,0.0,67.03333333333333,7.566666666666666,166644.50492160002,2.0,70.50910502283105,3.706139817351598,2021,1094000.0,20798.47908745247
937,TEXAS,FALLS,48145,19.451666509211147,36.74620689655172,-17.37448275862069,20.93103448275862,102.75862068965517,752.5664137931035,0.7527357581483232,0.0,65.72413793103448,7.655172413793103,167707.59572656552,4.310344827586207,72.26069910250354,3.826997732640529,2021,590000.0,12090.16393442623
938,TEXAS,FANNIN,48147,17.848777397260275,36.441250000000004,-20.215,18.708333333333332,129.875,913.4314583333334,0.7886159817351598,0.0,75.125,10.208333333333334,165006.64985760002,1.4166666666666667,68.89163242009133,3.448387328767123,2021,906000.0,16998.123827392123
939,TEXAS,FISHER,48151,18.15549589041096,39.4705,-19.657,46.25,144.7,326.0,1.149477808219178,7.35,35.15,2.6,192985.92092160002,0.6,55.92747945205479,4.066712328767123,2021,231000.0,9390.243902439024
940,TEXAS,FLOYD,48153,15.534440547945207,39.236,-21.446399999999997,17.28,184.84,333.4924,1.012419397260274,4.5600000000000005,35.32,3.2800000000000002,198831.1580928,0.04,55.00584109589042,4.507961095890411,2021,1079000.0,48385.65022421524
941,TEXAS,FOARD,48155,17.706259726027398,39.1804,-19.8356,52.08,157.92,411.37952,1.0894047123287671,8.2,40.28,3.56,189753.8386176,1.0,57.8121095890411,4.077228821917808,2021,839000.0,30288.80866425993
942,TEXAS,GILLESPIE,48171,18.441422048271363,35.17809523809524,-15.676666666666666,2.4761904761904763,111.71428571428571,557.5004285714285,0.7938301369863013,0.0,56.61904761904762,5.571428571428571,176918.55701760002,5.0476190476190474,68.37829093281148,3.644147292889759,2021,44400.0,1059.6658711217185
943,TEXAS,GRAY,48179,14.90123698630137,37.372,-23.735,15.7,191.35,395.8032,0.9543945205479452,6.05,37.4,4.05,193137.80952960002,0.25,56.40605479452054,4.748500547945206,2021,1101000.0,21503.90625
944,TEXAS,GRAYSON,48181,17.981689497716896,37.014242424242425,-20.30727272727273,19.606060606060606,126.84848484848484,1040.9309393939393,0.8270673308426734,0.0,72.6969696969697,12.424242424242424,168054.0583994182,2.787878787878788,67.18717310087173,3.4392065587380656,2021,1624000.0,27903.78006872852
945,TEXAS,GUADALUPE,48187,20.600915851272017,36.765,-12.004285714285714,16.892857142857142,89.57142857142857,999.5056428571429,0.776326712328767,0.0,73.89285714285714,11.357142857142858,165240.2177033143,3.857142857142857,72.57344422700587,3.3776622309197655,2021,26300.0,1391.5343915343917
946,TEXAS,HALE,48189,15.073539726027397,39.0212,-20.8604,15.88,194.08,319.48856,0.9908853698630137,5.32,35.28,2.96,200809.63791360002,0.0,54.977183561643834,4.301884383561644,2021,1140000.0,24000.0
947,TEXAS,HAMILTON,48193,18.707954927087936,36.70741935483871,-16.99451612903226,21.161290322580644,117.16129032258064,545.9328709677419,0.8739085285019885,0.03225806451612903,57.935483870967744,4.0,174994.51848340646,2.4516129032258065,66.9415466195316,3.48578488731772,2021,102000.0,2372.093023255814
948,TEXAS,HANSFORD,48195,14.49197397260274,40.1215,-25.4085,36.65,198.7,317.61335,1.0542020547945206,15.65,38.25,3.0,196156.26783360002,0.8,53.09671232876712,4.884825890410959,2021,3659000.0,100798.89807162536
949,TEXAS,HARDEMAN,48197,17.44597390737117,39.04857142857143,-19.678571428571427,52.95238095238095,163.57142857142858,354.51957142857145,1.084783039791259,7.857142857142857,39.38095238095238,2.8095238095238093,189814.7950518857,0.7142857142857142,57.45333333333333,4.169077495107632,2021,1192000.0,43985.239852398525
950,TEXAS,HARTLEY,48205,13.883060882800608,40.150555555555556,-25.084166666666665,27.52777777777778,211.22222222222223,261.07716666666664,1.0602896499238965,15.916666666666666,33.19444444444444,1.5,201820.2086976,0.05555555555555555,50.47872907153729,4.447467351598173,2021,700000.0,20000.0
951,TEXAS,HASKELL,48207,17.986345205479452,40.147,-19.6155,45.6,147.15,473.5035,1.071588493150685,5.35,42.3,4.8,193701.0334176,1.7,58.95193150684932,3.893634794520548,2021,2649000.0,82012.3839009288
952,TEXAS,HEMPHILL,48211,15.020194520547946,37.6825,-23.828,25.4,193.25,337.84215,0.9443590410958904,7.05,38.2,2.95,192534.3508896,0.0,57.43691780821917,4.628944931506849,2021,21200.0,959.2760180995474
953,TEXAS,HILL,48217,19.108019569471626,36.978857142857144,-17.49,23.37142857142857,110.6,702.4737142857143,0.787478277886497,0.0,64.02857142857142,6.6,169838.05060388573,2.4857142857142858,70.5881095890411,3.6160780430528376,2021,1442000.0,23795.379537953795
954,TEXAS,HUNT,48231,18.141702054794518,35.60208333333333,-18.902916666666666,10.25,125.0,904.1919583333333,0.7527578767123287,0.0,73.95833333333333,10.791666666666666,163434.6936576,1.7916666666666667,70.26157534246575,3.529263698630137,2021,920000.0,15307.820299500832
955,TEXAS,HUTCHINSON,48233,15.16300410958904,40.4215,-24.332,37.8,193.65,340.00105,1.0876609589041095,16.4,40.3,2.8,195589.6670016,0.25,52.48561643835617,4.575002191780822,2021,905000.0,24999.999999999996
956,TEXAS,JACK,48237,18.013872602739728,37.7395,-18.9925,24.6,132.7,636.76565,0.9369819178082192,0.0,54.15,6.0,179629.2395136,1.0,63.390863013698635,3.6826243835616435,2021,25200.0,1527.2727272727273
957,TEXAS,JOHNSON,48251,18.982135544340302,37.7378947368421,-18.834736842105265,27.894736842105264,113.36842105263158,701.7374736842105,0.8625762076423936,0.0,64.3157894736842,6.842105263157895,170154.7252870737,1.5789473684210527,67.5535976928623,3.5929215573179523,2021,566000.0,9691.780821917808
958,TEXAS,JONES,48253,18.260957534246575,39.952999999999996,-18.6535,46.85,140.5,423.8505,1.1115393150684931,8.1,41.55,3.5,190794.5313696,1.2,58.02402739726028,3.948526301369863,2021,1388000.0,41807.22891566265
959,TEXAS,LAMAR,48277,17.71235616438356,36.5984,-20.934,18.92,133.24,829.979,0.7617986849315068,0.0,74.72,8.64,162931.22784,1.84,69.82158904109589,3.3900966575342464,2021,763000.0,15290.58116232465
960,TEXAS,LAMB,48279,15.003092602739727,39.74,-21.2656,16.56,197.0,304.67628,1.0342763835616438,9.08,35.12,2.2399999999999998,202972.5108864,0.0,53.145435616438355,4.296607561643836,2021,496000.0,10806.100217864923
961,TEXAS,LIPSCOMB,48295,14.61021506849315,38.475,-25.342,28.85,197.2,318.51855,0.9418149315068494,7.95,37.1,2.55,192074.9089536,0.1,57.65254794520548,4.73959506849315,2021,520000.0,11607.142857142859
962,TEXAS,LUBBOCK,48303,16.005879452054792,41.259,-20.069,20.55,180.9,277.5775,1.0796331506849315,6.0,36.5,2.1,201614.4552096,0.0,53.43372602739726,4.264711506849315,2021,131000.0,7485.714285714285
963,TEXAS,LYNN,48305,16.294384931506848,41.0305,-19.4735,19.45,173.9,314.14625,1.0691631506849315,5.05,35.15,2.65,202531.9696416,0.0,54.34142465753424,4.212971095890411,2021,54700.0,1599.4152046783624
964,TEXAS,MCCULLOCH,48307,18.65030904109589,38.3856,-16.2656,31.240000000000002,125.76,520.51796,0.9786267397260274,2.28,47.68,5.0,184349.28291840001,2.92,63.77116712328767,3.529026191780822,2021,275000.0,9615.384615384615
965,TEXAS,MCLENNAN,48309,19.373816237888406,37.03121951219512,-16.567560975609755,24.609756097560975,107.95121951219512,687.4532926829268,0.8026111593718678,0.0,65.39024390243902,6.658536585365854,169675.64586052683,3.975609756097561,70.34694286668895,3.6990173738723686,2021,937000.0,16702.317290552583
966,TEXAS,MEDINA,48325,20.654809741248098,36.553333333333335,-12.349722222222223,29.38888888888889,86.63888888888889,558.6765,0.9784350076103501,0.4444444444444444,49.30555555555556,5.583333333333333,178241.8649376,1.8055555555555556,66.02144596651446,2.8833111872146118,2021,84400.0,2679.3650793650795
967,TEXAS,MILAM,48331,19.985138428262438,37.50157894736842,-16.88078947368421,33.13157894736842,98.78947368421052,772.9961842105263,0.796066258111031,0.0,69.42105263157895,8.868421052631579,162148.18507654738,4.7368421052631575,71.85821196827686,3.7746235039653926,2021,257000.0,5468.085106382979
968,TEXAS,MITCHELL,48335,18.107364383561645,38.832,-19.923,45.7,145.7,434.0512,1.154288493150685,7.5,36.35,4.4,196056.36048960002,0.5,55.88308219178082,3.889690684931507,2021,289000.0,10000.0
969,TEXAS,MONTAGUE,48337,17.658340821917808,36.838,-21.268800000000002,20.2,134.96,807.56316,0.871112,0.0,56.36,9.76,173815.2,1.08,64.67526575342467,3.6230460273972604,2021,58700.0,2781.990521327014
970,TEXAS,MOORE,48341,14.357708219178082,40.313,-25.2445,30.4,201.2,309.4825,1.0488597260273973,14.25,37.3,2.25,199080.19157760002,0.3,52.06209589041096,4.610211780821918,2021,1599000.0,43688.524590163935
971,TEXAS,NAVARRO,48349,19.329507570295604,36.48026315789474,-17.91,19.42105263157895,105.15789473684211,761.1921578947369,0.7733545782263879,0.0,67.84210526315789,6.7368421052631575,167521.35355654737,3.4473684210526314,71.34823359769285,3.9689969718817593,2021,222000.0,4413.518886679921
972,TEXAS,NOLAN,48353,17.607494520547945,37.6125,-19.715,19.650000000000002,139.75,432.80740000000003,1.0303356164383561,3.4,40.05,3.55,192037.7595456,0.65,58.34183561643836,4.255168356164384,2021,260000.0,6788.511749347259
973,TEXAS,OCHILTREE,48357,14.432597260273972,38.677,-25.368000000000002,32.4,198.1,344.0855,1.001358082191781,10.8,37.35,3.5,194065.7450976,0.4,55.11095890410959,4.821906438356164,2021,3044000.0,66608.31509846827
974,TEXAS,OLDHAM,48359,14.842547945205478,41.18222222222222,-24.066388888888888,30.88888888888889,196.86111111111111,278.63783333333333,1.130061415525114,19.22222222222222,36.0,1.6944444444444444,201149.9398176,0.027777777777777776,49.55764079147641,4.497946651445966,2021,273000.0,11617.021276595744
975,TEXAS,POTTER,48375,15.059928767123287,40.297000000000004,-24.4945,31.9,193.3,282.5743,1.102548904109589,16.5,37.75,2.3,197878.3572096,0.0,51.307493150684934,4.563477534246576,2021,127000.0,5594.713656387666
976,TEXAS,RANDALL,48381,14.6659,39.409,-23.963,19.5,198.5,305.841,1.0210082191780823,10.55,39.8,2.0500000000000003,197229.7135296,0.0,53.546863013698626,4.675819452054794,2021,534000.0,20304.182509505703
977,TEXAS,RUNNELS,48399,18.30065424657534,38.0548,-17.779600000000002,33.160000000000004,134.6,441.95648,1.0343208767123289,3.4000000000000004,43.04,4.04,188718.182208,1.44,60.56770410958904,3.528047123287671,2021,686000.0,28000.0
978,TEXAS,SAN SABA,48411,18.907520547945204,37.50447368421053,-16.771842105263158,32.28947368421053,119.0,531.8001052631579,0.9390064167267484,0.5,54.973684210526315,4.894736842105263,179860.25533338948,3.8684210526315788,65.27739726027397,3.4067732516222065,2021,135000.0,3161.592505854801
979,TEXAS,SCURRY,48415,17.49796301369863,38.615,-19.658499999999997,32.5,151.7,387.9279,1.0864271232876712,3.7,38.4,3.65,195839.89824960002,0.7,56.42558904109589,4.123269726027397,2021,160000.0,6083.650190114068
980,TEXAS,SHERMAN,48421,14.076936986301371,40.5105,-26.164499999999997,34.35,205.9,279.827,1.0595528767123288,16.5,34.85,2.2,199457.46452160002,0.75,51.946917808219176,4.795013698630137,2021,2981000.0,55000.0
981,TEXAS,SWISHER,48437,14.810368493150683,37.977,-22.425,15.55,196.9,319.9951,0.9880539726027397,4.95,40.5,2.6,197941.1168736,0.0,54.88187671232876,4.510716027397261,2021,1241000.0,36286.54970760234
982,TEXAS,TAYLOR,48441,17.949975342465752,37.97,-19.1305,25.7,132.0,413.06155,1.0380960273972604,4.15,40.55,3.6,188399.3674176,1.3,59.03056164383561,4.155290547945206,2021,676000.0,19594.202898550724
983,TEXAS,THROCKMORTON,48447,18.013253424657535,38.697500000000005,-20.45,34.45,138.55,441.2554,1.0004873972602741,2.0,43.0,3.45,188796.3520896,1.95,61.54390410958904,3.8355960273972602,2021,1029000.0,33193.54838709677
984,TEXAS,TOM GREEN,48451,18.424618395303327,37.55795918367347,-18.42204081632653,30.24489795918367,132.16326530612244,366.03591836734694,1.0574090578697233,4.755102040816326,38.51020408163265,2.9183673469387754,192394.4759988245,1.6122448979591837,60.115610847078564,3.7396897400055913,2021,634000.0,15810.473815461346
985,TEXAS,UVALDE,48463,20.449158512720157,36.506,-11.732285714285714,24.65714285714286,83.48571428571428,411.05685714285715,0.962508336594912,0.19999999999999998,41.25714285714286,3.6857142857142855,180396.8348873143,1.9714285714285713,65.9195459882583,3.1193145205479453,2021,145000.0,4354.354354354355
986,TEXAS,WICHITA,48485,17.75266301369863,40.047333333333334,-20.373333333333335,43.0,147.73333333333332,472.2176666666667,0.9873457534246575,2.0,49.0,4.866666666666667,184511.01634560002,1.6666666666666665,61.92962557077625,4.066238173515982,2021,1316000.0,30892.01877934272
987,TEXAS,WILBARGER,48487,17.741864067439412,39.42807692307693,-19.771538461538462,51.57692307692308,155.5,440.57053846153843,1.0524951527924131,5.153846153846153,46.0,4.115384615384615,187364.66195298464,1.6923076923076923,59.53457323498419,4.115425395152792,2021,2456000.0,71188.40579710146
988,TEXAS,WILLIAMSON,48491,19.759356816699285,37.35095238095238,-15.85404761904762,22.714285714285715,101.38095238095238,766.2283333333334,0.7968510763209393,0.0,64.83333333333333,9.023809523809524,164697.9898176,5.190476190476191,71.12958904109588,3.400242139595564,2021,307000.0,6265.306122448979
989,TEXAS,WISE,48497,18.323768493150684,38.173,-20.419999999999998,23.65,127.4,799.84825,0.9216983561643836,0.5,59.25,8.7,173987.2897056,1.15,64.28061643835616,3.4341935616438355,2021,137000.0,3261.904761904762
990,TEXAS,YOUNG,48503,18.21254794520548,38.275,-19.9,31.25,132.0,529.535,0.9856576712328766,1.0,49.85,4.7,184769.5815936,1.85,62.32246575342466,3.8092305479452055,2021,790000.0,24610.591900311527
991,TEXAS,ZAVALA,48507,21.91456653620352,38.580357142857146,-10.150357142857143,81.39285714285714,75.28571428571429,448.80564285714286,1.1677841487279843,0.6428571428571428,34.392857142857146,5.0,187040.33182902858,1.25,63.282436399217225,3.2269883561643837,2021,84400.0,3801.801801801802
992,ARKANSAS,CLAY,05021,15.34311301369863,36.949375,-18.84,17.25,169.125,1171.8613125,0.6505989726027397,0.0,76.75,14.8125,139900.6610928,22.1875,70.32256849315068,4.905726883561644,2022,120000.0,2597.402597402597
993,ARKANSAS,CRAWFORD,05033,15.941715590345728,39.52285714285714,-18.77952380952381,35.19047619047619,159.23809523809524,1067.4626666666668,0.8324640574037835,4.476190476190476,72.61904761904762,14.047619047619047,142497.24528137143,18.666666666666668,64.29457273320287,2.5333890410958904,2022,56400.0,1258.9285714285716
994,ARKANSAS,CRITTENDEN,05035,16.569936488169365,37.143181818181816,-17.150909090909092,16.272727272727273,150.72727272727272,1051.6656363636364,0.7217435865504358,0.0,85.86363636363636,11.727272727272727,139591.45149643638,21.5,69.16261519302616,5.31255703611457,2022,653000.0,10993.265993265994
995,ARKANSAS,CROSS,05037,16.175490410958904,37.245,-17.568,18.1,161.5,967.4264,0.7206931506849314,0.0,82.5,10.8,141021.5302368,21.3,68.75756164383561,5.512025479452055,2022,378000.0,6517.241379310345
996,ARKANSAS,DESHA,05041,17.694686757990866,36.83866666666667,-14.063333333333333,21.7,137.16666666666666,1039.4792,0.776843196347032,0.0,79.96666666666667,12.666666666666666,144188.75004480002,17.866666666666667,68.5556712328767,5.440714063926941,2022,249000.0,5297.872340425532
997,ARKANSAS,GREENE,05055,15.511245521601687,37.26461538461538,-18.666153846153847,20.0,166.76923076923077,1101.4495384615384,0.6772897787144362,0.0,78.38461538461539,16.153846153846153,140505.82339126154,22.846153846153847,69.65896733403582,5.0613178082191785,2022,145000.0,3527.9805352798053
998,ARKANSAS,JACKSON,05067,15.585857534246575,36.5225,-17.773500000000002,14.2,166.9,1095.7464,0.6530401369863014,0.0,79.05,14.2,141443.6603328,22.35,70.17171232876711,5.201667123287671,2022,469000.0,8481.012658227848
999,ARKANSAS,JEFFERSON,05069,17.392042074363992,37.31857142857143,-14.804285714285713,35.142857142857146,142.03571428571428,915.005,0.8095974559686889,0.0,78.89285714285714,10.571428571428571,142926.22786422857,18.071428571428573,67.06122309197652,5.031473776908023,2022,634000.0,11590.493601462522
1000,ARKANSAS,LAWRENCE,05075,15.45827701674277,37.342777777777776,-18.485555555555557,19.88888888888889,168.05555555555554,1149.9613333333334,0.6527633181126332,0.1111111111111111,76.72222222222223,15.833333333333332,141255.2744928,22.38888888888889,70.3127397260274,4.783038356164384,2022,14000.0,339.8058252427184
1001,ARKANSAS,LEE,05077,16.515551859099805,37.04357142857143,-16.14,17.57142857142857,155.07142857142858,1062.8609999999999,0.6615401174168297,0.0,80.64285714285714,13.785714285714285,141712.99474422858,19.928571428571427,72.03270058708415,5.43620156555773,2022,401000.0,7756.286266924564
1002,ARKANSAS,LINCOLN,05079,17.597624266144816,37.02928571428571,-14.496428571428572,30.5,138.35714285714286,983.3282857142857,0.8030273972602741,0.0,79.64285714285714,11.928571428571429,144276.40992137144,18.785714285714285,67.35825831702545,5.082853228962818,2022,179000.0,3168.141592920354
1003,ARKANSAS,MONROE,05095,16.664535388127856,37.36,-15.550416666666665,25.625,155.16666666666666,989.352375,0.7055002283105023,0.0,76.375,13.041666666666666,141696.4703328,19.708333333333332,70.86660958904109,5.532235388127854,2022,285000.0,5307.262569832402
1004,ARKANSAS,PHILLIPS,05107,16.96189562948467,36.79571428571429,-15.194761904761904,18.19047619047619,147.28571428571428,965.3365238095238,0.6864797129810829,0.0,78.71428571428571,11.666666666666666,142985.8870642286,19.428571428571427,71.78473581213308,5.427847619047619,2022,767000.0,14499.054820415879
1005,ARKANSAS,POINSETT,05111,15.970065068493149,37.13,-17.985625,17.0625,161.75,990.814375,0.7172065068493151,0.0,80.875,11.3125,140836.3995528,22.0,68.6569006849315,5.563708732876712,2022,349000.0,5885.328836424958
1006,ARKANSAS,PRAIRIE,05117,16.577256700416914,37.19913043478261,-15.699130434782608,24.869565217391305,155.52173913043478,981.7231304347827,0.7242936271590232,0.0,77.34782608695652,12.08695652173913,141564.38113627827,21.0,69.43922572960095,5.420758189398452,2022,53800.0,1089.0688259109313
1007,ARKANSAS,ST. FRANCIS,05123,16.413892237442923,37.51733333333333,-16.798,18.866666666666667,156.73333333333332,1034.0333333333333,0.7059870319634703,0.0,79.06666666666666,13.2,141602.3317728,20.066666666666666,69.98544292237443,5.4898,2022,319000.0,5212.418300653594
1008,ARKANSAS,WHITE,05145,15.893412069603851,37.968648648648646,-16.96081081081081,23.27027027027027,164.1891891891892,1038.0399459459459,0.7083354313217326,0.0,82.05405405405405,12.054054054054054,139456.28980955677,23.054054054054056,68.40987782302851,4.315408737504628,2022,83800.0,1779.1932059447981
1009,CALIFORNIA,SAN JOAQUIN,06077,16.23114334637965,44.599642857142854,-2.7305357142857143,52.517857142857146,181.91071428571428,237.22332142857144,1.1584220156555773,31.017857142857142,21.625,2.0,164214.54853508572,16.553571428571427,55.7048385518591,4.3432272994129155,2022,332000.0,4896.755162241888
1010,CALIFORNIA,SUTTER,06101,16.328510273972604,43.20083333333333,-3.07375,61.708333333333336,181.79166666666666,260.94475,1.179845890410959,31.375,25.416666666666668,2.458333333333333,161497.39574880002,16.166666666666668,56.223025114155256,4.381840068493151,2022,332000.0,3401.6393442622953
1011,CALIFORNIA,YOLO,06113,16.328369863013698,44.2445,-1.643,59.175,178.475,257.4455,1.2236341780821918,39.25,25.45,2.675,163793.544444,15.0,53.148678082191786,4.03090698630137,2022,880000.0,9799.55456570156
1012,KANSAS,ALLEN,20001,13.613760273972602,38.1175,-20.62875,26.375,193.625,773.178125,0.7325897260273972,0.5,69.625,7.125,141850.5222528,15.5,66.18215753424657,3.990225,2022,610000.0,11401.869158878504
1013,KANSAS,ATCHISON,20005,12.080255707762557,36.733333333333334,-21.84,9.666666666666666,208.33333333333334,578.1746666666667,0.6207041095890411,0.0,58.833333333333336,4.5,134803.19897280002,18.166666666666668,66.5516894977169,3.8500552511415527,2022,105000.0,1788.7563884156727
1014,KANSAS,BARBER,20007,14.63445205479452,43.222142857142856,-19.368571428571432,64.10714285714286,193.60714285714286,373.92675,1.0869196673189823,23.25,45.42857142857143,2.1785714285714284,157744.8541728,14.178571428571429,55.00512720156555,4.593479941291585,2022,2822000.0,100785.71428571429
1015,KANSAS,BARTON,20009,13.071275342465755,42.353500000000004,-22.1735,51.3,207.75,410.81080000000003,0.9664008219178082,18.4,47.35,3.7,154717.6271328,13.95,57.13442465753424,4.879243287671233,2022,5423000.0,134900.4975124378
1016,KANSAS,BOURBON,20011,14.072244292237443,38.89,-20.789166666666667,34.583333333333336,188.66666666666666,755.7838333333333,0.7918808219178082,1.9166666666666667,71.5,6.833333333333333,139359.4820928,16.416666666666668,64.01216894977169,3.726603652968037,2022,388000.0,7822.58064516129
1017,KANSAS,BROWN,20013,11.7967100456621,36.75666666666667,-22.991666666666664,7.083333333333333,207.75,654.1055,0.6235739726027397,0.0,58.0,6.666666666666667,136939.0429728,18.416666666666668,65.87958904109588,4.1338764840182645,2022,154000.0,1979.4344473007714
1018,KANSAS,BUTLER,20015,13.71493302891933,39.38027777777778,-21.077222222222222,36.02777777777778,191.83333333333334,678.0465,0.8762710806697108,8.416666666666666,56.888888888888886,7.611111111111111,147347.4527328,16.416666666666668,60.879467275494676,4.484066438356164,2022,1670000.0,34291.58110882957
1019,KANSAS,CHASE,20017,13.501669863013698,38.986000000000004,-21.512999999999998,32.55,192.75,727.297,0.8835560273972602,8.5,59.4,7.15,144621.4432608,15.0,59.50701369863014,4.5368395890410955,2022,390000.0,7847.082494969818
1020,KANSAS,CHAUTAUQUA,20019,14.834180365296803,40.87916666666667,-19.395,48.0,185.41666666666666,620.3994166666666,0.9230856164383561,7.583333333333334,61.0,5.5,146140.2268128,14.583333333333334,60.34018264840183,3.9951376712328766,2022,106000.0,2269.8072805139186
1021,KANSAS,CHEROKEE,20021,14.337993150684932,39.3925,-20.3625,29.583333333333332,187.83333333333334,678.6886666666667,0.7454554794520548,1.5833333333333335,69.83333333333333,4.833333333333333,142016.6802528,15.666666666666666,66.61963470319635,3.5304093607305935,2022,3355000.0,53001.579778830965
1022,KANSAS,CHEYENNE,20023,11.310261252446184,41.36607142857143,-25.625714285714285,53.285714285714285,239.75,287.80442857142856,1.058559001956947,31.964285714285715,38.535714285714285,1.7142857142857142,155188.95456137144,13.642857142857142,50.981614481409004,4.57908385518591,2022,3168000.0,92903.2258064516
1023,KANSAS,CLARK,20025,14.130455479452054,42.265,-20.08125,63.5,202.08333333333334,272.71416666666664,1.1358950913242007,28.666666666666668,41.5,1.125,160494.9481728,12.875,52.05546803652968,4.590436643835616,2022,1191000.0,43786.76470588236
1024,KANSAS,CLAY,20027,12.455770547945205,38.199375,-22.36375,24.5625,204.625,511.294,0.7590260273972603,1.3125,57.125,3.625,144680.7961728,16.0,62.59801369863014,4.222150684931507,2022,1739000.0,43693.46733668342
1025,KANSAS,CLOUD,20029,12.560012176560122,38.638888888888886,-23.06722222222222,30.055555555555554,203.94444444444446,494.01666666666665,0.8264677321156773,5.666666666666667,52.27777777777778,4.722222222222222,146893.1039328,16.055555555555557,60.03150684931507,4.431186301369863,2022,2396000.0,55591.64733178654
1026,KANSAS,COFFEY,20031,13.186027397260274,37.380833333333335,-21.026666666666667,21.25,195.75,715.8450833333334,0.7361294520547945,0.16666666666666666,64.75,6.333333333333333,142475.1949728,15.083333333333334,64.30956621004566,4.168838127853881,2022,494000.0,11596.244131455398
1027,KANSAS,COMANCHE,20033,14.49657899543379,42.65333333333333,-19.700666666666667,64.0,195.93333333333334,313.3648,1.126217899543379,26.866666666666667,42.86666666666667,1.8666666666666667,159674.1964128,12.866666666666667,53.05461187214612,4.692350136986301,2022,675000.0,39473.68421052631
1028,KANSAS,COWLEY,20035,14.385242009132421,40.590833333333336,-20.279166666666665,38.791666666666664,187.29166666666666,693.8187916666667,0.9035364155251142,8.625,56.916666666666664,7.583333333333333,149315.2313328,15.666666666666666,60.37675799086758,4.342502397260274,2022,2796000.0,68195.12195121951
1029,KANSAS,CRAWFORD,20037,14.00912785388128,39.221666666666664,-20.415,28.166666666666668,187.41666666666666,720.7411666666667,0.7185219178082192,0.5,71.5,7.416666666666667,140817.55049280002,15.333333333333334,67.03114155251141,3.6419858447488584,2022,1365000.0,24506.283662477555
1030,KANSAS,DECATUR,20039,11.874240867579909,42.276666666666664,-24.6225,56.791666666666664,222.625,200.73008333333334,1.025128310502283,29.458333333333332,34.208333333333336,0.4583333333333333,156723.4117728,12.041666666666666,52.48382420091324,4.774027853881279,2022,2094000.0,74785.71428571429
1031,KANSAS,DICKINSON,20041,12.949208767123286,38.346399999999996,-21.9776,30.88,199.56,644.17504,0.810752,5.52,57.48,6.84,146079.7829856,16.16,62.005709589041096,4.333449534246576,2022,4819000.0,114194.31279620853
1032,KANSAS,DOUGLAS,20045,12.75972602739726,37.08,-20.92375,12.5,203.0,742.893,0.645275,0.0,66.875,8.0,137441.3552928,16.625,67.21184931506849,3.6568157534246577,2022,101000.0,2259.5078299776287
1033,KANSAS,EDWARDS,20047,13.448027397260272,41.182,-21.834,55.666666666666664,205.66666666666666,308.47180000000003,1.0427998173515982,24.066666666666666,43.46666666666667,2.6,157714.7215968,15.533333333333333,55.15004566210045,4.999457351598173,2022,2814000.0,88213.16614420063
1034,KANSAS,ELK,20049,14.371639269406394,40.32333333333333,-20.004166666666666,39.0,187.33333333333334,645.6884166666666,0.885218493150685,6.0,62.583333333333336,5.583333333333333,146197.9736928,15.166666666666666,60.841369863013696,4.219659360730594,2022,238000.0,4760.0
1035,KANSAS,ELLIS,20051,12.515058219178083,40.405,-23.157083333333333,52.5,214.875,331.9737083333333,0.973048401826484,19.083333333333332,40.416666666666664,2.5416666666666665,153791.39033280002,12.25,55.08772831050228,4.797133105022831,2022,3610000.0,76808.51063829787
1036,KANSAS,ELLSWORTH,20053,13.150223744292239,40.28277777777778,-22.345555555555556,46.833333333333336,202.05555555555554,472.66366666666664,0.932262404870624,15.277777777777777,49.72222222222222,5.0,152464.3828128,15.555555555555555,58.076468797564694,4.904512480974125,2022,2969000.0,68410.13824884793
1037,KANSAS,FINNEY,20055,12.677389115142539,41.04756756756757,-22.435405405405405,57.972972972972975,218.72972972972974,220.04786486486486,1.0656874490929285,26.18918918918919,32.72972972972973,1.0,160238.42951117837,13.45945945945946,52.72650129581637,4.795382376897446,2022,3911000.0,127810.45751633987
1038,KANSAS,FRANKLIN,20059,13.157705479452055,37.36083333333333,-21.096666666666668,21.5,199.08333333333334,695.5103333333333,0.7341958904109589,0.16666666666666666,67.41666666666667,6.166666666666667,138967.2152928,15.666666666666666,64.42029680365296,3.8206563926940644,2022,319000.0,6523.517382413088
1039,KANSAS,GEARY,20061,12.872739726027397,38.48111111111111,-22.275555555555556,30.22222222222222,203.88888888888889,632.7418888888889,0.8100858447488585,2.5555555555555554,60.0,6.222222222222222,144002.2568928,16.77777777777778,61.52228310502284,4.237783866057839,2022,302000.0,6317.991631799164
1040,KANSAS,GOVE,20063,12.250401174168296,42.24928571428571,-23.4425,56.57142857142857,224.0,223.3220357142857,1.0602358121330724,26.535714285714285,31.142857142857142,1.5357142857142858,158562.86406994288,13.071428571428571,51.90039138943249,4.678111252446184,2022,3525000.0,91796.875
1041,KANSAS,GRAHAM,20065,12.222236301369863,41.95375,-23.86125,52.833333333333336,218.625,267.92470833333334,0.9914003424657535,23.833333333333332,36.458333333333336,1.8333333333333333,155738.1536928,12.208333333333334,53.886986301369866,4.767182762557078,2022,2360000.0,59000.0
1042,KANSAS,GRANT,20067,13.018397260273973,41.88166666666667,-21.644166666666667,65.16666666666667,219.91666666666666,209.77325,1.1505326484018263,32.25,28.916666666666668,1.3333333333333333,163169.2664928,12.833333333333334,50.67022831050229,4.594993150684931,2022,1875000.0,62709.03010033445
1043,KANSAS,GRAY,20069,13.033828767123287,41.005,-22.244999999999997,55.95,213.95,197.3534,1.0816694520547945,26.9,35.75,0.6,161077.08962880002,14.0,52.50305479452055,5.027460273972602,2022,4161000.0,105609.13705583756
1044,KANSAS,GREELEY,20071,11.656426369863013,41.071875,-23.910625,44.9375,229.875,295.83693750000003,1.036208904109589,22.875,36.875,2.0,160609.8959928,12.9375,50.5483904109589,4.672233219178082,2022,4537000.0,131507.24637681158
1045,KANSAS,GREENWOOD,20073,13.719446727549466,38.77611111111111,-20.757777777777775,32.47222222222222,192.36111111111111,667.2405555555556,0.8120340182648402,2.5277777777777777,61.30555555555556,6.333333333333333,145094.31881280002,15.194444444444445,62.810372907153734,4.2866769406392695,2022,232000.0,5536.992840095466
1046,KANSAS,HAMILTON,20075,12.177653698630138,40.931599999999996,-22.633200000000002,53.72,225.52,209.16448,1.081010410958904,28.48,32.32,0.92,162107.65206720002,12.4,50.73408219178082,4.439992547945205,2022,2243000.0,90080.32128514057
1047,KANSAS,HARPER,20077,14.845510502283105,43.88866666666667,-19.461333333333336,72.46666666666667,189.2,396.38646666666665,1.1042239269406393,29.066666666666666,52.733333333333334,2.2666666666666666,155330.0090208,15.266666666666666,55.962666666666664,4.49773296803653,2022,6033000.0,204508.4745762712
1048,KANSAS,HARVEY,20079,13.568742465753425,40.108,-21.309,41.8,194.6,562.915,0.9079279452054795,12.3,54.0,4.4,149148.50950080002,14.9,59.68654794520548,4.5145142465753425,2022,3534000.0,81805.55555555555
1049,KANSAS,HASKELL,20081,12.989246575342465,40.8275,-21.979166666666668,56.916666666666664,216.0,189.26891666666666,1.0995495433789955,27.25,32.416666666666664,0.5,162243.6128928,13.083333333333334,52.17230593607306,4.888675342465754,2022,1742000.0,57491.74917491749
1050,KANSAS,HODGEMAN,20083,13.225994781474235,41.08380952380952,-22.221904761904764,58.904761904761905,210.33333333333334,243.82828571428573,1.07633542074364,27.952380952380953,36.80952380952381,1.1428571428571428,158822.2376928,14.428571428571429,53.00563600782779,5.003474885844749,2022,3379000.0,93601.10803324099
1051,KANSAS,JACKSON,20085,12.129803082191781,37.375625,-22.838124999999998,15.125,209.625,615.2956875,0.6406068493150685,0.25,59.0625,5.3125,138441.04217280002,17.4375,67.05407534246575,3.9216705479452054,2022,135000.0,2268.90756302521
1052,KANSAS,JEFFERSON,20087,12.380593607305936,37.03916666666667,-21.69666666666667,12.583333333333334,204.58333333333334,708.4618333333333,0.6177237442922374,0.08333333333333333,63.75,6.25,136313.55377280002,16.583333333333332,67.68308219178083,3.704199086757991,2022,77900.0,1320.3389830508474
1053,KANSAS,JEWELL,20089,11.976624429223744,39.577083333333334,-24.265,34.791666666666664,211.45833333333334,484.30925,0.8508825342465752,9.333333333333334,51.083333333333336,4.458333333333333,148800.1721328,16.166666666666668,58.31195205479452,4.412890068493151,2022,3414000.0,70391.75257731958
1054,KANSAS,KEARNY,20093,12.36316712328767,41.0495,-22.6785,56.1,221.65,234.34255,1.0653394520547945,26.75,34.2,1.3,161442.1810368,13.0,51.979684931506846,4.641126849315068,2022,2831000.0,80885.71428571429
1055,KANSAS,KINGMAN,20095,14.275742987606002,42.37380952380953,-20.70285714285714,60.857142857142854,193.57142857142858,412.47390476190475,1.0532344422700588,22.095238095238095,47.666666666666664,1.9523809523809523,154627.77483565715,14.380952380952381,55.939843444227,4.808791650358773,2022,5379000.0,163495.4407294833
1056,KANSAS,KIOWA,20097,13.764047488584474,41.720666666666666,-21.334666666666667,53.93333333333333,200.66666666666666,333.035,1.0558527853881279,21.6,44.666666666666664,1.8,158311.3055328,14.466666666666667,54.459799086758,5.053317260273973,2022,1621000.0,54214.04682274248
1057,KANSAS,LABETTE,20099,14.788303652968036,41.05833333333333,-19.934166666666666,44.583333333333336,181.58333333333334,683.3878333333333,0.8795445205479452,8.166666666666666,69.33333333333333,6.0,142315.0727328,14.916666666666666,62.77417808219178,3.8188799086757994,2022,2304000.0,39792.74611398964
1058,KANSAS,LANE,20101,12.565674657534245,41.08375,-22.99875,58.0,217.6875,211.403125,1.0669385273972603,26.25,31.625,1.0,159116.70851280002,13.4375,51.94243150684931,4.933897945205479,2022,2672000.0,78588.23529411765
1059,KANSAS,LEAVENWORTH,20103,12.753687214611872,37.4,-21.393333333333334,17.25,203.33333333333334,678.2196666666666,0.6744011415525114,0.0,66.41666666666667,5.916666666666666,134544.5807328,17.083333333333332,65.88710045662101,3.537440410958904,2022,81900.0,1409.6385542168675
1060,KANSAS,LINCOLN,20105,13.00231811263318,40.78888888888889,-22.61888888888889,45.611111111111114,203.55555555555554,529.4736111111112,0.9070724505327246,14.055555555555555,51.55555555555556,7.388888888888888,150216.17705280002,16.22222222222222,58.50165905631658,4.523648706240487,2022,2633000.0,78597.01492537314
1061,KANSAS,LINN,20107,13.682600456621005,38.12166666666666,-20.748333333333335,29.0,195.08333333333334,735.7930833333334,0.7649200913242009,1.75,69.33333333333333,7.166666666666667,137969.8057728,16.416666666666668,64.45506849315068,3.600370776255708,2022,236000.0,5000.0
1062,KANSAS,LYON,20111,13.194084474885846,38.15708333333333,-21.3175,26.458333333333332,197.625,769.7042083333333,0.78852899543379,2.4583333333333335,65.25,8.708333333333334,142647.4690128,15.041666666666666,62.301792237442925,4.2764700913242,2022,509000.0,11892.523364485982
1063,KANSAS,MARION,20115,13.345801643835616,39.0864,-21.6804,36.6,195.56,593.10228,0.8850254246575343,10.36,55.4,4.68,147399.7717728,15.36,60.04623561643836,4.62223002739726,2022,4024000.0,100600.0
1064,KANSAS,MARSHALL,20117,11.859391552511415,37.780833333333334,-23.804166666666664,12.5,209.04166666666666,634.918375,0.6973421232876712,0.125,57.208333333333336,6.541666666666666,141066.86309280002,17.291666666666668,63.415376712328765,4.160392579908676,2022,489000.0,9106.145251396647
1065,KANSAS,MCPHERSON,20113,13.296765753424657,39.9385,-21.6815,43.7,200.45,472.5554,0.9089613698630137,12.2,51.9,3.35,150309.33626880002,15.75,59.441986301369866,4.691156027397261,2022,7624000.0,166100.21786492376
1066,KANSAS,MITCHELL,20123,12.532601217656012,40.01777777777777,-23.240555555555556,43.94444444444444,207.88888888888889,517.638,0.8694850837138509,10.166666666666666,51.666666666666664,5.388888888888888,148614.5778528,16.555555555555557,59.21082191780822,4.339169863013699,2022,4426000.0,98794.64285714287
1067,KANSAS,MONTGOMERY,20125,14.666066210045662,40.73583333333333,-19.729166666666668,46.0,183.66666666666666,659.662,0.8644938356164384,6.833333333333333,68.08333333333333,5.75,143906.4851328,13.416666666666666,63.23993150684932,3.805935388127854,2022,1740000.0,32402.234636871508
1068,KANSAS,MORRIS,20127,13.059251141552512,38.32888888888889,-22.252222222222223,30.444444444444443,198.88888888888889,659.1055,0.8420952815829528,3.555555555555556,60.888888888888886,5.388888888888889,144875.0639328,16.166666666666668,60.382009132420094,4.581753424657534,2022,936000.0,19298.96907216495
1069,KANSAS,NEMAHA,20131,11.480294520547945,35.455625,-23.693125,3.625,210.75,645.6915,0.5734289383561644,0.0,57.0625,7.375,139041.8143128,18.8125,68.12508561643835,4.108371746575342,2022,227000.0,3497.68875192604
1070,KANSAS,NEOSHO,20133,14.20514611872146,40.395,-19.858333333333334,34.083333333333336,185.58333333333334,796.7058333333333,0.7926470319634703,2.1666666666666665,71.33333333333333,8.083333333333334,142244.9094528,15.333333333333334,64.50296803652968,3.847463470319635,2022,1245000.0,24507.87401574803
1071,KANSAS,NESS,20135,12.748954011741683,41.087857142857146,-22.480357142857144,57.214285714285715,217.07142857142858,252.1829285714286,1.0299997064579256,22.678571428571427,34.42857142857143,0.9285714285714286,157586.92114422857,13.321428571428571,53.62925636007828,4.841350587084149,2022,3746000.0,99100.52910052911
1072,KANSAS,NORTON,20137,11.83606301369863,42.0855,-24.468,49.1,220.5,294.2595,0.9443265753424657,22.0,40.55,1.95,154870.1218368,12.3,55.056232876712336,4.696309452054794,2022,1475000.0,50687.2852233677
1073,KANSAS,OSAGE,20139,13.051455479452056,37.5875,-21.140625,21.625,200.625,687.51575,0.7396124999999999,0.4375,65.8125,6.0625,140220.7876728,14.5625,63.801078767123286,4.125318493150685,2022,280000.0,5436.8932038834955
1074,KANSAS,OTTAWA,20143,12.843817351598172,39.254999999999995,-22.24388888888889,35.888888888888886,201.55555555555554,558.5373333333333,0.828072907153729,6.166666666666667,55.833333333333336,6.166666666666667,147491.4839328,15.722222222222221,60.760015220700154,4.3782234398782345,2022,2457000.0,69406.77966101695
1075,KANSAS,PAWNEE,20145,13.201804305283757,41.88761904761905,-22.076190476190476,54.42857142857143,208.23809523809524,341.55290476190476,1.0196504892367906,21.904761904761905,44.238095238095234,2.761904761904762,156875.0495328,15.142857142857142,55.648454011741684,4.881367253750815,2022,4148000.0,111206.4343163539
1076,KANSAS,PHILLIPS,20147,11.74603310502283,41.30125,-24.8025,43.041666666666664,220.54166666666666,405.4230416666667,0.8815208904109589,13.291666666666666,46.125,3.75,152822.2764528,13.208333333333334,56.92255707762557,4.407576141552512,2022,1938000.0,58198.1981981982
1077,KANSAS,POTTAWATOMIE,20149,12.3119766615931,37.73148148148148,-22.69,18.407407407407405,208.07407407407408,580.7596666666667,0.707508472856418,0.3333333333333333,57.0,5.111111111111111,140938.6696928,16.962962962962962,64.27847792998479,3.9788443429731104,2022,213000.0,3591.905564924115
1078,KANSAS,PRATT,20151,13.967691324200914,42.346000000000004,-20.958000000000002,56.666666666666664,198.26666666666668,358.38966666666664,1.0528003652968037,21.4,46.06666666666666,1.5333333333333332,157445.08102080002,14.466666666666667,55.398575342465755,4.934431415525114,2022,4099000.0,131800.6430868167
1079,KANSAS,RENO,20155,13.803383561643834,41.6578125,-21.1653125,54.25,197.75,421.3285625,0.9998698630136986,18.84375,45.21875,2.34375,153577.0105128,15.1875,57.007919520547944,4.756154280821917,2022,6120000.0,188888.8888888889
1080,KANSAS,REPUBLIC,20157,12.033436834094369,39.47833333333333,-23.938888888888886,22.444444444444443,208.27777777777777,478.13955555555555,0.7978549467275494,4.111111111111111,50.94444444444444,3.611111111111111,146361.34649280002,16.27777777777778,60.012100456621006,4.34617503805175,2022,1806000.0,32307.69230769231
1081,KANSAS,RICE,20159,13.290732420091325,41.620000000000005,-21.69066666666667,50.266666666666666,205.06666666666666,447.54926666666665,0.955235799086758,17.533333333333335,49.2,3.533333333333333,153544.8738528,15.533333333333333,58.293150684931504,4.795711780821918,2022,5198000.0,135012.98701298703
1082,KANSAS,RUSSELL,20167,12.79881095890411,41.3415,-22.9525,48.35,209.75,370.44214999999997,0.9539280821917807,19.0,45.4,3.3000000000000003,152917.4658528,13.85,56.54957534246576,4.716078630136987,2022,2989000.0,64004.28265524625
1083,KANSAS,SALINE,20169,13.192356164383561,39.67666666666666,-21.686,40.93333333333333,200.4,542.6051333333334,0.8726664840182647,10.4,53.333333333333336,5.666666666666667,149001.2712288,15.266666666666666,60.34140639269407,4.457219543378995,2022,3747000.0,99389.92042440317
1084,KANSAS,SCOTT,20171,12.277607876712327,40.475625,-23.03125,55.75,220.5,227.620375,1.0727690068493152,27.3125,33.0,1.0625,160251.14051280002,13.3125,51.62440068493151,4.762944178082192,2022,4088000.0,105089.97429305913
1085,KANSAS,SEDGWICK,20173,14.113191273465246,40.95074074074074,-20.58185185185185,47.55555555555556,191.11111111111111,535.9313333333333,0.9528337899543379,15.481481481481481,53.59259259259259,4.703703703703703,150097.15513280002,15.518518518518519,59.067153729071535,4.391093860984272,2022,4774000.0,136400.0
1086,KANSAS,SEWARD,20175,13.580445205479453,41.652499999999996,-20.9775,66.66666666666667,209.58333333333334,235.83291666666668,1.1680593607305938,33.916666666666664,34.416666666666664,1.6666666666666667,163305.3572928,12.25,50.54139269406393,4.768310273972602,2022,970000.0,40585.77405857741
1087,KANSAS,SHAWNEE,20177,12.973019178082192,38.443999999999996,-21.25,21.933333333333334,202.73333333333332,702.2455333333334,0.7352575342465753,1.4,64.8,6.333333333333333,138887.5999968,15.866666666666667,64.17808219178082,3.9048679452054795,2022,57600.0,1149.7005988023952
1088,KANSAS,SHERMAN,20181,11.191388454011742,40.965357142857144,-25.4025,46.92857142857143,237.42857142857142,247.12264285714286,1.0230058708414873,26.25,35.285714285714285,0.7857142857142857,157660.6249728,13.178571428571429,51.3911252446184,4.825144324853229,2022,3750000.0,109011.62790697675
1089,KANSAS,SMITH,20183,11.760514840182648,40.415,-24.249583333333334,41.833333333333336,217.0,432.18041666666664,0.884758105022831,12.208333333333334,47.041666666666664,3.875,151000.64585280002,14.875,57.07115296803653,4.397499200913242,2022,3157000.0,74107.98122065727
1090,KANSAS,STAFFORD,20185,13.47561917808219,40.657,-21.5785,50.2,204.2,368.45980000000003,1.0004130136986302,18.25,45.3,2.6999999999999997,156545.16382080002,14.5,56.67210958904109,4.877299589041096,2022,3396000.0,124395.60439560439
1091,KANSAS,STEVENS,20189,13.307556164383561,40.98133333333333,-21.063333333333333,58.8,212.4,256.6264,1.1439156164383562,26.866666666666667,29.4,2.6666666666666665,164721.4960608,12.0,50.21943378995434,4.709532602739726,2022,1881000.0,62700.0
1092,KANSAS,SUMNER,20191,14.772658512720158,42.0875,-19.832142857142856,59.32142857142857,185.03571428571428,563.4687142857143,1.0216996086105674,22.928571428571427,52.25,6.357142857142857,151659.14458422858,15.107142857142858,58.16196673189824,4.405707045009785,2022,10287000.0,296455.3314121037
1093,KANSAS,TREGO,20195,12.434972602739727,40.924166666666665,-23.395833333333332,54.208333333333336,217.375,238.5075,1.0061916666666666,20.333333333333332,34.333333333333336,1.0833333333333335,155992.6387728,12.75,53.34166666666666,4.812017808219179,2022,2719000.0,70807.29166666667
1094,KANSAS,WALLACE,20199,11.507636986301371,40.950833333333335,-24.603333333333335,45.208333333333336,231.625,280.4658333333333,1.0318650684931505,21.958333333333332,37.291666666666664,1.375,158638.74317280002,13.083333333333334,50.730388127853885,4.619441780821918,2022,2497000.0,65195.8224543081
1095,KANSAS,WASHINGTON,20201,11.820777397260274,37.61708333333333,-23.603333333333335,13.041666666666666,210.0,600.8261666666666,0.6941119863013698,0.7083333333333333,53.708333333333336,6.666666666666667,144489.22217280001,16.375,63.91494292237443,4.234975342465754,2022,1232000.0,23692.30769230769
1096,KANSAS,WICHITA,20203,11.970773972602741,41.261874999999996,-23.573125,50.6875,224.8125,275.864375,1.0489249999999999,23.125,35.6875,1.4375,160565.84873280002,13.0,51.6016095890411,4.689424828767123,2022,4320000.0,112207.79220779221
1097,KANSAS,WILSON,20205,14.232335616438355,39.9475,-19.844166666666666,35.666666666666664,187.5,723.4126666666666,0.812337899543379,2.5833333333333335,68.5,7.666666666666667,144022.0300128,15.0,64.04294520547946,3.928764383561644,2022,2132000.0,35892.2558922559
1098,KANSAS,WOODSON,20207,13.597664383561645,38.08125,-20.767500000000002,27.25,193.375,652.093875,0.7437866438356164,1.0,65.0,4.625,143883.0023328,15.125,65.64845890410959,4.059593493150685,2022,416000.0,10400.0
1099,NORTH DAKOTA,ADAMS,38001,5.983826484018265,37.46787878787879,-31.639393939393937,10.272727272727273,271.3939393939394,367.37624242424243,0.5716697384806974,0.9090909090909092,42.27272727272727,2.484848484848485,129915.22500916364,14.242424242424242,64.56392694063926,5.075680531340805,2022,517000.0,7569.546120058565
1100,NORTH DAKOTA,BARNES,38003,4.756993721461187,35.78354166666667,-32.860625,1.6458333333333333,250.85416666666666,521.3125,0.4012022831050228,0.0,66.04166666666667,2.875,120186.37385280001,20.791666666666668,72.27675228310503,5.290537614155252,2022,100000.0,1550.3875968992247
1101,NORTH DAKOTA,BILLINGS,38007,5.645923428170003,37.635897435897434,-31.6774358974359,9.076923076923077,269.0,294.3066153846154,0.5629683175272217,0.41025641025641024,34.30769230769231,1.717948717948718,125951.57856664616,14.35897435897436,64.9619459079733,5.034275096592905,2022,49900.0,1050.5263157894738
1102,NORTH DAKOTA,BURLEIGH,38015,4.688897882938979,36.13530303030303,-32.488484848484845,3.287878787878788,261.45454545454544,446.96036363636364,0.4645487754254878,0.07575757575757576,60.60606060606061,3.8484848484848486,123120.90874734546,16.060606060606062,68.75395184723952,4.920045911166459,2022,202000.0,3840.3041825095056
1103,NORTH DAKOTA,CASS,38017,4.900412785388128,37.05050000000001,-34.0975,2.05,248.55,503.66858333333334,0.4208818721461187,0.26666666666666666,71.31666666666666,1.7166666666666668,118178.9659008,20.366666666666667,71.31326484018265,4.917316347031963,2022,68900.0,1179.7945205479452
1104,NORTH DAKOTA,DUNN,38025,5.271125244618395,37.50119047619047,-30.879047619047622,6.738095238095238,268.39285714285717,436.58158333333336,0.5225980104370516,0.17857142857142858,48.726190476190474,4.511904761904762,122584.95048137143,15.821428571428571,66.60353555120679,4.961419569471624,2022,220000.0,4651.162790697675
1105,NORTH DAKOTA,EMMONS,38029,5.344586594911938,35.73125,-31.156785714285714,4.517857142857143,258.7857142857143,432.571875,0.5017549412915852,0.375,56.892857142857146,2.839285714285714,126428.1458585143,16.142857142857142,67.7668639921722,4.9127268101761254,2022,342000.0,5000.0
1106,NORTH DAKOTA,KIDDER,38043,4.2757729941291585,35.19979591836734,-33.32367346938776,1.5714285714285712,261.14285714285717,476.04102040816326,0.43520553536483086,0.02040816326530612,62.51020408163265,3.63265306122449,123415.64347239184,15.387755102040817,70.20955549343024,4.987078277886497,2022,96800.0,1779.4117647058824
1107,NORTH DAKOTA,MCINTOSH,38051,4.622554033485541,34.19555555555556,-31.63666666666667,0.3333333333333333,262.8888888888889,503.29251851851853,0.4131924911212582,0.0,60.03703703703704,4.2592592592592595,127503.12505280001,16.85185185185185,71.30205986808727,5.122157787924911,2022,197000.0,3379.073756432247
1108,NORTH DAKOTA,RANSOM,38073,5.298026255707763,36.32208333333333,-33.24333333333333,2.5416666666666665,246.125,475.8162916666667,0.3993494292237443,0.16666666666666666,64.75,1.625,119241.03977280001,20.75,73.05022831050228,5.087138584474886,2022,60700.0,910.0449775112444
1109,NORTH DAKOTA,RENVILLE,38075,3.546185518590998,35.28828571428571,-36.094,1.1714285714285715,270.85714285714283,571.6727714285714,0.3915207045009785,0.0,61.68571428571428,5.742857142857143,117238.98082422858,16.485714285714284,71.40411741682973,4.95180156555773,2022,197000.0,3641.4048059149723
1110,SOUTH DAKOTA,AURORA,46003,8.401169863013699,38.927499999999995,-28.372000000000003,8.65,234.55,336.95365,0.6292180821917809,0.3,41.35,3.55,134874.1456128,15.6,62.36830136986301,4.649805616438356,2022,658000.0,10297.33959311424
1111,SOUTH DAKOTA,BEADLE,46005,7.802584474885844,38.50527777777778,-28.39611111111111,6.638888888888889,236.11111111111111,370.7093888888889,0.570653805175038,0.1388888888888889,49.27777777777778,4.0,130948.58513280001,16.72222222222222,64.8122602739726,4.715507686453577,2022,509000.0,7665.662650602409
1112,SOUTH DAKOTA,BENNETT,46007,8.698193607305935,41.308,-30.831333333333337,27.033333333333335,249.86666666666667,363.7594666666667,0.7897442922374429,11.8,51.5,2.0,144159.34812480002,13.833333333333334,57.11935159817351,4.9863373515981735,2022,490000.0,13802.81690140845
1113,SOUTH DAKOTA,BON HOMME,46009,9.455954794520547,39.8995,-27.749000000000002,16.45,224.9,396.26855,0.689348904109589,1.4000000000000001,48.5,3.05,134789.4502848,16.7,61.024821917808225,4.580511917808219,2022,201000.0,3799.6219281663516
1114,SOUTH DAKOTA,BROOKINGS,46011,6.799108936725375,35.72714285714286,-29.225238095238097,2.142857142857143,239.57142857142858,430.1483333333333,0.4711979125896934,0.0,55.14285714285714,3.380952380952381,122893.30416137143,15.333333333333334,69.57296803652969,4.8745206784083495,2022,13700.0,190.01386962552013
1115,SOUTH DAKOTA,BRULE,46015,8.79704741833509,40.42115384615385,-27.870384615384616,16.26923076923077,233.3846153846154,290.85165384615385,0.6910617492096944,2.1923076923076925,37.76923076923077,2.576923076923077,137750.7885851077,15.846153846153847,60.30208640674394,4.671839831401475,2022,1450000.0,22205.2067381317
1116,SOUTH DAKOTA,BUFFALO,46017,8.29561252446184,41.37714285714286,-28.26571428571429,14.857142857142858,235.5,331.1680714285714,0.6651839530332682,2.357142857142857,43.714285714285715,2.5,137350.8340128,15.5,61.394481409001955,4.715077495107632,2022,336000.0,6706.586826347305
1117,SOUTH DAKOTA,CHARLES MIX,46023,9.443242661448142,39.677321428571425,-27.181071428571432,15.982142857142858,227.03571428571428,323.257625,0.7119904109589041,2.142857142857143,38.05357142857143,3.0535714285714284,137399.81664137144,16.178571428571427,59.43845401174168,4.579653277886497,2022,1808000.0,26904.761904761905
1118,SOUTH DAKOTA,DAVISON,46035,8.592977168949771,39.29333333333333,-27.90777777777778,8.88888888888889,231.11111111111111,335.9025555555556,0.6165607305936073,0.2222222222222222,43.55555555555556,3.2222222222222223,132283.97081280002,16.666666666666668,63.461400304414006,4.6048255707762555,2022,449000.0,7384.868421052632
1119,SOUTH DAKOTA,FAULK,46049,7.045791983764587,36.90888888888889,-28.98296296296296,6.592592592592593,240.40740740740742,474.52114814814814,0.5323480466768138,0.07407407407407407,54.51851851851852,4.222222222222222,130546.73049280001,17.11111111111111,65.9806697108067,4.774678538812785,2022,289000.0,4081.9209039548023
1120,SOUTH DAKOTA,GRANT,46051,6.4338303979125895,35.89904761904762,-28.737142857142857,3.333333333333333,233.66666666666666,406.94338095238095,0.4901274624918461,0.14285714285714285,56.14285714285714,3.0952380952380953,121969.81652708571,17.38095238095238,68.48953685583822,4.997740508806262,2022,29100.0,470.1130856219709
1121,SOUTH DAKOTA,HAAKON,46055,8.640764161421695,42.22891891891892,-29.850945945945945,29.824324324324326,243.8918918918919,363.13683783783785,0.7639548315438727,8.95945945945946,41.0945945945946,2.9864864864864864,139215.6835565838,14.662162162162163,58.107286190299895,4.7369956312476855,2022,2191000.0,51311.475409836065
1122,SOUTH DAKOTA,HAND,46059,7.590675146771037,38.11261904761905,-29.116666666666667,7.333333333333333,236.95238095238096,425.6562619047619,0.5789787997390737,0.3571428571428571,52.04761904761905,3.619047619047619,133765.3952928,16.571428571428573,63.864761904761906,4.819664514024788,2022,720000.0,11803.27868852459
1123,SOUTH DAKOTA,HUGHES,46065,8.428225364560317,40.73193548387097,-27.958064516129035,17.70967741935484,234.3548387096774,397.52029032258065,0.6631597878921786,2.6129032258064515,42.16129032258065,3.3870967741935485,138351.12123344516,14.903225806451612,61.63216968625718,4.900697392841361,2022,2706000.0,39794.117647058825
1124,SOUTH DAKOTA,HUTCHINSON,46067,8.839539465101108,38.99190476190476,-28.15,8.714285714285714,228.95238095238096,406.9294761904762,0.616206392694064,0.23809523809523808,50.857142857142854,3.428571428571429,132439.7113385143,16.476190476190474,63.484840182648405,4.690705544683627,2022,308000.0,5141.903171953256
1125,SOUTH DAKOTA,JACKSON,46071,9.178900788709008,42.50909090909091,-29.805151515151515,34.13636363636363,243.5909090909091,302.39683333333335,0.8198567455375675,16.09090909090909,46.46969696969697,1.4696969696969697,141736.56634734545,13.924242424242424,56.532889165628895,4.6804609796596095,2022,652000.0,20311.526479750777
1126,SOUTH DAKOTA,JERAULD,46073,7.95360502283105,39.94166666666667,-29.189166666666665,8.75,234.16666666666666,358.5804166666667,0.6188413242009132,0.25,44.833333333333336,4.583333333333333,134803.7339328,15.416666666666668,62.1370091324201,4.800498858447488,2022,410000.0,6047.1976401179945
1127,SOUTH DAKOTA,JONES,46075,9.158378258948298,42.361612903225804,-29.601612903225806,29.0,234.83870967741936,338.87480645161287,0.7850473707467963,9.064516129032258,41.354838709677416,2.096774193548387,141195.63805409032,14.225806451612904,56.95062306672559,4.9435464427750775,2022,1053000.0,20095.419847328245
1128,SOUTH DAKOTA,KINGSBURY,46077,7.370659817351599,36.225833333333334,-28.890833333333333,3.1666666666666665,236.0,339.91408333333334,0.5246617579908676,0.0,50.041666666666664,2.7916666666666665,126758.2692528,16.458333333333332,66.67222602739726,5.021169863013699,2022,185000.0,2890.625
1129,SOUTH DAKOTA,LYMAN,46085,9.09410843141038,41.18746478873239,-28.26718309859155,24.971830985915492,232.28169014084506,337.11363380281693,0.7378331468261624,5.154929577464788,40.971830985915496,3.140845070422535,139349.1267384338,15.211267605633802,58.809261045726416,4.816838973567432,2022,3493000.0,51292.21732745962
1130,SOUTH DAKOTA,MCCOOK,46087,8.061764840182649,38.126666666666665,-28.999166666666667,4.75,232.0,386.12358333333333,0.5512865296803653,0.08333333333333333,49.166666666666664,3.0833333333333335,129893.6269728,14.916666666666666,65.99340182648402,4.861244063926941,2022,81200.0,1489.908256880734
1131,SOUTH DAKOTA,MINER,46097,7.85758904109589,37.63733333333334,-28.419333333333334,5.266666666666667,233.06666666666666,364.4188,0.544972602739726,0.06666666666666667,44.2,3.466666666666667,129616.2688608,16.0,66.114100456621,4.867411506849315,2022,725000.0,11102.60336906585
1132,SOUTH DAKOTA,POTTER,46107,7.148629083245522,38.567692307692305,-28.779615384615383,7.884615384615385,241.1153846153846,423.914,0.5614567966280295,0.42307692307692313,51.65384615384615,2.9615384615384617,133844.69044356924,15.346153846153847,64.68741833508957,5.009868703898841,2022,1530000.0,24285.714285714286
1133,SOUTH DAKOTA,SPINK,46115,7.225158675799086,37.08958333333333,-28.717916666666667,4.8125,237.54166666666666,411.511875,0.5130314497716896,0.1875,52.020833333333336,3.020833333333333,127824.1297128,18.229166666666668,67.6751598173516,4.662300228310502,2022,719000.0,9917.241379310344
1134,SOUTH DAKOTA,STANLEY,46117,8.956434641281634,42.21254237288136,-28.21627118644068,28.491525423728813,234.22033898305085,334.35942372881357,0.7557518922684003,6.3559322033898304,39.47457627118644,2.2203389830508473,138715.21207110508,15.084745762711865,58.445251915486416,4.864312607383329,2022,1653000.0,50861.53846153846
1135,SOUTH DAKOTA,SULLY,46119,7.868894977168949,40.219722222222224,-27.89361111111111,13.472222222222221,238.02777777777777,375.1097222222222,0.6145140030441401,1.9444444444444444,42.72222222222222,2.5833333333333335,136547.4668928,15.25,63.33266362252664,4.873495357686453,2022,4562000.0,80458.55379188713
1136,SOUTH DAKOTA,TRIPP,46123,9.387821428571428,41.59339285714286,-29.12607142857143,27.25,232.375,344.40173214285716,0.775935518590998,6.857142857142858,40.535714285714285,3.517857142857143,140284.1266642286,15.571428571428571,57.48985322896282,5.026422602739726,2022,2185000.0,37802.76816608997
1137,SOUTH DAKOTA,TURNER,46125,8.711549657534245,38.385,-28.935,4.4375,228.8125,358.1933125,0.6089171232876712,0.125,54.75,2.5,131327.09675280002,16.75,63.59135273972603,4.806847602739726,2022,91800.0,1399.3902439024391
1138,SOUTH DAKOTA,YANKTON,46135,9.258472602739726,39.265,-28.285,11.083333333333334,225.33333333333334,401.66183333333333,0.6455036529680366,0.5,51.75,2.5833333333333335,133255.5935328,16.583333333333332,62.935,4.638553196347032,2022,39400.0,740.6015037593985
1139,SOUTH DAKOTA,ZIEBACH,46137,7.903951101092423,41.47493670886076,-29.5853164556962,24.531645569620252,248.77215189873417,278.5724683544304,0.7000727934801456,4.227848101265823,41.848101265822784,1.6835443037974684,136358.25358748354,15.544303797468354,60.587463152418934,4.847233154152939,2022,711000.0,19010.695187165777
1140,TEXAS,ARMSTRONG,48011,15.716683561643835,41.334500000000006,-18.0785,52.65,170.95,267.32315,1.271036301369863,41.95,36.55,1.3,167321.78830080002,13.6,47.92387671232877,4.421941917808219,2022,183000.0,9336.73469387755
1141,TEXAS,ATASCOSA,48013,21.744664383561645,42.04277777777778,-8.36361111111111,104.25,93.77777777777777,321.8185833333333,1.1871937595129376,5.722222222222222,34.888888888888886,3.1944444444444446,157841.3274528,14.944444444444445,62.727092846270935,4.122809132420091,2022,27600.0,490.2309058614565
1142,TEXAS,BAYLOR,48023,18.60954383561644,43.2355,-13.3535,88.6,139.2,504.69695,1.377683698630137,56.9,41.05,6.25,163485.3397248,15.75,52.65724657534247,4.286310547945205,2022,360000.0,16216.216216216217
1143,TEXAS,BELL,48027,20.139642561325264,41.44372093023256,-11.098837209302326,79.76744186046511,107.32558139534883,479.38772093023255,1.144413698630137,19.97674418604651,43.372093023255815,4.930232558139535,155342.46490024187,16.27906976744186,62.313214399490285,3.8292378464479135,2022,261000.0,10609.756097560976
1144,TEXAS,BEXAR,48029,21.116352250489236,41.486666666666665,-8.980714285714285,99.14285714285714,98.83333333333333,293.7918571428571,1.2003735812133072,6.8809523809523805,38.857142857142854,2.0952380952380953,152503.63186422858,14.476190476190476,61.1412915851272,3.3531996086105678,2022,24500.0,960.7843137254902
1145,TEXAS,BOSQUE,48035,19.751192132068844,41.038717948717945,-11.685384615384615,84.3076923076923,114.6923076923077,400.1857692307692,1.2696333684580259,43.282051282051285,38.17948717948718,4.384615384615385,157767.11313895386,14.35897435897436,58.07857393747805,3.7726071654373023,2022,80500.0,2080.1033591731266
1146,TEXAS,BROWN,48049,19.233723997970575,41.21888888888889,-12.11962962962963,89.14814814814815,123.11111111111111,310.6197407407407,1.3524638254693049,50.37037037037037,28.666666666666668,2.814814814814815,166311.5109728,13.62962962962963,54.721187214611874,3.7764817858954842,2022,35000.0,2482.2695035460993
1147,TEXAS,CALLAHAN,48059,18.931742465753427,41.427,-12.597,87.15,124.7,322.66905,1.395097397260274,57.15,35.1,2.45,166776.29758080002,14.1,51.757520547945205,4.279244657534246,2022,126000.0,5121.951219512195
1148,TEXAS,CARSON,48065,15.149716438356164,41.898,-18.8895,47.9,176.1,336.67935,1.2237835616438355,35.65,38.15,2.3,167137.58695680002,13.05,49.143630136986296,5.013647534246576,2022,349000.0,14481.327800829875
1149,TEXAS,CHILDRESS,48075,17.60554794520548,44.264375,-15.1775,90.5,158.0,365.74975,1.4218619863013697,63.6875,40.875,3.8125,165712.2690528,16.4375,49.34712328767124,4.14833904109589,2022,118000.0,5989.847715736041
1150,TEXAS,CLAY,48077,18.314732473811443,43.845882352941175,-12.560882352941176,85.8529411764706,140.35294117647058,487.93823529411765,1.2663256244963739,41.64705882352941,40.1764705882353,4.794117647058823,157987.71466221177,15.117647058823529,55.610306204673655,4.092108541498791,2022,565000.0,25000.0
1151,TEXAS,COLLIN,48085,18.917101369863015,40.793,-12.435500000000001,64.55,123.15,715.17495,1.089953698630137,23.0,52.3,8.1,149686.98886080002,17.05,61.08717808219178,3.8696353424657532,2022,1055000.0,18705.67375886525
1152,TEXAS,COMANCHE,48093,19.476551550108145,41.675000000000004,-12.262105263157894,93.60526315789474,119.92105263157895,327.5891052631579,1.3849596250901226,54.81578947368421,33.578947368421055,3.3684210526315788,164368.67856858947,14.131578947368421,54.24479452054794,3.889735832732516,2022,108000.0,2500.0
1153,TEXAS,CONCHO,48095,19.4666202739726,40.5432,-11.954,88.0,114.84,270.58556,1.4029361095890411,54.04,29.6,2.4,168885.8291808,13.959999999999999,52.76477808219178,3.8813904657534244,2022,62900.0,4801.526717557252
1154,TEXAS,COOKE,48097,18.226932648401828,43.094166666666666,-13.20375,65.54166666666667,136.54166666666666,740.5845,1.1250124429223745,27.958333333333332,49.291666666666664,10.125,151857.14525280002,16.291666666666668,58.83561643835616,3.697295547945205,2022,612000.0,14299.065420560748
1155,TEXAS,CORYELL,48099,19.912720808871494,40.53404761904762,-11.611904761904762,81.45238095238095,110.21428571428571,426.39440476190475,1.2436981735159818,33.976190476190474,40.26190476190476,4.428571428571429,157327.25293851428,14.666666666666666,58.51368558382257,3.69864168297456,2022,156000.0,6554.621848739495
1156,TEXAS,DALLAM,48111,13.587593607305935,39.962500000000006,-20.37972222222222,35.611111111111114,197.80555555555554,143.55766666666668,1.1790873668188735,25.944444444444443,24.72222222222222,0.8333333333333333,169939.4476128,12.027777777777779,46.47974124809741,4.743689497716895,2022,1177000.0,28990.147783251232
1157,TEXAS,DEAF SMITH,48117,14.58016894977169,40.49527777777777,-18.413055555555555,37.583333333333336,183.36111111111111,219.12433333333334,1.2112445205479452,34.47222222222222,31.166666666666668,0.9722222222222222,171430.05281280002,12.472222222222221,47.70914764079147,4.82641301369863,2022,749000.0,30080.321285140562
1158,TEXAS,DELTA,48119,18.623972602739727,42.183749999999996,-12.998750000000001,66.875,129.625,740.745125,1.0238058219178081,18.125,56.25,8.125,146407.2139728,17.875,63.37215753424658,3.7702674657534248,2022,381000.0,7108.20895522388
1159,TEXAS,DENTON,48121,19.085472602739728,42.5925,-12.172083333333333,70.16666666666667,123.125,659.4620833333333,1.1820364155251142,35.208333333333336,47.583333333333336,7.666666666666667,152027.61101280001,16.416666666666668,59.454429223744285,3.784190296803653,2022,742000.0,19892.76139410188
1160,TEXAS,ELLIS,48139,19.59673881278539,40.86466666666667,-11.345,71.0,113.5,648.1683666666667,1.116253698630137,29.933333333333334,48.43333333333334,6.766666666666667,152862.7418208,15.366666666666667,62.07135159817352,3.9730602739726026,2022,563000.0,13599.03381642512
1161,TEXAS,FALLS,48145,20.032216343882855,41.721034482758625,-10.908275862068965,78.0,107.24137931034483,526.7986896551724,1.106854133207369,17.448275862068964,47.03448275862069,6.137931034482759,155043.52048452414,17.344827586206897,63.566584789796885,4.146298346717052,2022,356000.0,10000.0
1162,TEXAS,FANNIN,48147,18.416672374429226,41.46208333333333,-13.213333333333333,67.25,131.91666666666666,679.0679583333333,1.0688793378995434,23.041666666666668,50.25,7.958333333333333,148098.7110528,18.625,61.60994292237443,3.771742694063927,2022,1408000.0,23505.843071786312
1163,TEXAS,GRAY,48179,15.277608219178083,41.8515,-18.5785,44.75,175.55,330.21715,1.1857523287671232,29.0,39.0,1.7,166169.7894528,14.2,50.59773972602739,4.862289726027398,2022,179000.0,7160.0
1164,TEXAS,GRAYSON,48181,18.507392278953922,41.54848484848485,-12.808181818181819,63.96969696969697,129.57575757575756,734.3413333333333,1.1143932752179329,25.272727272727273,50.06060606060606,9.666666666666666,150017.45535098182,17.424242424242426,59.78984640929846,3.7705870485678705,2022,1225000.0,24305.555555555555
1165,TEXAS,HALE,48189,15.583355616438356,40.5952,-17.2332,54.12,175.44,229.85556,1.2556644383561644,45.48,34.2,1.84,170383.12735680002,13.28,49.11160547945206,4.4795966027397265,2022,769000.0,26517.241379310344
1166,TEXAS,HAYS,48209,20.331528375733853,40.03892857142857,-10.202142857142858,83.53571428571429,102.35714285714286,429.28925,1.0973949119373776,5.142857142857143,49.857142857142854,4.285714285714286,150305.51084708574,16.714285714285715,63.25302348336595,3.591226614481409,2022,26200.0,670.076726342711
1167,TEXAS,HEMPHILL,48211,15.351023287671232,43.7265,-18.044,57.6,176.75,326.3658,1.191514383561644,30.35,36.9,2.55,164327.44423680002,12.75,51.06534246575342,4.767863287671233,2022,22100.0,1270.1149425287358
1168,TEXAS,HILL,48217,19.690150293542075,40.40942857142857,-11.496571428571428,74.65714285714286,112.45714285714286,580.9984,1.1456582387475538,31.4,41.4,7.428571428571429,155596.65579565716,15.257142857142856,61.73587475538161,3.958190136986301,2022,1016000.0,25210.918114143922
1169,TEXAS,HUNT,48231,18.68438584474886,41.64083333333333,-12.581666666666665,64.16666666666667,126.45833333333333,749.7091666666666,1.031906392694064,22.5,55.583333333333336,8.125,147956.0758128,18.666666666666668,63.29687214611872,3.7957944063926936,2022,626000.0,10592.216582064297
1170,TEXAS,HUTCHINSON,48233,15.40906301369863,42.822,-18.188,63.25,179.45,238.6943,1.3031931506849315,40.55,34.2,1.2,166041.1035648,12.9,47.206712328767125,4.631719178082192,2022,238000.0,5010.526315789473
1171,TEXAS,JOHNSON,48251,19.514328767123285,41.357894736842105,-11.886842105263158,75.78947368421052,116.89473684210526,515.2490526315789,1.2040011535688537,38.421052631578945,40.89473684210526,5.2105263157894735,156877.96682122105,13.736842105263158,59.24986301369863,3.895008074981975,2022,168000.0,7368.421052631578
1172,TEXAS,KAUFMAN,48257,19.34405205479452,41.140499999999996,-11.697,68.85,116.5,775.04515,1.0833408219178082,28.75,54.25,6.4,150515.9467488,17.0,62.536150684931506,4.003421232876712,2022,53500.0,3057.1428571428573
1173,TEXAS,KNOX,48275,18.87341095890411,44.383,-13.086000000000002,107.15,142.7,394.90155,1.5322017808219177,73.85,38.2,4.15,165400.53785280001,14.85,49.719630136986304,4.231200821917809,2022,1080000.0,42687.74703557312
1174,TEXAS,LAMAR,48277,18.263845479452055,41.0408,-13.519200000000001,64.8,133.96,685.62792,1.0041365479452056,15.48,55.96,8.24,145956.93393600002,18.64,63.513698630136986,3.6272394520547944,2022,981000.0,20395.010395010395
1175,TEXAS,LYNN,48305,17.084575342465754,40.8895,-14.859,70.65,158.05,197.93515,1.4073520547945204,64.5,28.9,0.9,174580.4060928,13.75,47.477876712328765,4.373267808219178,2022,17800.0,700.7874015748032
1176,TEXAS,MCCULLOCH,48307,19.624476712328768,40.983599999999996,-11.9968,89.96,116.72,312.61456,1.4024916164383563,54.08,31.44,2.36,167746.7022048,13.56,53.628,3.780820383561644,2022,131000.0,8733.333333333334
1177,TEXAS,MCLENNAN,48309,20.00592181757434,40.87341463414634,-11.346341463414634,82.60975609756098,110.17073170731707,495.8450243902439,1.174470965586368,27.5609756097561,43.36585365853659,6.439024390243903,155560.9366508488,15.804878048780488,61.37889074507183,4.065298496491814,2022,456000.0,18688.524590163935
1178,TEXAS,MEDINA,48325,20.97053881278539,41.19166666666667,-9.177777777777777,93.11111111111111,100.72222222222223,270.77483333333333,1.2474878234398783,12.75,32.11111111111111,2.4166666666666665,158054.85569280002,13.944444444444445,59.00943683409437,3.1314461948249623,2022,58900.0,1950.3311258278145
1179,TEXAS,MILAM,48331,20.484265320836336,41.458684210526314,-10.756842105263157,82.26315789473685,101.07894736842105,600.637447368421,1.1257084354722424,14.5,46.973684210526315,7.368421052631579,152924.35807174738,18.0,63.694073540014415,4.0457742609949525,2022,161000.0,5962.962962962963
1180,TEXAS,MONTAGUE,48337,18.228538082191783,43.5712,-13.2576,71.52,136.92,606.5256,1.1929444383561643,33.4,44.480000000000004,7.32,154745.6971104,15.04,56.85133150684932,3.902878684931507,2022,37400.0,3142.8571428571427
1181,TEXAS,MOORE,48341,14.635153424657535,41.199,-19.438499999999998,50.35,185.95,241.49525,1.231384109589041,32.05,29.85,1.35,169301.71385280002,12.95,47.22054794520548,4.672213150684931,2022,1108000.0,31299.43502824859
1182,TEXAS,NAVARRO,48349,19.863326604181687,40.826578947368425,-10.82736842105263,72.55263157894737,108.55263157894737,621.9186578947368,1.1178612833453496,27.184210526315788,49.473684210526315,6.973684210526316,152482.59646332634,16.18421052631579,62.62518385003605,4.1805002883922135,2022,247000.0,5757.575757575758
1183,TEXAS,NOLAN,48353,18.685101369863013,40.7795,-12.9115,86.45,126.85,202.90370000000001,1.4929538356164382,70.85,28.0,0.75,169233.97150080002,14.45,47.952863013698625,4.37154506849315,2022,80500.0,2959.5588235294117
1184,TEXAS,OCHILTREE,48357,14.646052054794522,42.69,-19.465,60.15,184.75,185.71665000000002,1.222845890410959,34.7,30.400000000000002,0.55,165870.1883808,12.1,48.8967397260274,4.93629602739726,2022,1525000.0,49193.54838709677
1185,TEXAS,OLDHAM,48359,15.112254946727548,41.47138888888889,-19.392222222222223,51.333333333333336,181.16666666666666,237.3776111111111,1.2927165144596653,41.638888888888886,30.63888888888889,1.4722222222222223,171092.0372928,12.833333333333334,45.77921613394216,4.556274048706241,2022,161000.0,4805.9701492537315
1186,TEXAS,RANDALL,48381,15.119431506849315,40.92,-18.6515,47.25,176.65,209.591,1.2483443835616437,40.0,30.75,1.0,168665.3039808,12.4,47.96849315068493,4.810609726027398,2022,176000.0,8712.871287128713
1187,TEXAS,RUNNELS,48399,19.36907397260274,41.378,-11.753599999999999,98.44,124.92,287.89732,1.493957698630137,68.88,26.88,2.36,168060.4154208,14.04,50.057315068493146,3.721160767123288,2022,321000.0,16894.736842105263
1188,TEXAS,SHERMAN,48421,14.385372602739727,41.673,-19.1435,58.8,188.95,172.3399,1.2461828767123286,33.6,27.55,1.15,168293.35327680002,12.2,46.842547945205474,4.839793424657534,2022,1453000.0,24502.529510961216
1189,TEXAS,TOM GREEN,48451,19.37071792004473,40.781020408163265,-11.815714285714286,90.71428571428571,117.65306122448979,218.83661224489796,1.463432317584568,65.28571428571429,27.06122448979592,1.4693877551020407,170151.15404218776,13.714285714285714,50.68331003634331,3.9696256080514396,2022,232000.0,10691.244239631336
1190,TEXAS,UVALDE,48463,20.775644618395305,41.158,-9.048,85.02857142857142,102.54285714285714,304.68737142857145,1.2196040704500979,12.2,30.82857142857143,3.1999999999999997,159401.82510308572,13.857142857142858,58.74363209393346,3.3174056360078277,2022,96200.0,2717.5141242937852
1191,TEXAS,WICHITA,48485,18.436851141552513,44.45933333333333,-12.681333333333333,95.06666666666666,143.0,439.55993333333333,1.353952511415525,55.0,39.13333333333333,3.0666666666666664,160016.52876480002,16.466666666666665,53.86695890410959,4.326670502283106,2022,371000.0,21321.839080459773
1192,TEXAS,WILBARGER,48487,18.380986301369862,44.74307692307692,-12.756923076923076,97.73076923076923,146.73076923076923,408.6478076923077,1.4007172813487883,59.92307692307692,42.15384615384615,3.1153846153846154,162556.0478097231,16.26923076923077,52.38460484720759,4.3505024236037935,2022,690000.0,44805.194805194806
1193,TEXAS,WILLIAMSON,48491,20.250513372472277,41.017857142857146,-10.844285714285714,78.02380952380952,103.35714285714286,553.0086904761905,1.1059258969341161,10.095238095238095,46.57142857142857,6.523809523809524,153875.61696137144,16.476190476190474,63.26173515981735,3.714268623613829,2022,233000.0,6676.21776504298
1194,TEXAS,WILSON,48493,21.39257436399217,41.521428571428565,-7.9382142857142854,104.21428571428571,95.92857142857143,329.56957142857146,1.1568400195694717,3.892857142857143,37.92857142857143,3.142857142857143,154536.88512137142,15.178571428571429,63.40491193737769,4.083249119373777,2022,5000.0,230.41474654377882
1195,TEXAS,WISE,48497,18.878894520547945,43.5025,-12.6485,77.5,130.0,574.53435,1.242541095890411,41.3,43.05,6.85,155632.1244768,15.0,56.900205479452055,3.70668602739726,2022,44600.0,2207.920792079208
1196,TEXAS,YOAKUM,48501,16.195157534246576,40.266875,-15.5525,55.875,170.8125,188.818,1.3502140410958905,54.375,30.875,0.4375,176941.19321280002,12.6875,46.753595890410956,4.302006678082192,2022,19800.0,1980.0
1197,TEXAS,YOUNG,48503,18.872568493150684,42.9955,-12.2155,90.05,132.4,480.9689,1.3532757534246576,52.85,39.6,5.35,161921.6703648,14.95,53.67564383561644,3.951854520547945,2022,326000.0,14818.181818181818
