,State,County,FIPS Code,Avg Temperature (C),Max Temperature (C),Min Temperature (C),Heat_Stress_Day,Cold_Stress_Day,Precipitation (mm),Vapor Pressure Deficit (kPa),Drought_Stress_Day,Wet_Day,Heavy_Rain_Day,Solar Radiation (MJ m**-2 day**-1),Low_Light_Day,Relative Humidity (%),Wind Speed (m s**-1),Year,"PRODUCTION, MEASURED IN BU",harvested_area
0,ARKANSAS,ARKANSAS,05001,17.77827175120326,35.91702702702703,-11.813783783783784,5.5675675675675675,127.89189189189189,1652.4161351351352,0.6968019992595335,0.0,104.64864864864865,18.864864864864867,126087.21771217298,5.918918918918919,71.96485746019992,5.487101295816364,2017,8885000.0,46203.848153926156
1,ARKANSAS,ASHLEY,05003,18.603198630136987,35.7955,-8.312,3.7,108.8,1844.63675,0.683657397260274,0.0,113.0,23.2,122775.89929920001,11.2,73.30917808219178,5.0775728767123285,2017,4905000.0,25000.0
2,ARKANSAS,CHICOT,05017,18.66969315068493,35.024,-8.272,1.2,100.93333333333334,1869.6808666666668,0.6410575342465753,0.0,112.33333333333333,25.666666666666668,127958.4117792,9.2,74.42241095890411,5.543903744292237,2017,3630000.0,19901.315789473683
3,ARKANSAS,CLAY,05021,16.135537671232875,35.58625,-11.329375,3.375,149.125,1388.5965625,0.6163301369863013,0.0,104.3125,13.9375,130721.4042192,7.6875,72.69482876712328,4.815941095890411,2017,6205000.0,30506.39134709931
4,ARKANSAS,CRAIGHEAD,05031,16.50629109589041,35.524375,-13.3525,2.3125,141.375,1640.139375,0.6062046232876712,0.0,103.4375,18.3125,127721.68531920001,11.5,73.54979452054795,5.196780821917808,2017,6045000.0,32605.177993527508
5,ARKANSAS,CRITTENDEN,05035,17.549454545454545,34.651818181818186,-13.142272727272728,0.6363636363636364,126.04545454545455,1664.0784545454546,0.6700692403486924,0.0,110.95454545454545,19.59090909090909,127458.8586301091,11.181818181818182,71.80613947696139,5.111983437110834,2017,2460000.0,13796.971396522713
6,ARKANSAS,DESHA,05041,18.31058904109589,35.169666666666664,-9.128666666666668,2.7666666666666666,113.76666666666667,1682.9831333333334,0.6646026484018265,0.0,113.23333333333333,20.766666666666666,125195.1566112,9.5,73.1715890410959,5.489270684931507,2017,5135000.0,26496.388028895766
7,ARKANSAS,DREW,05043,18.332315068493152,35.597,-8.496500000000001,3.1,117.3,1674.4731,0.6942613698630138,0.0,109.9,19.6,124914.3053472,10.95,72.17306849315068,4.902166849315068,2017,1930000.0,10200.845665961946
8,ARKANSAS,GREENE,05055,16.35149841938883,35.59615384615385,-10.762307692307692,2.6153846153846154,144.3846153846154,1555.7093846153846,0.6206368809272919,0.0,105.0,16.76923076923077,128039.2792992,9.384615384615385,72.53378292939937,4.932404214963119,2017,3260000.0,17498.658078368222
9,ARKANSAS,INDEPENDENCE,05063,16.363809272918864,35.81230769230769,-13.334999999999999,3.6153846153846154,149.42307692307693,1577.6853461538462,0.6269750263435195,0.0,107.03846153846153,20.26923076923077,124415.65299766154,6.038461538461538,71.41308746048472,3.838391253951528,2017,720000.0,4500.0
10,ARKANSAS,JACKSON,05067,16.485420547945207,35.606,-14.7255,3.75,145.4,1633.3375,0.6034938356164383,0.0,107.05,20.75,128155.38923520001,5.9,73.62787671232877,5.085901232876712,2017,1690000.0,9701.492537313434
11,ARKANSAS,JEFFERSON,05069,17.776995107632093,35.60357142857143,-11.829642857142858,3.428571428571429,129.28571428571428,1674.127392857143,0.6940039138943248,0.0,98.82142857142857,20.535714285714285,128384.22883062858,5.892857142857142,71.77657534246576,5.07401457925636,2017,7145000.0,38208.55614973262
12,ARKANSAS,JOHNSON,05071,16.215586157173757,34.17315789473684,-13.65421052631579,0.631578947368421,144.94736842105263,1701.3352631578948,0.574109012256669,0.0,107.05263157894737,20.05263157894737,127621.10420867369,10.31578947368421,73.04265320836338,2.322719538572459,2017,212000.0,1400.2642007926024
13,ARKANSAS,LAFAYETTE,05073,18.636525684931506,35.303125,-8.8075,2.6875,109.8125,1512.70275,0.6699369863013698,0.0,94.4375,19.5,123374.5206192,11.0625,74.05279109589041,4.3045601027397264,2017,1908000.0,11500.904159132007
14,ARKANSAS,LAWRENCE,05075,16.233614916286147,36.351111111111116,-11.104999999999999,4.833333333333333,150.55555555555554,1427.0097222222223,0.6269242009132421,0.0,98.0,14.944444444444445,130013.41369920001,5.222222222222222,72.27397260273973,4.67243896499239,2017,1190000.0,7000.0
15,ARKANSAS,LEE,05077,17.37400195694716,35.66428571428572,-13.952857142857143,5.142857142857142,132.42857142857142,1581.3546428571428,0.6628477495107632,0.0,105.42857142857143,16.642857142857142,132428.74551634287,6.642857142857142,72.69297455968689,5.409999412915852,2017,5870000.0,31902.17391304348
16,ARKANSAS,LINCOLN,05079,17.963514677103717,34.83214285714286,-12.094285714285714,0.9999999999999999,125.57142857142857,1779.6664285714285,0.6719982387475538,0.0,103.5,19.785714285714285,127787.72261348572,7.357142857142858,72.48076320939334,5.143745009784736,2017,3505000.0,18496.042216358837
17,ARKANSAS,LONOKE,05085,17.12911856400567,35.30241379310345,-13.621724137931034,2.896551724137931,139.89655172413794,1582.4283103448277,0.621643079829948,0.0,98.82758620689656,18.275862068965516,127103.46779023448,6.275862068965518,73.99851676901275,5.037465281058101,2017,6755000.0,36007.46268656717
18,ARKANSAS,MISSISSIPPI,05093,17.06313035793195,34.81,-14.970967741935485,0.4838709677419355,132.61290322580646,1592.071193548387,0.6418242156429518,0.0,112.3225806451613,18.516129032258064,121588.1800992,14.741935483870968,72.46866106937694,5.030343879805567,2017,2830000.0,17298.288508557456
19,ARKANSAS,MONROE,05095,17.290908675799088,36.195,-13.330416666666666,6.75,137.91666666666666,1587.7815833333334,0.6817256849315068,0.0,104.625,17.5,126143.0026992,6.125,72.48558219178082,5.567676484018265,2017,5280000.0,28995.05766062603
20,ARKANSAS,PHILLIPS,05107,17.65559817351598,35.562380952380956,-13.038571428571428,4.285714285714286,126.52380952380952,1605.4937142857143,0.6501630789302022,0.0,109.52380952380952,18.523809523809526,130841.4604649143,5.285714285714286,73.45208088714938,5.497604174820613,2017,5610000.0,32597.327135386404
21,ARKANSAS,POINSETT,05111,16.91381506849315,35.52625,-15.513125,3.375,137.1875,1494.5609375,0.6579796232876712,0.0,104.875,18.25,128116.4166792,11.0,72.13917808219178,5.39285051369863,2017,3635000.0,18602.8659160696
22,ARKANSAS,RANDOLPH,05121,16.096560922855083,36.82105263157895,-11.58578947368421,6.0,152.89473684210526,1362.5214210526317,0.6777150684931507,0.0,101.36842105263158,14.26315789473684,131180.61186341054,4.842105263157895,69.53790915645277,3.9784007209805337,2017,800000.0,4400.4400440044
23,ARKANSAS,ST. FRANCIS,05123,17.238544292237442,35.63333333333333,-13.4,4.0,135.8,1643.9968,0.6749121461187214,0.0,106.66666666666667,19.733333333333334,130595.5027872,7.4,71.97543378995434,5.378296073059361,2017,2990000.0,16303.162486368592
24,ARKANSAS,WHITE,05145,16.6723391336542,35.201351351351356,-14.351891891891892,2.2972972972972974,142.94594594594594,1575.3223243243244,0.5951041836356905,0.0,110.54054054054055,18.45945945945946,123963.84337271353,10.243243243243244,73.50864864864866,4.244523731951129,2017,1280000.0,6299.212598425197
25,ARKANSAS,WOODRUFF,05147,16.844665753424657,35.82,-15.0345,4.85,142.8,1560.1775499999999,0.6299049315068493,0.0,107.5,17.85,126121.18590720001,7.4,73.46569863013698,5.465270410958904,2017,2910000.0,16403.607666290867
26,CALIFORNIA,SAN JOAQUIN,06077,16.661995596868884,41.394999999999996,-1.3992857142857142,43.76785714285714,166.10714285714286,550.54325,1.0323528375733855,24.035714285714285,55.839285714285715,4.517857142857143,157969.8781529143,7.803571428571429,61.75666340508806,4.25160366927593,2017,3134000.0,18402.81855549031
27,KANSAS,ALLEN,20001,14.548376712328768,38.27625,-17.1175,7.125,177.375,1531.360375,0.595833904109589,0.0,84.0,18.25,130790.1904992,4.25,72.03051369863014,3.808871575342466,2017,3546400.0,28280.701754385962
28,KANSAS,ANDERSON,20003,14.251438356164382,38.10916666666667,-18.075,6.833333333333333,180.83333333333334,1393.493,0.6022271689497717,0.0,83.66666666666667,15.5,133159.2547392,3.0,71.1498401826484,3.8883739726027398,2017,5011800.0,41799.8331943286
29,KANSAS,ATCHISON,20005,13.309031963470321,36.205,-21.448333333333334,2.666666666666667,192.5,1017.2265,0.5959397260273973,0.0,83.33333333333333,13.166666666666666,126153.86425920001,8.5,69.77675799086758,3.6231611872146114,2017,9534000.0,63986.57718120806
30,KANSAS,BARBER,20007,14.69622602739726,40.06464285714286,-15.227142857142857,28.214285714285715,188.67857142857142,1108.8645357142857,0.8510393346379648,4.25,67.67857142857143,13.571428571428571,137981.6275392,4.178571428571429,62.07138943248532,4.39907915851272,2017,392200.0,2850.290697674419
31,KANSAS,BOURBON,20011,14.873981735159816,37.575833333333335,-17.1875,4.916666666666666,171.16666666666666,1689.61325,0.5889372146118722,0.0,85.75,23.083333333333332,129894.87409920001,4.0,71.88495433789954,3.615998173515982,2017,1488000.0,11298.405466970387
32,KANSAS,BROWN,20013,12.942269406392693,36.763333333333335,-22.26833333333333,3.0,196.16666666666666,1030.73425,0.5980344748858447,0.0,82.75,11.25,126776.44825920001,8.75,69.83561643835617,3.7913611872146116,2017,16725000.0,114241.80327868852
33,KANSAS,BUTLER,20015,14.38494216133942,39.70444444444444,-15.62027777777778,9.527777777777777,179.16666666666666,1145.2604999999999,0.6768007610350076,0.6944444444444445,78.36111111111111,14.38888888888889,130322.32729920001,3.861111111111111,68.17906392694064,4.370343378995434,2017,7919300.0,67860.32562125108
34,KANSAS,CHAUTAUQUA,20019,15.223824200913242,39.11333333333334,-13.775,9.416666666666666,174.33333333333334,1270.5473333333332,0.6958721461187215,0.5,73.08333333333333,17.166666666666668,133029.57409920002,4.166666666666667,68.4483105022831,3.7971253424657534,2017,183000.0,2278.9539227895393
35,KANSAS,CHEROKEE,20021,15.428931506849313,36.29666666666667,-15.549166666666666,2.9166666666666665,164.08333333333334,1518.59,0.5877429223744292,0.0,87.83333333333333,19.666666666666668,128560.1150592,7.75,73.02310502283105,3.4646157534246576,2017,8553800.0,60365.56104446013
36,KANSAS,CHEYENNE,20023,11.366514677103718,39.12714285714286,-22.047500000000003,18.142857142857142,236.60714285714286,826.4723571428572,0.7907914872798435,3.6785714285714284,75.10714285714286,9.464285714285714,139905.42197348573,4.5,61.06701565557729,4.146121135029355,2017,9322000.0,68093.49890430972
37,KANSAS,CLAY,20027,13.237436643835617,40.071875,-21.9275,19.0625,197.8125,890.0736875,0.695148801369863,2.1875,86.4375,9.25,131907.5617392,9.1875,67.37890410958904,3.9903893835616437,2017,6692000.0,46504.517025712295
38,KANSAS,COFFEY,20031,14.20140410958904,37.850833333333334,-16.856666666666666,7.25,179.41666666666666,1207.01475,0.6166920091324201,0.0,83.16666666666667,13.416666666666668,131605.0173792,2.1666666666666665,70.59470319634703,4.098257077625571,2017,3879700.0,32795.43533389687
39,KANSAS,COWLEY,20035,15.015719178082191,39.656666666666666,-14.160416666666668,10.916666666666666,174.41666666666666,1122.2823333333333,0.7174684931506848,0.6666666666666666,72.91666666666667,15.166666666666666,135083.27473920002,3.1666666666666665,66.89228310502283,4.226703424657535,2017,1852000.0,22640.586797066015
40,KANSAS,CRAWFORD,20037,15.142518264840183,36.711666666666666,-16.315833333333334,3.5833333333333335,167.41666666666666,1765.3189166666666,0.5726449771689497,0.0,92.83333333333333,23.916666666666668,129295.3560192,6.25,73.0065296803653,3.5806420091324203,2017,5646800.0,43303.68098159509
41,KANSAS,DICKINSON,20041,13.989649315068492,40.176,-19.893600000000003,22.16,189.88,928.968,0.7528244383561643,3.16,85.52,10.68,134347.6356768,8.120000000000001,66.03614246575343,4.13301895890411,2017,2507000.0,22832.42258652095
42,KANSAS,DONIPHAN,20043,12.925680365296802,36.223333333333336,-22.35083333333333,2.8333333333333335,198.0,997.988,0.5936968036529681,0.0,79.75,12.0,125730.9924192,8.0,70.23641552511415,3.5349134703196348,2017,15256000.0,82286.94714131606
43,KANSAS,DOUGLAS,20045,14.094582191780821,37.69,-19.2825,5.75,182.25,1403.38825,0.6161664383561644,0.0,86.25,16.375,127676.67577920001,6.75,69.95369863013698,3.6548835616438358,2017,3833000.0,25776.731674512444
44,KANSAS,ELK,20049,14.96973515981735,38.862500000000004,-14.4225,8.0,176.41666666666666,1202.32,0.693363698630137,0.08333333333333333,75.25,16.0,131705.4926592,2.5833333333333335,67.82815068493152,4.041802054794521,2017,526100.0,3970.566037735849
45,KANSAS,ELLSWORTH,20053,13.828579908675799,40.98833333333333,-17.720555555555556,27.944444444444443,193.66666666666666,731.4234444444444,0.8079048706240487,6.111111111111111,72.77777777777777,8.277777777777779,136845.4768992,7.0,63.973135464231355,4.870030289193303,2017,619000.0,9935.794542536116
46,KANSAS,FRANKLIN,20059,14.08899086757991,38.31666666666667,-18.845,7.0,184.0,1266.2909166666666,0.6093406392694064,0.08333333333333333,85.58333333333333,14.166666666666666,128138.69041920001,4.583333333333333,70.67771689497717,3.7387698630136987,2017,4533000.0,32217.484008528787
47,KANSAS,GEARY,20061,13.808901065449012,39.31888888888889,-19.734444444444446,14.11111111111111,187.0,936.4595555555555,0.7023424657534247,2.1111111111111107,85.66666666666667,9.88888888888889,133426.6274592,9.11111111111111,67.18517503805175,4.108371080669711,2017,1645000.0,10937.5
48,KANSAS,GOVE,20063,12.428871819960861,40.020357142857144,-21.650714285714287,32.142857142857146,223.10714285714286,632.5486428571429,0.8592521526418787,8.857142857142858,56.392857142857146,6.428571428571429,148767.70109348572,3.2857142857142856,60.8874951076321,4.390065753424658,2017,10946000.0,99418.71026339692
49,KANSAS,GRAY,20069,13.154606849315067,38.6185,-17.7475,26.25,210.2,902.0735,0.8417095890410958,4.35,66.3,13.05,143285.9291712,5.95,61.1194794520548,4.721698219178082,2017,16575000.0,99489.79591836735
50,KANSAS,GREELEY,20071,11.75423287671233,38.39375,-19.918125,20.9375,231.0625,879.5644374999999,0.8031883561643836,4.0,67.125,11.5,148217.79409920002,3.8125,61.309366438356165,4.428263184931507,2017,5883000.0,50454.545454545456
51,KANSAS,HAMILTON,20075,12.334276164383562,38.4328,-20.624000000000002,24.96,221.12,925.41052,0.856533589041096,7.68,66.32000000000001,12.44,149694.38694720002,2.84,60.053676712328766,4.139297863013699,2017,1610000.0,18421.052631578947
52,KANSAS,HARPER,20077,15.058865753424657,41.19133333333333,-14.431999999999999,34.6,184.6,1038.5540666666666,0.8247256621004565,6.266666666666667,75.06666666666666,12.733333333333333,139232.6302752,5.8,64.60743378995434,4.347045662100457,2017,87000.0,1808.7318087318088
53,KANSAS,HARVEY,20079,14.33046301369863,40.558,-17.063,19.4,184.4,844.1302000000001,0.7392871232876713,2.3,77.8,9.3,131255.4449952,5.0,66.50657534246575,4.4385032876712325,2017,6737000.0,64530.65134099616
54,KANSAS,HASKELL,20081,12.905748858447488,39.403333333333336,-19.044999999999998,28.0,214.91666666666666,979.6699166666666,0.8425221461187214,6.916666666666666,66.75,12.416666666666666,145247.3512992,4.666666666666666,61.21942922374429,4.54881598173516,2017,20059000.0,117167.05607476637
55,KANSAS,JACKSON,20085,13.411357876712328,37.966875,-20.98125,6.375,191.0625,1135.3834375,0.6192196917808219,0.125,89.4375,12.9375,127110.1839192,8.6875,69.37421232876713,3.776390239726027,2017,4525000.0,36878.565607171964
56,KANSAS,JEFFERSON,20087,13.738356164383562,37.2475,-20.81,4.833333333333333,185.58333333333334,1164.0789166666666,0.6056810502283105,0.0,87.58333333333333,14.916666666666666,127214.7849792,7.25,69.77228310502284,3.7166623287671237,2017,5987000.0,42132.30119634061
57,KANSAS,JEWELL,20089,12.54291210045662,40.61416666666667,-22.791666666666668,27.375,207.58333333333334,764.3874583333334,0.7562174657534247,5.875,73.45833333333333,8.041666666666666,133793.46601920002,7.541666666666667,64.82987442922375,4.197833789954338,2017,7981000.0,64207.56234915527
58,KANSAS,KINGMAN,20095,14.567849967384213,40.41809523809523,-15.254761904761907,26.142857142857142,186.57142857142858,919.9080952380953,0.7954803652968035,4.857142857142857,71.33333333333333,11.142857142857142,133775.81923062858,4.666666666666667,64.43279843444228,4.616768819308546,2017,1510800.0,10249.66078697422
59,KANSAS,LABETTE,20099,15.255659817351598,36.858333333333334,-13.683333333333332,3.4166666666666665,169.08333333333334,1479.7196666666666,0.6061650684931507,0.0,84.91666666666667,20.75,130485.8104992,5.916666666666666,71.89872146118721,3.596271917808219,2017,4291300.0,38280.999107939344
60,KANSAS,LEAVENWORTH,20103,13.666251141552511,35.862500000000004,-20.1275,3.25,187.58333333333334,1373.6986666666667,0.5805408675799086,0.0,85.16666666666667,17.5,124065.9052992,7.5,70.92687214611873,3.382454109589041,2017,2972900.0,21189.5937277263
61,KANSAS,LYON,20111,13.99233105022831,39.23625,-17.29625,8.125,183.16666666666666,1078.7521666666667,0.6541404109589041,0.5,84.79166666666667,11.375,131017.5758592,4.041666666666667,69.02802511415526,4.036379908675799,2017,2811400.0,25698.35466179159
62,KANSAS,MARION,20115,14.144391232876712,40.3256,-16.5424,12.24,184.84,917.26516,0.722810301369863,1.96,84.44,8.92,131958.35496,5.56,66.49379726027398,4.500204383561644,2017,4740000.0,54671.28027681661
63,KANSAS,MARSHALL,20117,12.846351598173515,37.82041666666667,-21.78125,7.416666666666666,197.41666666666666,1093.1738333333333,0.6325777397260274,0.041666666666666664,85.83333333333333,12.208333333333334,126089.0372592,8.916666666666666,68.80803652968036,3.9087294520547946,2017,11163000.0,120032.25806451614
64,KANSAS,MCPHERSON,20113,14.220142465753424,41.8615,-16.416999999999998,28.65,191.25,812.14875,0.7896369863013698,4.0,78.9,9.35,134794.8145152,6.2,65.07557534246575,4.673082739726027,2017,5257000.0,45318.96551724138
65,KANSAS,MEADE,20119,13.946668949771688,38.70166666666667,-15.067916666666667,34.958333333333336,205.625,820.749625,0.9155755707762557,7.5,61.125,10.75,145859.3124192,4.25,59.39268264840182,4.402944406392694,2017,14550000.0,72895.79158316634
66,KANSAS,MIAMI,20121,14.074242009132421,36.95916666666667,-19.14,4.083333333333333,180.0,1358.3641666666667,0.5869598173515982,0.0,85.83333333333333,15.5,126909.6036192,4.25,70.67890410958904,3.6318851598173514,2017,3320200.0,21406.834300451323
67,KANSAS,MITCHELL,20123,13.25714307458143,41.882222222222225,-21.405555555555555,35.72222222222222,201.5,860.1876666666667,0.8030659056316591,7.777777777777778,75.94444444444444,8.944444444444445,135695.0532192,9.61111111111111,64.44071537290715,4.246816894977169,2017,2955000.0,33127.80269058296
68,KANSAS,MONTGOMERY,20125,15.23470091324201,38.25416666666667,-13.890833333333333,6.416666666666666,173.41666666666666,1326.1374166666667,0.6600840182648402,0.0,79.08333333333333,17.583333333333332,131748.1648992,4.416666666666667,69.97997716894977,3.6680534246575345,2017,3373000.0,31376.74418604651
69,KANSAS,MORRIS,20127,13.741617960426181,39.25888888888889,-19.849444444444444,10.055555555555555,187.33333333333334,973.5439444444445,0.684079604261796,1.5555555555555556,85.44444444444444,11.0,133604.4592992,7.0,67.4499086757991,4.349191628614916,2017,2232800.0,20693.234476367004
70,KANSAS,MORTON,20129,13.25764200913242,38.60066666666667,-21.945333333333334,28.733333333333334,217.86666666666667,837.7468,0.9427318721461186,13.266666666666667,66.6,9.0,152441.67597120002,2.4,58.058173515981736,4.426143561643836,2017,5213000.0,42589.86928104575
71,KANSAS,NEMAHA,20131,12.959619863013698,37.458125,-21.7325,4.5625,194.375,1071.362375,0.6090260273972603,0.0,85.4375,11.0,127436.51617920001,9.3125,69.36832191780822,3.9336871575342465,2017,9614900.0,105774.47744774476
72,KANSAS,NESS,20135,13.151974559686888,41.051785714285714,-19.238571428571426,35.25,208.89285714285714,766.9338928571428,0.8537230919765166,10.857142857142858,61.714285714285715,10.142857142857142,143340.70572205714,3.75,62.112896281800396,4.628615068493151,2017,1780000.0,19098.712446351932
73,KANSAS,OSAGE,20139,14.054056506849316,38.771875,-18.84125,7.25,181.5,1202.24275,0.6355571917808219,0.1875,85.5,14.75,130504.8760992,4.9375,69.82510273972602,4.014491095890411,2017,4476000.0,32911.76470588235
74,KANSAS,OSBORNE,20141,13.244320776255707,41.347500000000004,-18.613333333333333,37.291666666666664,202.58333333333334,883.1185,0.8249844748858447,7.291666666666667,74.875,11.125,138643.18945920002,5.833333333333333,63.125376712328766,4.376355365296804,2017,3089000.0,36642.9418742586
75,KANSAS,OTTAWA,20143,13.67206088280061,41.934444444444445,-20.25611111111111,31.833333333333332,196.72222222222223,859.7567222222223,0.7882983257229833,6.5,81.44444444444444,10.333333333333334,134598.10057920002,9.055555555555555,65.03462709284628,4.182177168949772,2017,1627000.0,16895.119418483904
76,KANSAS,PAWNEE,20145,13.491855185909982,39.88333333333333,-17.826666666666668,28.523809523809522,201.23809523809524,671.8745238095238,0.8312439660795825,7.0,63.23809523809524,7.619047619047619,139139.21031634285,5.857142857142857,62.844096542726675,4.755085975212003,2017,7247000.0,51397.16312056738
77,KANSAS,PHILLIPS,20147,12.50240410958904,40.865833333333335,-21.556250000000002,32.625,213.70833333333334,753.121625,0.79872100456621,6.791666666666667,75.41666666666667,8.041666666666666,136207.4323392,4.583333333333333,63.097636986301374,4.144226369863014,2017,7514000.0,70027.95899347623
78,KANSAS,POTTAWATOMIE,20149,13.2442567224759,39.29962962962963,-21.090740740740742,9.777777777777777,195.22222222222223,1077.9563703703705,0.6365199391171994,0.962962962962963,91.96296296296296,11.074074074074074,126944.3586592,9.62962962962963,69.30922374429224,3.760431050228311,2017,5109000.0,36888.08664259928
79,KANSAS,PRATT,20151,13.709532420091325,39.48666666666667,-15.910666666666666,20.266666666666666,195.93333333333334,849.4598666666667,0.7894471232876712,3.8666666666666667,60.8,11.466666666666667,136386.69203520002,4.8,63.59764383561644,4.744771689497717,2017,8851000.0,56700.83279948751
80,KANSAS,RAWLINS,20153,11.69359589041096,38.62892857142857,-21.665,22.535714285714285,229.92857142857142,591.8566071428571,0.8176191780821918,3.75,63.82142857142857,4.428571428571429,151870.7796192,3.428571428571429,60.53522504892368,4.307114677103718,2017,12370000.0,97401.5748031496
81,KANSAS,REPUBLIC,20157,12.47921308980213,39.538333333333334,-22.806666666666665,19.27777777777778,205.33333333333334,1009.7404444444445,0.6821284627092846,2.111111111111111,79.05555555555556,10.055555555555555,130174.1512992,9.61111111111111,67.28963470319634,4.04513302891933,2017,16468000.0,103899.05362776025
82,KANSAS,ROOKS,20163,13.040904109589041,41.05708333333333,-18.88083333333333,31.458333333333332,205.91666666666666,754.0320833333333,0.8144187214611872,8.166666666666666,75.08333333333333,9.208333333333334,136518.6699792,4.791666666666667,62.96380136986301,4.355380593607306,2017,1582000.0,16794.055201698513
83,KANSAS,SALINE,20169,14.23625388127854,41.968666666666664,-17.139333333333333,34.266666666666666,191.86666666666667,801.7953333333334,0.8274387214611872,6.266666666666667,79.8,9.2,135360.7404192,7.733333333333333,64.38142465753425,4.384210410958904,2017,727000.0,8177.727784026996
84,KANSAS,SCOTT,20171,12.469660958904111,39.18375,-20.896250000000002,29.125,219.5,745.678,0.848358390410959,9.5,62.4375,8.375,146013.29863920002,3.5625,61.42799657534247,4.546619178082192,2017,12422000.0,90870.51938551574
85,KANSAS,SEWARD,20175,13.54808904109589,38.44416666666667,-18.273333333333333,33.833333333333336,208.33333333333334,957.0633333333333,0.8725550228310501,6.583333333333333,66.58333333333333,11.833333333333334,145878.9180192,3.8333333333333335,60.345114155251146,4.448186757990867,2017,12345000.0,71317.15771230502
86,KANSAS,SHAWNEE,20177,13.985941552511415,38.49,-19.477333333333334,8.133333333333333,186.26666666666668,1171.4332666666667,0.6559141552511416,0.6666666666666666,88.33333333333333,14.333333333333334,127943.32403520001,6.866666666666667,68.95305936073059,3.7171090410958905,2017,4675000.0,33488.53868194843
87,KANSAS,SHERIDAN,20179,12.118709589041096,39.8645,-20.8955,30.7,221.75,592.2148,0.8340431506849315,7.5,55.9,5.4,148861.6170912,3.1500000000000004,61.13527397260274,4.509103287671233,2017,18932000.0,138594.4363103953
88,KANSAS,SHERMAN,20181,11.207035225048923,37.64392857142857,-19.73428571428571,12.892857142857142,235.32142857142858,818.047,0.743821037181996,0.9642857142857143,70.32142857142857,8.392857142857142,140696.28499062857,4.321428571428571,62.30988258317025,4.450771722113503,2017,20113000.0,142141.34275618376
89,KANSAS,STAFFORD,20185,13.48424794520548,39.468,-17.207,20.2,196.85,764.2875,0.7705305479452055,3.7,61.5,9.3,136020.7086912,5.45,64.48872602739726,4.772439178082192,2017,8022000.0,61612.903225806454
90,KANSAS,STANTON,20187,12.794602739726027,38.504,-19.945333333333334,27.733333333333334,219.33333333333334,969.5768666666667,0.8958445662100457,12.0,64.2,11.666666666666666,150994.8526752,2.8666666666666667,59.296968036529684,4.183571141552511,2017,13048000.0,86928.71419053964
91,KANSAS,SUMNER,20191,15.144909980430528,40.98892857142857,-14.344285714285714,25.821428571428573,179.64285714285714,963.4118928571429,0.7740994129158513,3.7142857142857144,75.57142857142857,12.25,135156.4684992,4.392857142857143,66.58638943248533,4.223260176125245,2017,3243000.0,37534.72222222222
92,KANSAS,WABAUNSEE,20197,13.72219178082192,38.80526315789474,-18.94421052631579,9.368421052631579,188.3684210526316,1071.550947368421,0.6649929343907715,1.4736842105263157,85.52631578947368,12.421052631578947,130429.76221288422,7.263157894736842,68.38670511896179,4.0800656092285505,2017,3336000.0,25234.493192133134
93,KANSAS,WALLACE,20199,11.529890410958904,37.32541666666667,-19.16,15.375,232.33333333333334,910.7052916666667,0.7454802511415526,0.8333333333333333,67.0,10.25,143625.22153920002,4.125,62.60059360730594,4.259314726027397,2017,11243000.0,83715.56217423678
94,KANSAS,WASHINGTON,20201,12.646421232876714,38.5725,-22.69666666666667,10.333333333333334,201.33333333333334,1040.2540833333333,0.6457383561643836,0.08333333333333333,84.25,12.916666666666666,127918.30957920001,9.083333333333332,68.34296803652968,3.9425410958904106,2017,10363000.0,88800.34275921165
95,KANSAS,WICHITA,20203,12.028654109589041,38.623125,-19.695,23.0625,223.75,829.644,0.8035554794520549,5.9375,62.875,10.375,147739.4475192,4.4375,62.1842294520548,4.488155993150684,2017,10060000.0,73591.80687637163
96,KANSAS,WILSON,20205,14.929936073059359,38.824999999999996,-14.338333333333333,7.166666666666666,176.58333333333334,1408.7360833333335,0.6562280821917807,0.0,82.5,18.833333333333332,131866.0288992,2.1666666666666665,69.94454337899543,3.8247910958904106,2017,3875000.0,39180.99089989888
97,KANSAS,WOODSON,20207,14.546205479452054,38.8375,-16.84,8.375,179.375,1276.237625,0.6473969178082192,0.0,83.25,15.125,131476.13305920002,2.25,70.18630136986302,3.9805325342465756,2017,1994000.0,19900.1996007984
98,NORTH DAKOTA,BARNES,38003,6.239713470319635,35.131875,-31.885833333333334,1.4375,257.0,677.8506666666667,0.45015599315068494,0.0,82.75,5.770833333333333,113088.31567920001,7.0,72.50055365296804,4.633940068493151,2017,25363000.0,171140.350877193
99,NORTH DAKOTA,BENSON,38005,4.819721046077211,34.066909090909085,-34.752,0.3090909090909091,268.45454545454544,634.3682181818182,0.39862704856787046,0.0,85.76363636363637,4.527272727272727,113273.92632174546,4.236363636363636,73.96773599003735,4.699772503113325,2017,7222000.0,60893.76053962901
100,NORTH DAKOTA,BOTTINEAU,38009,4.437258447488585,33.145833333333336,-35.61833333333333,0.16666666666666669,286.35,527.4762833333333,0.44134086757990865,0.0,83.95,2.316666666666667,115068.8558592,5.516666666666667,71.42284931506849,4.44278401826484,2017,3713000.0,35701.92307692308
101,NORTH DAKOTA,BURLEIGH,38015,6.056469489414694,36.63136363636364,-33.44590909090909,3.803030303030303,264.3333333333333,531.0937272727273,0.5121746367787464,0.045454545454545456,69.78787878787878,3.0303030303030303,121067.63999738182,3.9696969696969697,68.92610626816106,4.412006766293068,2017,6920000.0,69200.0
102,NORTH DAKOTA,CASS,38017,6.495447488584475,35.43533333333333,-31.176,2.716666666666667,254.1,681.38155,0.471981598173516,0.5666666666666667,84.3,5.550000000000001,111307.41141120001,9.1,71.4805205479452,4.321890410958904,2017,49619000.0,290509.3676814988
103,NORTH DAKOTA,CAVALIER,38019,4.0247751141552515,33.20020833333333,-33.65020833333333,0.0,277.125,562.8872916666667,0.3526617579908676,0.0,86.47916666666667,2.7708333333333335,110309.13097920001,2.729166666666667,75.29747716894977,4.657799429223744,2017,1437000.0,12303.082191780823
104,NORTH DAKOTA,DICKEY,38021,6.603383146533831,35.48,-32.129393939393935,3.9393939393939394,263.3939393939394,492.56415151515154,0.4585398090493981,0.0,67.57575757575758,3.3030303030303028,122219.04750283637,3.9393939393939394,72.1101203819012,4.294387712743878,2017,26743000.0,157219.28277483833
105,NORTH DAKOTA,EDDY,38027,5.25988698630137,34.256875,-33.604375000000005,0.25,265.25,627.951375,0.4366340753424658,0.0,84.0625,4.75,113161.80733920001,4.5625,72.95943493150685,4.748089554794521,2017,3697000.0,29110.23622047244
106,NORTH DAKOTA,EMMONS,38029,6.66724168297456,37.49267857142858,-33.86607142857143,7.482142857142857,257.4642857142857,457.63057142857144,0.5478954500978473,0.7142857142857143,69.82142857142857,2.6785714285714284,123603.08395062857,1.7857142857142856,67.75771037181995,4.385938454011741,2017,12480000.0,112331.23312331234
107,NORTH DAKOTA,FOSTER,38031,5.628503424657534,35.205625,-32.948750000000004,1.5,263.875,601.3988125,0.4554580479452055,0.0,82.5625,3.4375,117640.2228192,4.75,72.49270547945206,4.769093321917809,2017,7669000.0,58992.307692307695
108,NORTH DAKOTA,GOLDEN VALLEY,38033,6.438910958904109,37.59,-33.9971875,7.5625,286.1875,263.33665625,0.6400504280821918,0.875,58.84375,0.40625,127343.93101920001,3.65625,63.458732876712325,4.441703253424658,2017,234000.0,7069.486404833837
109,NORTH DAKOTA,GRAND FORKS,38035,5.560316411496105,34.908235294117645,-31.421960784313725,0.4901960784313726,259.1372549019608,654.157568627451,0.42786226161697555,0.058823529411764705,84.41176470588235,4.588235294117647,107977.42021214118,13.07843137254902,72.79297878055331,4.5293057211925865,2017,16518000.0,116734.98233215547
110,NORTH DAKOTA,GRANT,38037,6.7010219178082195,38.76114285714285,-34.11757142857143,9.714285714285715,272.48571428571427,473.93534285714287,0.6307654794520547,2.2714285714285714,70.87142857142857,2.557142857142857,128006.26758720001,1.8428571428571427,63.80477886497064,4.420697612524462,2017,2086000.0,46562.5
111,NORTH DAKOTA,GRIGGS,38039,5.679161643835617,35.8395,-32.9665,1.4000000000000001,258.95,652.7396,0.46238342465753424,0.0,84.1,4.45,116403.44137920001,5.6,71.96465753424657,4.829397260273972,2017,5785000.0,38695.65217391304
112,NORTH DAKOTA,HETTINGER,38041,6.287880821917809,38.4185,-34.191,8.9,283.025,410.980325,0.6207439726027397,1.9,66.2,2.0,125338.30060320001,2.65,64.0102191780822,4.474603356164383,2017,2027000.0,42584.033613445376
113,NORTH DAKOTA,LAMOURE,38045,6.4245305105853046,35.07333333333334,-30.67909090909091,2.4545454545454546,261.969696969697,511.9211212121212,0.44290278123702775,0.0,67.96969696969697,3.787878787878788,116946.10210647274,6.212121212121212,72.85443752594438,4.462082855956829,2017,23808000.0,159464.16610850635
114,NORTH DAKOTA,MCLEAN,38055,5.501357282639082,36.39867346938776,-32.20336734693878,3.295918367346939,272.53061224489795,567.4268469387755,0.5007623147889293,0.0,80.1734693877551,3.7755102040816326,120274.82806981225,4.061224489795919,69.24034945485043,4.6346588761532015,2017,8970000.0,87683.284457478
115,NORTH DAKOTA,NELSON,38063,4.992523771152296,34.47676470588235,-33.67352941176471,0.5882352941176471,264.9117647058824,625.8244117647058,0.4149636583400484,0.0,84.8529411764706,4.235294117647059,113033.37761449412,7.352941176470588,73.65560838033844,4.910962207896858,2017,3789000.0,28297.236743838683
116,NORTH DAKOTA,PEMBINA,38067,4.696744422700587,34.23028571428571,-33.139714285714284,0.02857142857142857,269.45714285714286,519.4752285714286,0.40396336594911936,0.0,79.0,1.6857142857142855,110572.96707977144,5.514285714285714,72.96855577299412,4.269368454011742,2017,5677000.0,42114.24332344213
117,NORTH DAKOTA,RAMSEY,38071,4.485893512535539,33.17528301886792,-34.49603773584906,0.018867924528301886,268.45283018867923,616.3687924528302,0.3677668131300078,0.0,86.73584905660377,4.0754716981132075,110825.20282523773,5.169811320754717,75.33847505815456,4.6826262083225645,2017,7800000.0,61904.76190476191
118,NORTH DAKOTA,RANSOM,38073,6.61353196347032,34.817083333333336,-30.739583333333332,1.6666666666666665,257.5416666666667,625.744875,0.4454618721461187,0.0,74.08333333333333,5.166666666666667,116282.8996992,7.958333333333334,72.72842465753425,4.235445890410959,2017,19324000.0,107474.97219132369
119,NORTH DAKOTA,RENVILLE,38075,4.735944422700587,34.10171428571429,-35.03514285714286,0.3714285714285714,286.1714285714286,464.7155714285714,0.47789338551859106,0.0,80.2,1.0,115567.6794912,6.942857142857143,70.07578864970645,4.747950919765166,2017,1323000.0,13897.05882352941
120,NORTH DAKOTA,RICHLAND,38077,6.759333840690005,35.68314814814815,-31.05462962962963,3.351851851851852,253.83333333333334,643.4195185185185,0.46433140537798073,0.5925925925925926,78.98148148148148,4.2592592592592595,115613.1941792,6.185185185185185,71.86439878234398,4.0452998477929984,2017,54143000.0,289071.0090763481
121,NORTH DAKOTA,ROLETTE,38079,3.9119549902152646,33.58714285714286,-34.52285714285714,0.10714285714285714,287.2857142857143,533.7768928571428,0.3871210371819961,0.0,87.92857142857143,2.2142857142857144,114803.51395062858,3.75,73.15469667318983,4.414155577299413,2017,801000.0,9000.0
122,NORTH DAKOTA,SARGENT,38081,6.859431506849315,35.62,-31.901666666666667,2.9166666666666665,258.2916666666667,615.4147916666667,0.46234474885844745,0.0,73.625,3.916666666666667,117239.74549920001,5.25,72.24772831050228,4.109321461187215,2017,24772000.0,142531.64556962025
123,NORTH DAKOTA,SLOPE,38087,6.650691956445381,38.36282051282051,-32.31948717948718,10.128205128205128,284.1025641025641,264.8480769230769,0.6661072708113804,3.58974358974359,55.12820512820513,1.0,127511.33409304616,3.076923076923077,62.45905163329821,4.534546680716544,2017,277000.0,6707.0217917675545
124,NORTH DAKOTA,STARK,38089,6.195540569020022,38.45820512820512,-35.37051282051282,9.64102564102564,286.35897435897436,359.0877435897436,0.6210884439761152,1.8205128205128205,59.794871794871796,1.6666666666666665,126148.1481238154,3.846153846153846,64.18762205830699,4.5425810326659635,2017,1468000.0,28015.26717557252
125,NORTH DAKOTA,STEELE,38091,6.021626027397261,36.0405,-31.762999999999998,1.85,254.75,682.2807,0.47511821917808217,0.5,82.15,5.4,115608.70221120001,7.050000000000001,71.40298630136986,4.812769863013699,2017,13858000.0,81709.90566037736
126,NORTH DAKOTA,STUTSMAN,38093,5.9178871493803005,35.54238095238095,-31.78309523809524,2.0952380952380953,261.76190476190476,564.7557261904761,0.4467692433137639,0.0,76.27380952380952,4.011904761904762,115404.49527634286,5.5476190476190474,72.50632093933464,4.669443672537508,2017,27528000.0,182304.6357615894
127,NORTH DAKOTA,TOWNER,38095,4.032525114155251,33.623666666666665,-34.69266666666667,0.0,284.6333333333333,552.2360666666666,0.3659628310502283,0.0,86.8,2.8,110886.28009920001,3.833333333333333,74.85912328767124,4.46287598173516,2017,2521000.0,21292.22972972973
128,NORTH DAKOTA,TRAILL,38097,6.163656555772993,35.985,-31.47214285714286,1.7142857142857142,254.25,635.1675714285715,0.4687361056751468,0.5714285714285714,85.64285714285714,4.178571428571429,109901.8586592,9.678571428571429,71.170313111546,4.470660861056751,2017,19750000.0,118975.90361445783
129,NORTH DAKOTA,WALSH,38099,4.888355512067841,34.08190476190477,-32.255,0.23809523809523808,266.57142857142856,578.0732142857142,0.39103072407045014,0.0,81.5,4.119047619047619,110214.52112777144,6.833333333333333,74.04165688193086,4.530201435094586,2017,8402000.0,56389.26174496644
130,NORTH DAKOTA,WARD,38101,5.1661932537929,35.08129032258064,-34.778279569892476,1.032258064516129,278.31182795698925,464.5276559139785,0.5119420827809692,0.0,78.08602150537635,1.3763440860215055,117803.32999339355,5.35483870967742,68.78067462070997,4.927308027691855,2017,2698000.0,31408.614668218856
131,NORTH DAKOTA,WELLS,38103,5.375211567732116,34.55244444444444,-33.86511111111111,0.6444444444444445,268.26666666666665,567.8394444444444,0.4404214307458143,0.0,78.62222222222222,3.888888888888889,119706.2391072,3.2666666666666666,72.578800608828,4.74518502283105,2017,14112000.0,96591.37577002053
132,SOUTH DAKOTA,AURORA,46003,9.440427397260274,38.716,-30.187,11.65,238.55,804.79055,0.5939449315068492,0.2,87.4,7.6000000000000005,121469.99915520001,10.1,68.1945890410959,4.261504657534247,2017,9820000.0,80425.88042588043
133,SOUTH DAKOTA,BEADLE,46005,8.587851598173517,37.29138888888889,-32.121944444444445,7.611111111111111,244.88888888888889,666.2994166666666,0.5533671993911721,0.0,78.69444444444444,5.638888888888888,119995.6826592,5.833333333333333,68.98886605783866,4.163384246575343,2017,24767000.0,179862.01888162675
134,SOUTH DAKOTA,BON HOMME,46009,10.015456164383561,36.05,-26.174,4.55,225.1,992.9028000000001,0.555533698630137,0.0,81.2,11.65,125558.66704320001,6.15,68.83739726027397,4.111089452054794,2017,13411000.0,95998.56836077309
135,SOUTH DAKOTA,BROOKINGS,46011,7.693646444879322,33.92333333333333,-30.72285714285714,0.14285714285714285,246.14285714285714,850.8538095238096,0.4230536203522505,0.0,89.61904761904762,7.095238095238095,115918.63760777144,7.095238095238095,73.96528375733855,4.175274494455316,2017,23107000.0,122778.95855472902
136,SOUTH DAKOTA,BROWN,46013,7.218264677103718,37.95982142857143,-34.10642857142857,7.25,259.125,560.3621071428571,0.5158875733855186,0.21428571428571427,68.10714285714286,3.875,120102.51759634286,5.589285714285714,69.85692270058709,4.03426149706458,2017,43544000.0,293028.26379542396
137,SOUTH DAKOTA,BRULE,46015,9.92417808219178,40.684615384615384,-28.843846153846155,15.5,233.73076923076923,787.5264615384616,0.6378518440463645,1.1153846153846154,81.3076923076923,7.576923076923077,124340.24141612308,8.115384615384615,66.67015806111696,4.231139726027397,2017,4930000.0,46291.079812206575
138,SOUTH DAKOTA,CAMPBELL,46021,7.273506849315068,39.57434782608696,-34.45913043478261,11.478260869565217,256.0869565217391,556.310652173913,0.595264919594997,2.260869565217391,66.17391304347827,4.521739130434782,125358.83762963479,3.0,66.21442525312686,4.233098987492555,2017,6444000.0,60507.042253521126
139,SOUTH DAKOTA,CHARLES MIX,46023,10.137808219178083,37.99607142857143,-27.28375,9.785714285714286,228.5,850.3932321428572,0.6046626712328768,0.25,84.39285714285714,7.696428571428571,127047.84315634286,6.142857142857142,67.37208904109589,4.170690313111546,2017,16326000.0,130295.2913008779
140,SOUTH DAKOTA,CLARK,46025,7.519765296803653,35.00533333333333,-31.70266666666667,1.2,246.43333333333334,729.0556,0.4797374429223744,0.0,79.0,6.5,116594.50086720001,5.6000000000000005,70.38657534246575,4.410464109589041,2017,21324000.0,131792.3362175525
141,SOUTH DAKOTA,CLAY,46027,9.975850837138509,36.11333333333333,-26.735555555555557,1.2222222222222223,224.66666666666666,1089.1617777777778,0.5149415525114155,0.0,83.66666666666667,10.444444444444445,123217.5852192,7.777777777777778,71.279299847793,3.9155467275494673,2017,18071000.0,100227.39877981142
142,SOUTH DAKOTA,CORSON,46031,7.678356849315068,40.136,-33.448750000000004,16.5125,257.325,433.418225,0.6824093493150685,3.8375,65.6,2.1375,130258.09469520001,2.7625,62.404917808219174,4.428117636986301,2017,2629000.0,35100.13351134846
143,SOUTH DAKOTA,DAVISON,46035,9.520063926940638,37.824444444444445,-29.734444444444446,9.11111111111111,234.44444444444446,808.5243333333333,0.5718158295281582,0.0,89.0,6.888888888888889,119654.5701792,10.333333333333334,69.1283105022831,4.255662100456621,2017,9054000.0,71179.24528301887
144,SOUTH DAKOTA,DEUEL,46039,7.594868150684931,34.073125,-29.720625,0.125,241.25,831.3070625,0.44133219178082195,0.0,89.1875,6.625,113677.07965920001,7.625,72.32433219178081,4.3663448630136985,2017,15154000.0,87192.17491369389
145,SOUTH DAKOTA,DEWEY,46041,8.53225095890411,40.6764,-31.1931,17.32,248.11,446.42927,0.6952144657534246,3.32,63.29,2.52,132871.0216608,3.39,62.13857534246575,4.533620493150685,2017,2226000.0,24407.894736842103
146,SOUTH DAKOTA,DOUGLAS,46043,9.580448318804484,38.098181818181814,-28.921818181818182,8.909090909090908,237.45454545454547,821.915,0.5835820672478207,0.0,86.27272727272727,5.818181818181818,123472.73611374546,6.545454545454546,68.55392278953923,4.2598388542963885,2017,8555000.0,70180.47579983593
147,SOUTH DAKOTA,FAULK,46049,7.87951902587519,39.71777777777778,-32.281481481481485,11.148148148148149,252.77777777777777,464.80188888888887,0.603484830035515,1.074074074074074,67.25925925925925,2.4444444444444446,128441.19769920001,3.518518518518518,66.23912734652461,4.218743581938102,2017,13325000.0,110215.05376344085
148,SOUTH DAKOTA,GRANT,46051,7.616087410306588,35.10619047619048,-30.535238095238096,0.9523809523809523,241.9047619047619,791.46,0.4765354207436399,0.09523809523809523,79.0,6.095238095238095,114203.87079634286,5.095238095238095,70.48966731898238,4.212478016960208,2017,14292000.0,90000.0
149,SOUTH DAKOTA,HAMLIN,46057,7.345388127853881,34.25416666666667,-31.569166666666664,0.0,248.0,674.7223333333334,0.44074863013698634,0.0,83.5,4.25,114051.2452992,6.75,72.60488584474886,4.299419863013699,2017,16947000.0,96125.92172433352
150,SOUTH DAKOTA,HAND,46059,8.57275733855186,39.20547619047619,-31.65357142857143,10.428571428571429,247.0,512.2501904761905,0.6093401826484018,0.40476190476190477,70.61904761904762,3.0952380952380953,127573.28707062858,4.071428571428571,66.0061252446184,4.298034768427919,2017,14987000.0,128094.0170940171
151,SOUTH DAKOTA,HANSON,46061,9.315853881278539,36.94111111111111,-29.986666666666665,7.111111111111111,233.77777777777777,847.1522222222222,0.5388983257229832,0.0,89.44444444444444,8.333333333333334,119106.6751392,10.444444444444445,70.53713850837138,4.224156468797565,2017,12290000.0,80379.33289731851
152,SOUTH DAKOTA,HUGHES,46065,9.27203623508617,41.26096774193548,-29.865483870967743,20.548387096774192,243.93548387096774,510.9460322580645,0.6932385329209014,4.225806451612903,73.74193548387096,2.741935483870968,130805.47284758711,5.709677419354839,64.16625718073354,4.358274944763588,2017,3515000.0,34905.66037735849
153,SOUTH DAKOTA,HUTCHINSON,46067,9.635141552511415,37.01904761904762,-28.51571428571429,5.190476190476191,228.85714285714286,888.8859047619047,0.5562313111545988,0.0,85.33333333333333,9.0,121248.38329920001,7.809523809523809,69.65058056099153,4.212012133072407,2017,23017000.0,152430.46357615895
154,SOUTH DAKOTA,KINGSBURY,46077,7.906437214611872,34.42625,-31.400000000000002,1.1666666666666667,243.5,822.2854583333333,0.45693093607305935,0.0,86.0,7.666666666666667,117844.4544192,7.125,72.17140410958905,4.425120776255708,2017,23090000.0,137686.34466308885
155,SOUTH DAKOTA,LAKE,46079,8.160918721461188,34.14333333333333,-30.40666666666667,0.0,241.26666666666668,805.2689333333334,0.43851671232876716,0.0,85.93333333333334,6.6,117936.8475552,7.466666666666667,73.29607305936072,4.402924748858448,2017,21500000.0,116974.97279651795
156,SOUTH DAKOTA,LINCOLN,46083,9.36495616438356,34.7915,-27.425,0.4,226.7,1057.6653000000001,0.48818657534246573,0.0,90.7,10.299999999999999,115051.13493120001,10.8,72.34941095890412,3.99131397260274,2017,23652000.0,138073.55516637478
157,SOUTH DAKOTA,LYMAN,46085,10.242521705575921,42.34845070422535,-28.320281690140845,23.0,233.88732394366198,578.5771971830986,0.7418499324715415,7.507042253521127,78.09859154929578,3.4507042253521125,127492.48485187607,5.746478873239437,63.27421184642099,4.321097858383176,2017,4299000.0,49075.34246575343
158,SOUTH DAKOTA,MARSHALL,46091,6.858069634703196,35.533750000000005,-32.995416666666664,2.7083333333333335,255.66666666666666,610.7848333333333,0.469225799086758,0.041666666666666664,81.75,3.125,118538.52325920001,5.916666666666666,70.86595890410959,4.374474657534247,2017,16215000.0,99417.53525444513
159,SOUTH DAKOTA,MCCOOK,46087,8.882920091324202,35.8725,-29.940833333333334,2.0,234.16666666666666,867.7056666666666,0.4788833333333333,0.0,89.58333333333333,8.25,117329.61553920001,8.166666666666666,72.51356164383562,4.321698401826485,2017,19675000.0,114991.23319696085
160,SOUTH DAKOTA,MELLETTE,46095,10.24475,42.434,-27.20875,28.15,241.85,563.4352250000001,0.819518493150685,10.725,82.4,1.8,136190.0228832,5.2,60.498089041095895,4.32966794520548,2017,473000.0,6699.71671388102
161,SOUTH DAKOTA,MINER,46097,8.568412785388128,35.757333333333335,-31.105999999999998,3.7333333333333334,240.0,880.6192666666667,0.47951762557077626,0.0,89.33333333333333,8.866666666666667,118578.0622752,8.533333333333333,72.22526027397261,4.334616073059361,2017,12567000.0,76909.4247246022
162,SOUTH DAKOTA,MINNEHAHA,46099,8.599080234833659,34.25190476190476,-29.045714285714286,0.0,235.61904761904762,961.0666666666667,0.45039334637964773,0.0,93.47619047619048,9.380952380952381,113969.07591634286,10.333333333333332,73.30176125244618,4.0793187214611875,2017,28365000.0,152582.0333512641
163,SOUTH DAKOTA,MOODY,46101,8.093196347031963,33.347500000000004,-29.997500000000002,0.0,241.0,888.3839166666667,0.43837648401826484,0.0,88.25,7.5,118810.18753920001,8.083333333333334,73.51123287671233,4.12191095890411,2017,24012000.0,127927.54395311668
164,SOUTH DAKOTA,PERKINS,46105,7.790126575342466,40.0835,-31.7484,13.1,263.53,395.16399,0.7021943561643836,3.61,67.82,1.37,131585.4523008,1.79,61.57541643835616,4.532312712328767,2017,693000.0,15714.285714285714
165,SOUTH DAKOTA,POTTER,46107,8.006653319283457,40.292692307692306,-32.87346153846154,14.884615384615385,251.57692307692307,463.97515384615383,0.647627397260274,3.576923076923077,66.15384615384616,2.5,131988.07233304615,3.6923076923076925,64.25711275026343,4.563938040042149,2017,7474000.0,74964.89468405215
166,SOUTH DAKOTA,ROBERTS,46109,7.353522218509856,34.8709756097561,-31.08878048780488,2.1707317073170733,245.65853658536585,718.5293658536585,0.4794048780487805,0.14634146341463414,79.8048780487805,6.2439024390243905,117531.80883676099,4.2439024390243905,70.37427998663549,4.175972736384898,2017,26379000.0,151777.90563866514
167,SOUTH DAKOTA,SANBORN,46111,9.05924200913242,37.04666666666667,-31.320666666666668,9.6,238.93333333333334,831.6819333333333,0.5374571689497717,0.0,87.0,6.733333333333333,119139.8454432,8.6,70.21457534246575,4.121124748858447,2017,8873000.0,57504.8606610499
168,SOUTH DAKOTA,SPINK,46115,7.949400684931507,37.66979166666667,-32.813541666666666,8.333333333333334,248.375,612.7299583333333,0.5531371575342465,0.6875,70.33333333333333,4.520833333333333,120511.23289920001,4.375,68.36335616438356,4.11779794520548,2017,34309000.0,239923.07692307694
169,SOUTH DAKOTA,SULLY,46119,8.652756468797564,40.88055555555556,-30.265277777777776,16.833333333333332,246.55555555555554,497.62586111111113,0.6619353881278539,3.333333333333333,68.05555555555556,2.8333333333333335,131834.6587392,4.888888888888888,64.62176560121766,4.445400152207002,2017,11955000.0,119192.42273180459
170,SOUTH DAKOTA,TRIPP,46123,10.379858121330724,42.365,-27.34017857142857,23.178571428571427,236.66071428571428,761.1978928571428,0.7357886497064579,7.767857142857142,86.92857142857143,5.267857142857143,127434.73387062858,8.660714285714286,63.943610567514675,4.329985616438356,2017,4586000.0,61889.338731444
171,SOUTH DAKOTA,TURNER,46125,9.443996575342466,36.075,-27.92125,1.0625,228.25,998.9136875,0.5023412671232877,0.0,85.25,10.625,118453.6037592,9.5625,71.6451198630137,4.097568321917808,2017,23219000.0,137228.13238770686
172,SOUTH DAKOTA,UNION,46127,9.9414407735697,35.94941176470588,-26.06235294117647,1.6470588235294117,226.11764705882354,1109.5848235294118,0.4997985495568091,0.0,88.05882352941177,11.0,117322.05608978824,9.764705882352942,72.49524576954069,3.9162491539081388,2017,21013000.0,114325.35364526659
173,SOUTH DAKOTA,WALWORTH,46129,7.792171855541719,40.53,-33.53090909090909,13.454545454545455,251.63636363636363,513.9076818181818,0.6397281444582814,3.1818181818181817,66.86363636363636,3.8181818181818183,126225.92434647273,4.454545454545454,64.36143212951431,4.478893275217933,2017,7472000.0,59395.86645468999
174,SOUTH DAKOTA,YANKTON,46135,9.955721461187213,36.96083333333333,-26.852500000000003,3.3333333333333335,223.58333333333334,1014.8983333333333,0.532982191780822,0.0,80.25,11.166666666666666,123615.6496992,7.5,70.27401826484018,3.964321917808219,2017,16528000.0,97280.75338434373
175,SOUTH DAKOTA,ZIEBACH,46137,8.428681463499219,40.087088607594936,-30.49721518987342,19.911392405063292,253.40506329113924,421.0658987341772,0.7162408878099531,2.9240506329113924,68.58227848101266,1.5443037974683544,136873.96770021267,4.177215189873418,61.6468735911219,4.455593341425351,2017,1045000.0,14594.972067039107
176,TEXAS,ARMSTRONG,48011,15.568472602739726,39.265499999999996,-14.267,22.55,183.35,743.24465,1.0187513698630137,6.4,63.7,7.3,159098.6459232,4.05,56.086780821917806,4.312379589041096,2017,332000.0,2200.132538104705
177,TEXAS,BEE,48025,22.575217852408304,39.339999999999996,-5.134838709677419,51.45161290322581,51.54838709677419,1078.964935483871,0.8658798939460892,0.22580645161290322,105.93548387096774,12.193548387096774,126075.77129403871,8.451612903225806,73.60830755634113,5.427693592576227,2017,1731000.0,18493.589743589746
178,TEXAS,BELL,48027,20.564017840076456,39.37069767441861,-9.37860465116279,46.02325581395349,95.30232558139535,1277.2152558139535,0.9379308059891686,1.6046511627906976,85.95348837209302,12.116279069767442,132730.5869159442,5.674418604651162,68.25621535520867,3.5102067537432307,2017,7641000.0,73826.08695652174
179,TEXAS,BEXAR,48029,21.273255055446835,39.04595238095238,-7.535714285714286,47.214285714285715,78.21428571428571,1079.1205952380953,0.9511234181343771,1.3571428571428572,102.88095238095238,11.785714285714285,131291.8476192,8.166666666666666,68.93148727984344,2.942510371819961,2017,816000.0,8898.582333696837
180,TEXAS,BRISCOE,48045,16.26270684931507,41.446,-15.193000000000001,32.45,172.45,787.7813,1.0548475342465753,10.45,63.0,9.25,159562.8796032,3.4,56.614479452054795,4.075489863013698,2017,286000.0,1620.3966005665723
181,TEXAS,BURLESON,48051,20.915166666666668,38.58375,-7.9075,39.5,82.125,1541.457375,0.8027309360730595,0.08333333333333333,96.75,15.666666666666666,130134.1214592,9.708333333333334,73.45914383561644,4.2607550228310505,2017,1347000.0,10801.924619085805
182,TEXAS,CALDWELL,48055,21.17899315068493,38.9625,-7.264,49.6,77.0,1222.59865,0.8244095890410958,0.0,103.4,12.5,126697.7395872,11.6,73.1414794520548,3.5316841095890408,2017,760000.0,7700.101317122593
183,TEXAS,CALHOUN,48057,22.825949486301372,34.119375,-3.930625,1.53125,34.125,1512.6955625,0.6393756849315069,0.0,102.28125,15.0625,136448.41714920002,8.25,79.08107876712329,6.8127347602739725,2017,2440000.0,21107.26643598616
184,TEXAS,CARSON,48065,15.13892191780822,39.672000000000004,-14.9715,24.55,184.9,745.1123,1.0157690410958904,9.75,64.2,8.35,157274.9497152,5.15,56.34686301369863,4.971217397260274,2017,4018000.0,21395.101171459
185,TEXAS,CASTRO,48069,14.844572602739726,41.5615,-19.4525,16.6,198.9,798.071,0.9672894520547946,10.15,61.85,8.1,164630.2408992,2.1,57.71102739726028,4.53935904109589,2017,16940000.0,81677.91706846673
186,TEXAS,COCHRAN,48079,15.69420205479452,41.244375,-17.509999999999998,18.1875,195.6875,432.5185,1.1345188356164384,14.8125,49.625,4.25,171210.7910592,1.9375,52.60789383561644,4.501042979452055,2017,2195000.0,21604.33070866142
187,TEXAS,COLEMAN,48083,18.940615264187866,39.27914285714286,-10.21142857142857,41.114285714285714,127.2,845.0963142857144,1.0536867318982388,4.6,70.02857142857142,9.485714285714286,147858.69008777145,6.457142857142857,62.153056751467716,3.4029243835616434,2017,624000.0,6208.955223880597
188,TEXAS,COLLIN,48085,19.142302739726027,36.588,-12.181999999999999,8.8,109.4,1184.1221,0.7801520547945205,0.05,76.8,15.25,129887.8228512,4.55,69.75628767123288,3.465226575342466,2017,2600000.0,23508.137432188065
189,TEXAS,COLORADO,48089,21.517592172211348,38.938857142857145,-6.2051428571428575,29.257142857142856,67.88571428571429,1692.8941714285713,0.7500996477495108,0.0,109.57142857142857,18.514285714285716,127288.55759862858,9.742857142857144,75.79057534246576,4.882061996086105,2017,1148000.0,10600.184672206833
190,TEXAS,DALLAM,48111,13.404544140030442,38.37694444444444,-17.90416666666667,21.36111111111111,219.0,914.7620277777778,0.9299581430745814,11.972222222222221,64.0,12.36111111111111,158166.95425920002,2.0555555555555554,57.210098934550984,4.6262023592085235,2017,19013000.0,91584.77842003854
191,TEXAS,DEAF SMITH,48117,14.875886605783865,40.287222222222226,-17.64388888888889,17.666666666666668,194.11111111111111,852.51975,1.0265479452054795,12.333333333333334,66.41666666666667,9.444444444444445,165485.2960992,1.6944444444444444,55.36641552511415,4.900203196347032,2017,8540000.0,42006.88637481554
192,TEXAS,ELLIS,48139,19.66269771689498,37.46033333333333,-9.096666666666668,18.033333333333335,106.26666666666667,1132.2519666666667,0.8200361643835616,0.06666666666666667,82.46666666666667,13.5,129411.1168992,5.533333333333333,69.76581735159817,3.808279817351598,2017,5840000.0,48993.288590604025
193,TEXAS,FALLS,48145,20.300271138403403,39.0903448275862,-9.890344827586206,37.6551724137931,100.75862068965517,1467.4842413793103,0.8539539914974019,0.6206896551724138,89.65517241379311,13.482758620689655,130946.51863713104,7.586206896551724,70.63545583372698,3.9575401983939535,2017,7325000.0,68394.02427637723
194,TEXAS,FANNIN,48147,18.533583333333333,36.03375,-15.5375,8.916666666666666,122.625,1217.9795416666666,0.7582240867579909,0.0,74.70833333333333,15.833333333333334,132411.8090592,6.416666666666666,70.27199771689497,3.521513584474886,2017,2740000.0,20601.503759398496
195,TEXAS,FAYETTE,48149,21.373485263594855,39.126060606060605,-6.263939393939395,41.72727272727273,72.27272727272727,1503.0748181818183,0.7962545454545454,0.06060606060606061,104.6969696969697,16.454545454545453,127978.07170647274,11.363636363636363,74.04390203403902,3.997140307181403,2017,800000.0,8998.875140607424
196,TEXAS,FLOYD,48153,16.150169863013698,41.556400000000004,-16.5032,22.0,170.4,654.7276,1.0662614794520546,11.68,66.6,6.72,159090.78438720002,2.52,55.76735342465753,4.616042191780822,2017,2184000.0,11901.90735694823
197,TEXAS,FORT BEND,48157,21.919391073795847,36.37032258064516,-6.0519354838709685,5.741935483870968,56.96774193548387,2102.675677419355,0.7208812196199734,0.0,109.6774193548387,21.677419354838708,131426.32624629678,9.0,75.9615377817057,5.565453380468405,2017,1642000.0,13903.4716342083
198,TEXAS,FRIO,48163,22.24577168949772,40.431666666666665,-7.222916666666666,86.375,77.79166666666667,1099.0409583333333,1.2047980593607306,7.75,72.33333333333333,10.541666666666666,139041.7278192,6.375,64.49050228310502,3.3130744292237444,2017,1365000.0,9100.0
199,TEXAS,GONZALES,48177,21.66775469894871,39.575348837209305,-5.654883720930233,50.83720930232558,66.74418604651163,1434.0928139534883,0.7974496973558458,0.0,105.88372093023256,16.74418604651163,128443.94193733954,11.30232558139535,74.49857916533928,4.0956865880853774,2017,528000.0,5201.970443349754
200,TEXAS,GRAY,48179,15.187112328767125,39.142,-14.162,21.8,186.15,716.37785,0.9713694520547945,5.7,67.45,7.55,153756.55811520002,4.3,57.774849315068494,4.701478493150685,2017,1532000.0,7599.20634920635
201,TEXAS,GRAYSON,48181,18.45632876712329,36.20454545454545,-12.713333333333335,5.666666666666667,118.75757575757576,1285.9311515151514,0.7413113325031133,0.0,72.0,17.21212121212121,137582.08965556364,6.363636363636364,70.32565379825654,3.4047564964715646,2017,2050000.0,21995.708154506436
202,TEXAS,GUADALUPE,48187,21.298337573385517,38.761785714285715,-7.330357142857143,43.67857142857143,74.78571428571429,1218.3852142857143,0.8433622309197651,0.3214285714285714,106.64285714285714,12.821428571428571,129297.9566592,11.321428571428571,72.40074363992173,3.375393150684931,2017,1914000.0,25384.615384615383
203,TEXAS,HALE,48189,15.571864109589042,42.0196,-17.5304,17.080000000000002,186.4,689.72236,1.004476602739726,7.5600000000000005,63.92,7.5200000000000005,160293.8076192,2.36,57.126279452054796,4.4927414794520555,2017,6488000.0,36306.65920537213
204,TEXAS,HANSFORD,48195,14.960042465753425,40.888999999999996,-16.9805,38.95,196.0,843.8088,1.0422139726027397,15.85,66.75,9.85,154324.1568672,3.55,56.21221917808219,4.7348604109589045,2017,11365000.0,55411.99414919552
205,TEXAS,HAYS,48209,20.688294520547945,38.50035714285714,-7.938214285714286,30.928571428571427,80.78571428571429,1031.6079285714286,0.8628057729941292,0.8571428571428571,93.67857142857143,10.535714285714286,128166.3909792,8.5,70.3952446183953,3.3449090019569474,2017,615000.0,6162.324649298597
206,TEXAS,HIDALGO,48215,24.166900050735666,41.63703703703704,-1.712962962962963,100.88888888888889,35.888888888888886,777.4338888888889,1.1261558599695585,1.3888888888888888,79.18518518518519,8.277777777777779,138982.1679392,5.185185185185185,70.07728564180618,6.14675098934551,2017,3023000.0,31197.110423116614
207,TEXAS,HILL,48217,19.774014872798436,38.47257142857143,-9.818,31.37142857142857,110.37142857142857,1116.3758857142857,0.8619726810176125,0.9142857142857143,84.94285714285714,13.485714285714286,131378.7809952,5.8,69.4426771037182,3.741481017612524,2017,9145000.0,85467.28971962616
208,TEXAS,HUNT,48231,19.000923515981732,36.617916666666666,-11.961666666666666,6.583333333333333,110.83333333333333,1252.6670833333333,0.7223877853881279,0.0,77.875,14.916666666666666,127564.0677792,5.583333333333334,71.8730707762557,3.6356466894977166,2017,1080000.0,9498.68073878628
209,TEXAS,HUTCHINSON,48233,15.363447945205479,41.262,-15.4445,41.55,191.25,732.6414,1.0741245205479453,18.95,65.15,8.15,155983.1133312,4.55,55.82908219178083,4.4704136986301375,2017,2680000.0,12701.421800947868
210,TEXAS,JACKSON,48239,21.806765166340508,36.705714285714286,-5.636428571428572,11.142857142857142,60.92857142857143,1615.4839285714286,0.6459207436399217,0.0,115.85714285714286,16.5,133472.57508205716,8.785714285714285,78.94837573385519,6.064734540117416,2017,8600000.0,79703.42910101946
211,TEXAS,KARNES,48255,22.260236037934668,40.473076923076924,-4.973461538461539,58.76923076923077,56.23076923076923,1310.695846153846,0.8982734457323498,0.19230769230769232,105.11538461538461,16.576923076923077,131262.23357612308,8.230769230769232,72.42179135932561,4.423884615384615,2017,786000.0,9301.775147928995
212,TEXAS,KLEBERG,48273,23.276203886588082,37.056744186046515,-2.5195348837209304,30.02325581395349,36.41860465116279,1230.9467674418604,0.7649729850270788,0.023255813953488372,93.11627906976744,14.162790697674419,136505.9263392,9.767441860465116,76.93609429754699,7.080581586492514,2017,532000.0,5997.745208568207
213,TEXAS,LAMAR,48277,18.37385095890411,35.716800000000006,-14.5624,5.84,122.92,1627.62608,0.7416961095890412,0.0,84.36,20.32,124726.5588384,6.4399999999999995,70.54307945205478,3.531953863013699,2017,2730000.0,21097.372488408037
214,TEXAS,LAMB,48279,15.191461917808219,41.861999999999995,-18.651600000000002,17.92,199.44,619.505,1.011072,10.32,57.12,6.5200000000000005,164394.9543456,1.8,56.77283287671233,4.381439671232877,2017,7654000.0,46899.50980392157
215,TEXAS,LAVACA,48285,21.657583229555833,39.67545454545454,-5.737878787878787,36.63636363636363,65.81818181818181,1575.562818181818,0.7392837691988378,0.0,110.72727272727273,16.575757575757574,127942.04447738183,10.727272727272727,76.15924449979244,4.902364383561644,2017,231000.0,2500.0
216,TEXAS,LIMESTONE,48293,19.90581403071814,37.99333333333333,-9.60939393939394,25.545454545454547,101.63636363636364,1569.1306363636363,0.7939474470734744,0.06060606060606061,94.75757575757575,16.424242424242426,126219.79688465456,7.9393939393939394,71.60450809464508,3.914109589041096,2017,1232000.0,12995.7805907173
217,TEXAS,MATAGORDA,48321,22.29767650158061,33.44423076923077,-4.5819230769230765,0.6153846153846153,46.57692307692308,1829.8419615384616,0.6242244467860907,0.0,105.75,18.01923076923077,132387.22006227693,7.173076923076923,79.10516859852476,6.532085616438356,2017,3349000.0,31594.33962264151
218,TEXAS,MCLENNAN,48309,20.141619779485467,39.16024390243902,-10.242682926829268,42.80487804878049,107.29268292682927,1278.7479512195123,0.9003220180420983,1.5365853658536586,86.92682926829268,14.682926829268293,134983.93976359026,6.780487804878049,69.12761109254929,3.752871901102573,2017,6030000.0,59117.64705882353
219,TEXAS,MEDINA,48325,21.088039573820396,38.80777777777777,-7.3925,47.0,85.47222222222223,1084.4576944444445,1.005090791476408,1.75,91.0,10.694444444444445,131615.24809920002,6.777777777777778,67.03898782343987,3.014779452054795,2017,3630000.0,29109.863672814754
220,TEXAS,MILAM,48331,20.610888248017304,39.002105263157894,-9.073947368421052,44.473684210526315,91.65789473684211,1337.8089736842105,0.8513643835616438,0.34210526315789475,89.52631578947368,11.789473684210526,129557.69358972632,9.368421052631579,71.41702235039654,3.8816749098774332,2017,3711000.0,38218.33161688981
221,TEXAS,MOORE,48341,14.538256164383561,39.7875,-15.5475,28.1,198.35,833.5738,0.9962345205479453,13.35,61.45,10.6,160592.3839872,2.4,56.54864383561644,4.604125342465753,2017,13063000.0,61705.243268776576
222,TEXAS,NAVARRO,48349,19.883984138428264,37.40289473684211,-8.112105263157895,19.105263157894736,99.39473684210526,1283.6717105263158,0.802135400144196,0.05263157894736842,86.39473684210526,15.657894736842104,128367.06771183158,6.447368421052632,70.94656813266042,4.140159913482337,2017,2000000.0,18993.35232668566
223,TEXAS,NUECES,48355,23.120981735159816,37.23166666666666,-4.100416666666667,37.166666666666664,44.458333333333336,1280.0877916666666,0.8167315068493152,0.0,103.16666666666667,13.916666666666666,136042.19737920002,10.0,75.63848173515981,6.739042579908676,2017,2060000.0,23489.16761687571
224,TEXAS,OCHILTREE,48357,15.12304383561644,40.326,-16.6395,38.9,193.4,890.7515,1.0113302739726029,13.65,70.3,10.45,152361.2486592,3.35,57.528424657534245,4.731276164383561,2017,5093000.0,26706.869428421607
225,TEXAS,RANDALL,48381,14.900991780821919,40.0905,-16.310499999999998,20.4,194.65,901.2456999999999,0.9815432876712329,8.55,65.95,10.6,161237.4757632,3.1,57.40754794520548,4.72035,2017,150000.0,1099.7067448680352
226,TEXAS,ROBERTS,48393,15.666012328767124,39.53,-14.764000000000001,33.85,183.2,768.5914,1.040882602739726,10.75,64.0,8.8,152860.7115072,5.6,56.657479452054794,4.587657260273972,2017,500000.0,2299.9080036798528
227,TEXAS,SAN PATRICIO,48409,22.916323785803236,37.475,-5.597272727272728,31.363636363636363,47.95454545454545,1234.0237272727272,0.8015235367372354,0.0,105.27272727272727,11.5,134823.48859374545,8.590909090909092,75.67199252801993,6.631483063511831,2017,2599000.0,28188.720173535792
228,TEXAS,SHERMAN,48421,14.215149315068492,39.367000000000004,-17.599,28.75,203.25,821.03445,0.9816995890410959,12.35,61.95,10.75,158497.16454720002,2.5,56.87067123287672,4.67430904109589,2017,22265000.0,100792.21367134449
229,TEXAS,TOM GREEN,48451,19.07966843723791,41.26,-10.999387755102042,51.69387755102041,134.69387755102042,622.2719795918367,1.210879060665362,18.489795918367346,57.57142857142857,7.3061224489795915,155627.85725838368,4.755102040816326,57.957265865250214,3.791789488398099,2017,698000.0,4950.354609929078
230,TEXAS,TRAVIS,48453,20.959730704978284,39.497317073170734,-8.151219512195121,47.68292682926829,83.04878048780488,1124.2018048780487,0.9292853324423656,2.731707317073171,88.85365853658537,12.292682926829269,131278.66438407806,8.731707317073171,69.1464951553625,3.0889383227530907,2017,1438000.0,15802.197802197803
231,TEXAS,UVALDE,48463,20.99230528375734,39.21171428571429,-6.851999999999999,54.05714285714286,83.17142857142856,983.4530571428571,1.0287454403131115,3.914285714285714,80.2,8.371428571428572,135636.44092662857,7.6,66.24491585127201,3.0041883365949116,2017,2793000.0,17903.846153846152
232,TEXAS,VICTORIA,48469,21.935764217517644,37.81030303030303,-6.249090909090909,20.696969696969695,60.57575757575758,1538.9334242424243,0.6828973848069739,0.0,113.0909090909091,15.909090909090908,131032.38370647273,9.303030303030303,78.2335907015359,5.9477202988792035,2017,3663000.0,32502.218278615794
233,TEXAS,WHARTON,48481,21.702468493150686,37.204750000000004,-6.07,10.7,62.9,1764.280825,0.6943360958904109,0.0,105.95,18.525,138365.28479520002,8.125,77.2592602739726,5.756512191780821,2017,8990000.0,74916.66666666667
234,TEXAS,WILLACY,48489,24.135511415525112,40.06916666666667,-1.7191666666666665,56.666666666666664,31.916666666666668,793.95225,0.9355424657534247,0.4166666666666667,80.58333333333333,8.0,136290.1912992,4.833333333333333,74.04143835616438,7.212021917808219,2017,834000.0,8398.791540785498
235,TEXAS,WILLIAMSON,48491,20.621822570123943,39.59023809523809,-8.931428571428572,43.595238095238095,90.38095238095238,1149.4404285714286,0.9211767775603392,1.8095238095238095,83.9047619047619,11.952380952380953,134517.81235062858,7.214285714285714,68.95771037181996,3.3729237442922373,2017,8900000.0,94379.6394485684
236,TEXAS,WILSON,48493,21.754307240704502,39.638928571428565,-7.430714285714286,57.32142857142857,68.46428571428571,1354.2773928571428,0.8933601761252447,0.10714285714285714,102.64285714285714,15.785714285714286,131919.9288192,9.357142857142858,71.96195694716242,3.693069373776908,2017,710000.0,6099.656357388316
237,ARKANSAS,ARKANSAS,05001,17.17174453905961,35.97162162162162,-15.372162162162162,13.18918918918919,141.43243243243242,2158.0157837837837,0.6381306182895223,0.0,116.83783783783784,30.864864864864867,136610.39668903785,11.891891891891891,75.62291003332099,5.498353276564235,2018,8320000.0,44491.978609625665
238,ARKANSAS,ASHLEY,05003,17.938471232876715,37.177,-13.4215,18.55,130.85,2248.671,0.6746254794520549,0.0,114.6,29.95,137547.1357632,10.9,74.4898904109589,5.173853698630137,2018,5270000.0,27095.115681233932
239,ARKANSAS,CHICOT,05017,17.842027397260274,36.04266666666667,-13.774666666666667,7.933333333333334,128.33333333333334,2334.5894,0.6417550684931507,0.0,117.13333333333334,30.066666666666666,141049.2110112,11.133333333333333,75.27472146118721,5.594795616438356,2018,5260000.0,28996.692392502755
240,ARKANSAS,CLAY,05021,15.50797089041096,35.909375,-15.62875,5.4375,170.6875,2093.188,0.5821556506849316,0.0,116.75,23.625,137832.45081120002,10.5625,75.62845890410959,4.83951147260274,2018,5445000.0,28703.21560358461
241,ARKANSAS,CRAIGHEAD,05031,15.800464041095891,36.05875,-16.166249999999998,4.0625,163.875,2145.63525,0.543621404109589,0.0,122.25,29.9375,134109.9359712,11.0625,77.18845890410958,5.18761147260274,2018,6480000.0,32993.8900203666
242,ARKANSAS,CRITTENDEN,05035,16.747941469489415,35.942727272727275,-14.929545454545455,5.5,150.1818181818182,2050.782409090909,0.6608706102117061,0.0,120.13636363636364,28.136363636363637,133013.3573821091,16.681818181818183,73.89681195516812,5.1051417185554175,2018,2820000.0,16095.890410958906
243,ARKANSAS,CROSS,05037,16.374915068493152,35.888,-15.764,6.6,157.9,2032.2904,0.6259931506849316,0.0,117.3,28.1,135707.52121920002,10.9,74.96627397260274,5.376019178082192,2018,3650000.0,19602.577873254566
244,ARKANSAS,DESHA,05041,17.575964383561644,36.165333333333336,-14.234333333333334,9.566666666666666,132.56666666666666,2182.939,0.6458137899543379,0.0,115.7,30.666666666666668,137932.6198752,14.066666666666666,75.43992694063927,5.523991506849315,2018,5000000.0,26001.040041601664
245,ARKANSAS,DREW,05043,17.57808767123288,36.4975,-14.592500000000001,5.55,134.9,2184.73695,0.6526993150684932,0.0,114.1,29.5,136892.8860192,12.85,74.41872602739726,4.996766301369863,2018,1470000.0,7898.979043524987
246,ARKANSAS,GREENE,05055,15.694975763962066,36.02538461538462,-14.947692307692307,4.538461538461538,166.3846153846154,2085.401384615385,0.571518440463646,0.0,118.23076923076923,25.153846153846153,135215.03151581538,11.461538461538462,75.94155953635406,4.958268703898841,2018,2785000.0,15796.937039137832
247,ARKANSAS,JACKSON,05067,15.826035616438356,36.927499999999995,-16.174500000000002,8.3,167.7,2099.81895,0.562842191780822,0.0,123.7,28.35,134237.2247712,10.9,76.52978082191781,5.069791506849315,2018,2620000.0,14802.25988700565
248,ARKANSAS,JEFFERSON,05069,17.068552837573385,36.04,-15.707857142857142,11.071428571428571,144.96428571428572,2192.8832857142856,0.6495664383561643,0.0,113.46428571428571,31.142857142857142,137613.18226834288,11.5,74.73297455968688,5.1012114481409,2018,7170000.0,37208.09548521017
249,ARKANSAS,LEE,05077,16.696238747553817,36.06785714285714,-13.970714285714285,6.642857142857142,150.21428571428572,2019.278857142857,0.6068111545988258,0.0,118.07142857142857,27.785714285714285,136186.07119405715,13.857142857142858,76.25743639921723,5.391638356164384,2018,5960000.0,35391.92399049881
250,ARKANSAS,LINCOLN,05079,17.31244227005871,35.96071428571428,-15.907857142857143,5.428571428571429,139.21428571428572,2173.6342142857143,0.6504428571428571,0.0,114.85714285714286,29.0,137908.28424548573,12.214285714285714,74.79176125244618,5.194655772994129,2018,3710000.0,19202.89855072464
251,ARKANSAS,LONOKE,05085,16.49021539914974,36.22965517241379,-16.92241379310345,7.862068965517241,157.68965517241378,2122.955275862069,0.5886263580538498,0.0,118.3103448275862,27.448275862068964,133937.6500512,11.03448275862069,76.26875767595655,5.011156069910251,2018,7080000.0,38208.31084727469
252,ARKANSAS,MISSISSIPPI,05093,16.279962881131244,35.71677419354839,-15.680645161290323,4.451612903225806,156.5483870967742,2025.6436129032259,0.6425323906319046,0.0,124.35483870967742,29.516129032258064,129652.35191442582,16.322580645161292,74.24922669023421,5.074063720724702,2018,3680000.0,18400.0
253,ARKANSAS,MONROE,05095,16.728267123287672,36.17,-14.91375,12.291666666666666,151.5,1997.252125,0.607965296803653,0.0,115.125,28.166666666666668,134483.55441120002,11.083333333333334,76.55772831050228,5.562284132420092,2018,4590000.0,26501.154734411088
254,ARKANSAS,PHILLIPS,05107,17.039222439660794,35.830000000000005,-14.817142857142859,7.428571428571428,142.14285714285714,2307.662333333333,0.5933102413568166,0.0,117.42857142857143,31.61904761904762,137595.73923977144,11.523809523809524,76.88744944553164,5.488134768427919,2018,5300000.0,31793.64127174565
255,ARKANSAS,POINSETT,05111,16.170979452054794,36.000625,-15.6425,6.3125,159.3125,2119.865125,0.6020207191780822,0.0,120.625,29.25,134343.9433512,13.0625,75.66787671232878,5.370079452054794,2018,4910000.0,24898.580121703857
256,ARKANSAS,PRAIRIE,05117,16.566281119714116,36.01869565217392,-15.637826086956522,9.826086956521738,156.30434782608697,1968.0119130434782,0.5984223942823109,0.0,116.6086956521739,27.17391304347826,134092.24519554785,10.521739130434783,76.2408576533651,5.383822394282311,2018,3670000.0,19204.604918890633
257,ARKANSAS,RANDOLPH,05121,15.33253785147801,36.96631578947368,-15.968421052631578,6.421052631578947,173.47368421052633,1951.585052631579,0.5805552992069214,0.0,116.73684210526315,26.684210526315788,137719.32757541054,11.736842105263158,74.38363374188897,3.9805043979812544,2018,740000.0,4199.772985244041
258,ARKANSAS,ST. FRANCIS,05123,16.552480365296802,36.21933333333333,-14.467333333333332,7.2,153.33333333333334,1919.3202,0.6297386301369863,0.0,117.8,25.2,135947.7852192,13.133333333333333,75.31130593607305,5.377596894977169,2018,3840000.0,21297.83693843594
259,ARKANSAS,WHITE,05145,15.944485746019993,36.44891891891892,-15.745405405405407,8.162162162162161,164.1081081081081,2095.418189189189,0.5806248796741947,0.0,119.02702702702703,26.7027027027027,132318.08508687568,9.432432432432433,75.09324694557571,4.252353720844132,2018,1090000.0,5901.461829994586
260,ARKANSAS,WOODRUFF,05147,16.255242465753422,36.1475,-16.343,9.049999999999999,160.55,2013.7919,0.5940997260273972,0.0,117.25,26.5,134042.6135232,9.45,76.26568493150684,5.478194657534247,2018,4120000.0,21903.242955874535
261,CALIFORNIA,GLENN,06021,15.608612702366129,39.00068181818182,-3.8915909090909087,40.09090909090909,182.8181818181818,443.1555909090909,1.1827491282689913,32.97727272727273,45.40909090909091,4.409090909090909,165090.91315156364,4.318181818181818,50.42096513075965,3.1914107098381073,2018,405000.0,2500.0
262,CALIFORNIA,SACRAMENTO,06067,15.934488356164383,39.588,-2.58725,44.2,187.15,465.7498,0.9423255479452055,10.125,41.475,4.475,166225.0390776,3.95,63.39842465753424,4.134370342465753,2018,1020000.0,5899.363794100636
263,CALIFORNIA,SAN JOAQUIN,06077,16.392514187866926,39.080535714285716,-2.2123214285714288,38.767857142857146,171.08928571428572,401.2482857142857,1.0372898727984343,18.410714285714285,36.857142857142854,3.1607142857142856,169086.38338491428,2.767857142857143,59.669476516634056,4.026524951076321,2018,750000.0,5399.5680345572355
264,CALIFORNIA,SOLANO,06095,15.188303787268332,35.678823529411765,-1.4394117647058824,13.470588235294118,173.3235294117647,445.21129411764707,0.7954648670427075,3.5588235294117645,39.970588235294116,4.588235294117647,165684.31899331766,3.3529411764705883,65.03100725221596,4.654525624496374,2018,560000.0,3400.121432908318
265,CALIFORNIA,STANISLAUS,06099,16.847649969331425,39.31686567164179,-1.374776119402985,47.61194029850746,162.044776119403,407.64694029850745,1.1687290942547537,37.3134328358209,34.59701492537314,4.537313432835821,171589.90200200598,2.5671641791044775,55.64707830709466,3.580783970558168,2018,120000.0,800.0
266,CALIFORNIA,SUTTER,06101,16.069731735159817,39.446666666666665,-3.422083333333333,40.0,183.875,386.09612500000003,0.9797424657534246,6.708333333333333,39.416666666666664,4.041666666666667,164555.31172320002,4.958333333333333,61.68985159817352,4.328202511415525,2018,882000.0,4200.0
267,CALIFORNIA,YOLO,06113,16.264522602739728,39.28075,-2.4165,39.6,172.95,403.029425,1.0748066438356163,21.625,38.475,4.4,167186.3581368,2.4,57.111650684931504,4.0355667808219176,2018,413000.0,2099.644128113879
268,KANSAS,ALLEN,20001,13.438640410958905,35.71125,-21.03875,3.625,193.5,1331.92225,0.5557037671232876,0.0,80.375,17.25,133495.28961120002,5.375,73.75818493150685,3.638203082191781,2018,3431300.0,29478.522336769758
269,KANSAS,ANDERSON,20003,13.176136986301369,35.92416666666667,-21.370833333333334,5.5,196.91666666666666,1362.3691666666666,0.5737643835616438,0.0,77.66666666666667,18.166666666666668,136292.3956512,5.416666666666667,72.70689497716894,3.706028538812785,2018,5734000.0,47154.6052631579
270,KANSAS,ATCHISON,20005,12.212095890410959,36.86,-26.653333333333332,8.0,205.16666666666666,827.6468333333333,0.6092068493150685,0.0,88.0,7.333333333333333,129175.04733120001,6.666666666666667,70.06187214611872,3.49057397260274,2018,8773000.0,61651.4406184118
271,KANSAS,BARBER,20007,14.107100782778865,37.291785714285716,-20.10571428571429,29.857142857142858,196.64285714285714,1049.0758214285715,0.8297063600782779,1.3214285714285714,65.92857142857143,11.178571428571429,153981.6141312,3.678571428571429,63.01664383561644,4.421748238747554,2018,270300.0,1870.5882352941176
272,KANSAS,BOURBON,20011,13.781746575342465,37.123333333333335,-20.3,9.083333333333334,191.16666666666666,1302.009,0.5941543378995434,0.3333333333333333,89.0,16.333333333333332,133737.3417312,5.25,72.48237442922374,3.394412785388128,2018,1580000.0,14495.412844036697
273,KANSAS,BROWN,20013,11.714810502283104,36.82333333333333,-27.8875,8.5,207.25,845.822,0.583439497716895,0.0,95.0,8.75,129202.63845120001,6.25,71.12317351598173,3.638513926940639,2018,13940000.0,117438.92165122156
274,KANSAS,CHAUTAUQUA,20019,14.151333333333334,37.685833333333335,-19.210833333333333,12.25,188.33333333333334,980.4401666666666,0.6544538812785388,0.0,79.41666666666667,10.083333333333334,135794.2110912,9.75,69.95922374429223,3.6358632420091324,2018,162000.0,1879.350348027842
275,KANSAS,CHEYENNE,20023,10.540954990215264,38.98964285714286,-22.163928571428574,10.642857142857142,232.5,785.1505714285714,0.7274813111545988,2.571428571428571,71.67857142857143,7.928571428571429,147825.5178569143,6.892857142857143,63.96723091976517,4.24935048923679,2018,10127000.0,74793.20531757755
276,KANSAS,CLAY,20027,12.023780821917809,38.1925,-22.41125,20.4375,207.0625,973.0216875,0.6582792808219178,1.75,84.4375,9.9375,134841.2093712,8.5,69.35902397260274,3.7791772260273975,2018,5645000.0,42700.45385779123
277,KANSAS,COFFEY,20031,12.995260273972601,35.35166666666667,-21.448333333333334,4.916666666666667,196.83333333333334,1326.5045833333334,0.5734520547945205,0.0,77.41666666666667,17.333333333333332,135775.3139712,9.25,72.39808219178082,3.910905936073059,2018,3513500.0,30184.70790378007
278,KANSAS,COWLEY,20035,13.915428082191783,37.062916666666666,-19.655416666666664,9.125,189.0,1072.0815833333334,0.6814102739726028,0.0,76.625,12.583333333333334,139822.19385120002,6.666666666666667,68.16626712328767,4.086021232876712,2018,2014000.0,19687.194525904204
279,KANSAS,CRAWFORD,20037,14.03973515981735,36.3075,-19.291666666666668,7.25,184.5,1241.20225,0.5700557077625571,0.0,89.58333333333333,13.583333333333334,132961.2609312,5.666666666666667,73.66536529680366,3.392257762557078,2018,4383500.0,43187.1921182266
280,KANSAS,DONIPHAN,20043,11.806682648401827,36.593333333333334,-27.376666666666665,8.75,206.16666666666666,952.0526666666667,0.5830184931506849,0.0,95.08333333333333,9.666666666666666,129509.6356512,5.75,71.45118721461188,3.392573515981735,2018,13204000.0,85077.31958762887
281,KANSAS,DOUGLAS,20045,13.062568493150684,37.4225,-22.17875,15.5,200.25,1016.079125,0.6389044520547945,0.0,84.75,11.875,131059.76325120001,7.875,70.48606164383561,3.518166780821918,2018,1705000.0,23356.164383561645
282,KANSAS,ELK,20049,13.84766210045662,36.65416666666667,-19.914166666666667,10.0,191.5,1175.1321666666668,0.6517189497716895,0.0,80.83333333333333,13.0,135442.0929312,9.333333333333334,69.6182191780822,3.8479773972602738,2018,543000.0,4721.739130434783
283,KANSAS,ELLSWORTH,20053,12.614229832572299,37.702777777777776,-20.975,21.0,205.16666666666666,1123.5646111111112,0.6856400304414003,1.1111111111111112,80.11111111111111,11.222222222222221,142115.2065312,3.888888888888889,68.49850837138509,4.624561187214612,2018,497800.0,5312.700106723586
284,KANSAS,FRANKLIN,20059,13.063735159817352,36.415,-21.587500000000002,12.333333333333334,199.08333333333334,1249.6935,0.6024933789954338,0.0,80.58333333333333,15.833333333333332,132286.48485120002,9.583333333333334,72.03034246575342,3.572524657534247,2018,2409000.0,31739.130434782608
285,KANSAS,GRAY,20069,12.508146575342465,39.138999999999996,-20.304,24.45,218.65,593.67545,0.846905890410959,5.7,62.45,4.65,156024.2354112,1.7,61.001739726027395,4.793456849315069,2018,12289000.0,70504.87664945496
286,KANSAS,GREELEY,20071,11.00463184931507,38.51375,-20.88875,21.4375,230.8125,593.0961875,0.7987553082191781,6.5,71.875,5.5,158764.4454312,4.0,60.55972602739726,4.703120719178082,2018,5335000.0,54605.93654042989
287,KANSAS,GREENWOOD,20073,13.337434550989345,36.09861111111111,-21.2275,6.361111111111111,196.36111111111111,1376.3255277777778,0.6190024353120244,0.0,83.88888888888889,14.75,135790.1018112,7.611111111111111,70.35635464231355,3.878552359208524,2018,697500.0,7102.851323828921
288,KANSAS,HARPER,20077,14.27492602739726,37.95,-19.555333333333333,36.93333333333333,193.06666666666666,1088.5572666666667,0.7794268493150684,0.7999999999999999,73.66666666666667,13.4,152505.9189792,2.933333333333333,65.92345205479452,4.338949771689498,2018,148100.0,1590.762620837809
289,KANSAS,HARVEY,20079,13.257408219178082,37.771,-21.674,16.5,198.1,1194.2752,0.6848238356164383,0.7,82.8,13.0,138893.6214432,4.6,68.93131506849315,4.260150958904109,2018,7495000.0,60394.84286865431
290,KANSAS,HASKELL,20081,12.369554794520548,41.16416666666667,-22.0325,29.5,220.33333333333334,644.95425,0.8558285388127853,5.916666666666667,62.416666666666664,7.666666666666666,158901.97317120002,2.5,60.38365296803653,4.711851369863013,2018,14282000.0,80416.66666666667
291,KANSAS,JACKSON,20085,12.345330479452054,38.094375,-24.9875,18.125,206.0,773.3704375,0.6432375,0.9375,84.8125,6.0,131970.9360312,7.25,69.463801369863,3.641199315068493,2018,3507500.0,33856.17760617761
292,KANSAS,JOHNSON,20091,12.986504566210044,37.10333333333333,-22.46666666666667,10.5,200.66666666666666,1120.62775,0.624898401826484,0.08333333333333333,85.33333333333333,12.333333333333334,129967.26333120001,8.666666666666666,71.04737442922375,3.1824,2018,866000.0,12697.947214076246
293,KANSAS,KINGMAN,20095,13.81066927592955,37.45333333333333,-19.78,24.285714285714285,197.0,1055.9519523809524,0.754185518590998,0.9047619047619049,74.0,11.571428571428571,147750.22015405714,4.142857142857142,66.06157860404436,4.605662622309198,2018,1431000.0,8348.891481913652
294,KANSAS,LABETTE,20099,14.216079908675798,37.031666666666666,-19.158333333333335,9.583333333333334,185.25,1187.5036666666667,0.5893301369863014,0.0,85.75,12.916666666666666,133883.04021120002,4.666666666666667,73.07123287671233,3.4289842465753426,2018,3374700.0,42395.72864321608
295,KANSAS,LEAVENWORTH,20103,12.658447488584475,36.90083333333333,-22.944999999999997,9.583333333333334,201.91666666666666,892.5013333333334,0.6159913242009133,0.0,84.0,8.5,128148.8997312,8.25,70.93413242009132,3.244373515981735,2018,2266000.0,20178.094390026716
296,KANSAS,LYON,20111,12.839695205479453,36.459583333333335,-21.888333333333332,11.25,202.08333333333334,1236.4060416666666,0.6254511415525115,0.0,81.58333333333333,15.125,135386.2468512,7.75,70.62896118721461,3.8489002283105025,2018,1662300.0,19396.732788798134
297,KANSAS,MARION,20115,12.869829041095892,36.9176,-22.45,10.6,200.28,1207.13736,0.6567410410958904,0.04,86.56,13.88,137055.5302176,6.4399999999999995,69.0979506849315,4.224394082191781,2018,4057700.0,44737.596471885336
298,KANSAS,MARSHALL,20117,11.572415525114154,37.13,-26.488333333333333,13.916666666666666,207.66666666666666,1127.7430416666666,0.5867818493150685,0.625,88.79166666666667,11.75,128069.8678512,11.583333333333334,71.04569634703196,3.6892646118721464,2018,15754000.0,133735.14431239388
299,KANSAS,MCPHERSON,20113,12.931401369863014,38.0095,-22.184,19.25,201.0,1076.638,0.6828076712328767,1.2,84.05,11.450000000000001,140388.0062112,5.1,68.95401369863013,4.407074246575343,2018,5020000.0,38794.435857805256
300,KANSAS,MIAMI,20121,13.12968493150685,36.52333333333333,-21.628333333333334,9.083333333333334,199.08333333333334,1191.6243333333334,0.6132735159817352,0.0,82.41666666666667,14.0,130777.15965120001,10.75,71.05819634703195,3.403208219178082,2018,2323400.0,21083.484573502723
301,KANSAS,MITCHELL,20123,12.041823439878234,39.123333333333335,-22.480555555555554,28.055555555555557,210.27777777777777,1148.7769444444446,0.6802910197869102,4.166666666666667,83.33333333333333,14.61111111111111,137990.6937312,7.333333333333333,68.61818873668189,4.067353272450532,2018,2491000.0,19430.577223088927
302,KANSAS,MONTGOMERY,20125,14.17042694063927,37.265,-19.191666666666666,8.416666666666666,187.08333333333334,1114.347,0.6078047945205479,0.0,81.16666666666667,11.916666666666666,132924.0477312,7.083333333333333,72.00835616438356,3.5109205479452057,2018,2989000.0,28879.227053140097
303,KANSAS,MORRIS,20127,12.557372907153729,37.28,-21.996111111111112,10.38888888888889,203.0,979.8200555555555,0.65917899543379,0.0,82.66666666666667,12.166666666666666,136090.1044512,8.222222222222221,68.7576407914764,4.115167275494673,2018,319600.0,6303.747534516765
304,KANSAS,MORTON,20129,13.19802191780822,41.428666666666665,-19.63266666666667,37.266666666666666,215.93333333333334,581.2956,0.981989406392694,13.666666666666666,53.53333333333333,6.333333333333333,165838.14803520002,1.3333333333333333,56.26763470319635,4.786915433789955,2018,3924000.0,25137.732222934017
305,KANSAS,NEMAHA,20131,11.681904109589043,36.807500000000005,-27.110625,10.9375,206.3125,892.8808124999999,0.5818650684931507,0.1875,90.8125,8.6875,129533.5369512,7.8125,70.82893835616439,3.734339554794521,2018,8624600.0,94775.82417582418
306,KANSAS,NEOSHO,20133,13.813376712328767,35.5675,-20.061666666666667,5.75,188.25,1366.7935,0.5630267123287671,0.0,85.16666666666667,16.333333333333332,133750.3168512,4.666666666666667,73.65262557077625,3.5372027397260273,2018,3821800.0,35986.81732580037
307,KANSAS,NESS,20135,12.088227984344423,38.58857142857143,-20.10892857142857,24.678571428571427,220.85714285714286,716.5938571428571,0.768026614481409,5.964285714285714,73.21428571428571,6.892857142857143,151563.96223405717,4.392857142857142,64.560313111546,4.61206252446184,2018,1415000.0,14678.423236514522
308,KANSAS,OSAGE,20139,12.978474315068492,37.05125,-21.606875,15.5,200.6875,1077.920625,0.6418195205479452,0.0,81.1875,13.0,133690.69401120002,7.125,70.43986301369863,3.8663063356164384,2018,2046900.0,30966.717095310138
309,KANSAS,OTTAWA,20143,12.39531811263318,39.00888888888889,-21.23,26.166666666666668,206.27777777777777,979.5384444444444,0.697237899543379,2.5,81.94444444444444,11.61111111111111,137742.53325120002,6.944444444444445,68.31264840182648,3.9744954337899543,2018,1731000.0,12831.727205337287
310,KANSAS,PHILLIPS,20147,11.171327625570775,39.92333333333333,-21.905416666666667,15.583333333333334,217.54166666666666,1281.5800833333333,0.6325559360730594,3.25,83.625,17.125,139618.6044912,5.958333333333333,68.79843607305935,4.055973401826484,2018,7281000.0,59003.24149108589
311,KANSAS,POTTAWATOMIE,20149,12.118724505327245,38.65333333333333,-24.133703703703706,18.555555555555554,206.85185185185185,858.8059259259259,0.6303626585489599,0.18518518518518517,88.4074074074074,7.777777777777778,130381.7082912,9.703703703703702,70.1899441907661,3.56732765093861,2018,3491000.0,31253.35720680394
312,KANSAS,PRATT,20151,13.245274885844749,37.22,-20.122666666666664,22.666666666666668,203.8,988.1906666666666,0.7742787214611873,0.8666666666666667,71.13333333333334,10.4,151998.4606752,4.466666666666667,64.92657534246575,4.735836529680365,2018,9791000.0,52190.8315565032
313,KANSAS,ROOKS,20163,11.796179223744291,39.49583333333333,-20.04583333333333,18.916666666666668,214.58333333333334,1131.2010416666667,0.6909893835616439,3.7916666666666665,85.125,13.791666666666666,141560.96001120002,7.75,67.35391552511415,4.290699885844749,2018,2181000.0,16880.80495356037
314,KANSAS,SALINE,20169,12.898040182648401,38.684,-20.951999999999998,26.133333333333333,202.46666666666667,1015.4505333333334,0.7150840182648402,1.7333333333333332,81.86666666666666,11.666666666666666,138821.8506912,5.6,68.29811872146118,4.1076622831050225,2018,442000.0,4867.84140969163
315,KANSAS,SCOTT,20171,11.347837328767122,37.72375,-20.834375,14.375,225.4375,802.474125,0.7366714041095891,2.4375,70.5625,9.125,156153.5265312,4.625,63.676352739726035,4.613854623287671,2018,9260000.0,77295.49248747913
316,KANSAS,SEDGWICK,20173,13.67256823947235,37.60703703703704,-20.158148148148147,18.22222222222222,195.0,1027.8794814814814,0.6919595129375952,0.4074074074074074,78.77777777777777,12.777777777777779,140723.91693120002,3.7777777777777777,68.84213089802131,4.128819989852866,2018,5574000.0,43512.88056206089
317,KANSAS,SEWARD,20175,13.183625570776256,42.44416666666667,-19.775000000000002,37.916666666666664,215.33333333333334,564.72,0.9252833333333332,7.833333333333333,56.083333333333336,4.666666666666666,161223.0990912,2.416666666666667,58.576255707762556,4.622802283105023,2018,11382000.0,60898.87640449438
318,KANSAS,SHAWNEE,20177,12.910747031963469,37.75333333333333,-22.087333333333333,22.066666666666666,204.0,886.777,0.6759755251141553,0.26666666666666666,83.53333333333333,9.066666666666666,131977.14880320002,7.666666666666667,69.15525114155251,3.572489132420092,2018,3628000.0,34291.11531190926
319,KANSAS,SHERMAN,20181,10.488512720156557,37.74535714285714,-22.494285714285716,10.642857142857142,232.64285714285714,653.69175,0.7211925636007829,1.6071428571428572,76.35714285714286,4.785714285714286,151476.23352548573,4.75,63.48101761252446,4.635581604696673,2018,21906000.0,166712.32876712328
320,KANSAS,STAFFORD,20185,12.840449315068494,37.7695,-20.2165,19.3,205.55,1012.8269,0.7253190410958904,1.3,76.5,11.05,149040.8007552,4.05,67.04480821917808,4.717811506849315,2018,8931000.0,56885.35031847134
321,KANSAS,STANTON,20187,12.67018812785388,40.85,-20.258,39.06666666666667,220.6,566.6530666666666,0.9569307762557078,12.266666666666667,54.333333333333336,5.8,162716.9912352,1.1333333333333333,57.093333333333334,4.613014794520548,2018,11297000.0,73309.53926022064
322,KANSAS,SUMNER,20191,14.082772994129158,37.82857142857143,-19.27035714285714,20.178571428571427,191.10714285714286,1111.426,0.696371722113503,0.17857142857142855,76.85714285714286,13.5,143414.51520548572,3.7142857142857144,68.49713307240704,4.147094716242662,2018,4314000.0,35711.920529801326
323,KANSAS,WABAUNSEE,20197,12.570749819754866,37.59947368421052,-22.369473684210526,17.36842105263158,204.57894736842104,918.0347368421053,0.6600731074260995,0.0,84.84210526315789,11.210526315789473,133936.8096975158,7.263157894736842,69.29077144917086,3.8351025234318676,2018,1258000.0,16684.350132625994
324,KANSAS,WICHITA,20203,11.037220890410959,37.69875,-20.513125,15.375,229.0,739.1769375,0.7339054794520548,2.9375,71.1875,8.0,157929.4185912,4.25,63.12892123287671,4.657896917808219,2018,10701000.0,91227.62148337596
325,KANSAS,WILSON,20205,13.846445205479453,36.23916666666667,-20.273333333333333,7.666666666666666,191.5,1277.07825,0.5987278538812785,0.0,81.16666666666667,15.0,134530.0948512,8.166666666666666,72.22381278538812,3.6370561643835617,2018,5136000.0,43051.131601005865
326,NORTH DAKOTA,ADAMS,38001,5.3156878372768785,38.085151515151516,-35.75575757575758,4.818181818181818,265.1818181818182,657.4380606060606,0.48245263594852633,1.5454545454545454,74.6969696969697,3.757575757575758,121496.1581821091,5.090909090909091,70.16038190120382,4.097052718970527,2018,2845000.0,33990.442054958185
327,NORTH DAKOTA,BARNES,38003,4.973497146118722,34.08583333333333,-29.119791666666668,0.125,249.3125,874.57425,0.3816332191780822,0.0,92.02083333333333,8.625,121922.16747120001,6.666666666666666,75.97868150684931,4.4622582762557075,2018,25691000.0,155797.4530018193
328,NORTH DAKOTA,BENSON,38005,3.8687521793275215,36.531454545454544,-31.708909090909092,1.0909090909090908,261.92727272727274,640.6957454545454,0.38027267745952675,0.0,81.07272727272728,3.9454545454545453,123275.05636974546,6.236363636363636,75.19243835616439,4.41327805728518,2018,6582000.0,49788.19969742814
329,NORTH DAKOTA,BOTTINEAU,38009,3.4605634703196344,38.61516666666667,-32.944,3.3166666666666664,274.2,521.1322333333334,0.4357199543378995,0.31666666666666665,76.8,2.166666666666667,120488.91102720001,6.266666666666667,72.001,3.934700319634703,2018,2404000.0,25989.18918918919
330,NORTH DAKOTA,BOWMAN,38011,5.722984018264841,40.88916666666667,-34.07333333333334,8.25,264.1666666666667,455.67044444444446,0.5550792237442922,4.777777777777778,70.80555555555556,1.3333333333333333,127519.53861120001,4.222222222222222,67.4582115677321,4.212429452054795,2018,910000.0,12907.801418439716
331,NORTH DAKOTA,BURKE,38013,3.329707515734913,38.35351351351351,-31.4172972972973,2.72972972972973,280.05405405405406,508.3207837837838,0.41011543872639766,1.0270270270270272,74.13513513513513,2.486486486486487,119118.82036903784,7.162162162162162,73.09070714550167,4.3736416142169565,2018,88300.0,880.3589232303091
332,NORTH DAKOTA,BURLEIGH,38015,4.887926940639269,37.82272727272727,-31.83590909090909,3.515151515151515,257.59090909090907,712.0872121212121,0.4215923619759236,0.13636363636363635,86.75757575757575,4.96969696969697,122660.67060392728,6.848484848484849,73.81940639269406,4.046896596097966,2018,6531000.0,52797.08973322554
333,NORTH DAKOTA,CASS,38017,5.134675342465753,34.397333333333336,-29.238166666666665,0.3833333333333333,248.6,803.6540333333334,0.4282290410958904,0.2,90.55,7.116666666666666,121399.2960192,5.966666666666667,73.83456621004565,4.189040456621004,2018,52848000.0,288000.0
334,NORTH DAKOTA,DUNN,38025,4.975364644487932,40.054761904761904,-34.29940476190476,5.857142857142857,270.9404761904762,577.1680833333334,0.47619155251141554,2.2976190476190474,70.79761904761905,4.404761904761905,124225.79047405715,6.2976190476190474,70.8260437051533,3.9523230593607304,2018,1357000.0,17509.677419354837
335,NORTH DAKOTA,EDDY,38027,4.298554794520548,36.728125,-30.62,1.0,259.75,683.7479999999999,0.4079893835616438,0.0,84.5625,5.0,124086.50133120001,7.8125,74.68748287671234,4.462353595890411,2018,3063000.0,25398.009950248757
336,NORTH DAKOTA,EMMONS,38029,5.508156555772994,36.49089285714286,-32.74785714285714,3.4285714285714284,249.73214285714286,743.7333392857142,0.4336365459882583,0.03571428571428571,89.64285714285714,5.517857142857143,122844.99982834286,5.732142857142858,73.42196673189824,4.084242074363992,2018,11913000.0,108300.0
337,NORTH DAKOTA,GRAND FORKS,38035,4.527550899811979,36.29666666666667,-29.48078431372549,1.2549019607843137,255.41176470588235,672.6453529411765,0.40804598442116574,0.0,84.19607843137256,5.254901960784314,119794.90232414118,8.235294117647058,74.18593607305935,4.287887886113349,2018,18823000.0,115905.1724137931
338,NORTH DAKOTA,MERCER,38057,4.822696917808219,38.945,-32.73208333333333,5.0,269.75,639.0407916666667,0.45932271689497717,1.2083333333333335,75.95833333333333,3.5833333333333335,122412.16545120001,7.083333333333334,71.40717465753426,3.956170605022831,2018,2001000.0,21309.90415335463
339,NORTH DAKOTA,MOUNTRAIL,38061,3.6814121427363435,38.94728395061728,-32.517160493827156,3.876543209876543,273.58024691358025,591.1507407407407,0.41938853373921864,1.2716049382716048,73.39506172839506,3.6666666666666665,122868.78466453333,6.395061728395062,72.56824623710469,4.127630441400304,2018,445000.0,4198.11320754717
340,NORTH DAKOTA,NELSON,38063,3.99434407735697,36.28441176470589,-31.470294117647057,1.0294117647058822,258.0,646.0338529411765,0.3887161160354553,0.0,84.88235294117646,4.4411764705882355,123653.01741120001,6.588235294117647,75.3879049153908,4.653280660757454,2018,2806000.0,23402.835696413676
341,NORTH DAKOTA,PEMBINA,38067,4.117025440313112,36.61057142857143,-28.212857142857143,1.8285714285714285,259.45714285714286,484.5852,0.41696931506849316,0.0,72.48571428571428,3.2,124496.84547977144,9.685714285714285,73.27264187866928,3.9929773776908024,2018,3890000.0,30605.822187254133
342,NORTH DAKOTA,RAMSEY,38071,3.6523029206513313,35.943396226415096,-32.66018867924528,0.9622641509433962,263.77358490566036,598.146,0.3585624192297751,0.0,79.88679245283019,3.9056603773584904,120859.05708516228,5.849056603773585,76.3335073662445,4.4299193073145515,2018,6643000.0,51100.0
343,NORTH DAKOTA,RANSOM,38073,5.314398401826484,33.4575,-28.09125,0.0,248.54166666666666,718.597375,0.3863237442922374,0.0,80.91666666666667,7.375,121426.90845120001,6.041666666666667,75.73291095890411,4.135278881278539,2018,19404000.0,98000.0
344,NORTH DAKOTA,RICHLAND,38077,5.498949771689498,33.943703703703704,-27.614444444444445,0.018518518518518517,245.87037037037038,716.5744259259259,0.4115263825469305,0.09259259259259259,79.48148148148148,7.481481481481481,119916.0820512,5.277777777777778,74.50444951801117,3.926417250126839,2018,54406000.0,280010.29336078226
345,NORTH DAKOTA,SARGENT,38081,5.501632420091324,34.06916666666667,-29.4525,0.16666666666666666,247.45833333333334,706.5355,0.39071198630136983,0.0,80.875,6.708333333333334,120368.8086912,6.375,76.0528310502283,4.04594897260274,2018,27964000.0,134701.34874759152
346,NORTH DAKOTA,STEELE,38091,4.7456136986301365,36.173500000000004,-29.6385,1.15,250.05,819.10675,0.41861917808219173,0.05,86.15,7.15,125782.68539520001,7.45,74.39793150684932,4.556899041095891,2018,13632000.0,77986.27002288328
347,NORTH DAKOTA,WALSH,38099,4.2084761904761905,36.599047619047624,-29.102142857142855,1.3333333333333335,257.6904761904762,587.6897142857143,0.38918734507501634,0.0,78.64285714285714,4.642857142857142,121965.84819977144,8.595238095238095,74.97350293542074,4.223106457925636,2018,5340000.0,41588.78504672897
348,NORTH DAKOTA,WARD,38101,3.9749002798644866,39.05827956989248,-31.825376344086024,3.78494623655914,266.2795698924731,604.3149892473118,0.45243918102813374,0.8924731182795699,78.06451612903226,3.247311827956989,122152.66329507098,7.311827956989247,71.63329209014582,4.335999469730447,2018,2455000.0,27491.601343784994
349,NORTH DAKOTA,WELLS,38103,4.427596955859969,36.72977777777778,-31.278222222222222,1.2,259.75555555555553,634.0103111111112,0.4084325114155251,0.0,81.75555555555556,3.311111111111111,124714.89145920001,6.822222222222222,74.41805175038051,4.423800608828007,2018,11471000.0,87900.38314176245
350,SOUTH DAKOTA,AURORA,46003,7.85694794520548,36.203500000000005,-32.3155,2.7,231.65,1035.19905,0.47163260273972607,0.15,90.75,9.7,122522.37448320001,7.3,73.48038356164383,4.0332175342465755,2018,11828000.0,71990.26171637248
351,SOUTH DAKOTA,BEADLE,46005,7.2895403348554035,36.52722222222222,-32.609722222222224,4.75,235.5,786.1984444444445,0.48017313546423135,0.1111111111111111,89.08333333333333,6.611111111111111,121237.6396512,7.25,73.21829528158295,4.025513470319635,2018,26817000.0,167921.10206637447
352,SOUTH DAKOTA,BENNETT,46007,7.93228401826484,37.60433333333333,-26.959666666666667,8.266666666666666,238.46666666666667,811.9699,0.5542377168949771,0.7666666666666667,81.76666666666667,7.733333333333333,138666.01734720002,5.733333333333333,69.65526940639269,4.173646940639269,2018,2869000.0,22292.152292152296
353,SOUTH DAKOTA,BROOKINGS,46011,6.421856490541423,35.42857142857143,-30.226666666666667,0.7619047619047619,233.14285714285714,997.5551904761904,0.3610301369863014,0.0,100.57142857142857,10.333333333333332,114766.7111712,9.333333333333332,77.33585127201565,4.073504109589041,2018,25660000.0,129009.5525389643
354,SOUTH DAKOTA,BROWN,46013,6.047303816046966,37.144285714285715,-33.40660714285714,4.821428571428571,244.92857142857142,645.0951785714286,0.44978649706457924,0.30357142857142855,81.35714285714286,5.732142857142858,120553.09973691429,6.125,74.27567514677104,4.00140102739726,2018,44125000.0,283944.65894465894
355,SOUTH DAKOTA,BRULE,46015,8.313003161222339,35.862307692307695,-31.331153846153846,6.384615384615385,228.19230769230768,988.3606153846154,0.5084655426765016,0.038461538461538464,87.57692307692308,10.538461538461538,124506.71620504616,8.346153846153847,71.94208640674394,3.9348855637513176,2018,11099000.0,65713.43990526939
356,SOUTH DAKOTA,CAMPBELL,46021,6.103916617033949,37.006521739130434,-33.79826086956522,8.782608695652174,244.43478260869566,744.7815652173913,0.502030613460393,0.17391304347826086,83.78260869565217,6.304347826086956,122517.71690337392,6.434782608695652,71.04904109589042,4.022198332340679,2018,7312000.0,56419.753086419754
357,SOUTH DAKOTA,CHARLES MIX,46023,8.377626223091976,35.03017857142857,-30.52375,2.2857142857142856,227.60714285714286,1154.564732142857,0.4747465753424657,0.07142857142857142,90.57142857142857,13.321428571428571,127330.76841120001,5.75,72.55083170254403,3.7736439334637963,2018,20970000.0,118007.8784468205
358,SOUTH DAKOTA,CLARK,46025,6.4908319634703195,35.13466666666667,-30.514,1.5333333333333332,235.5,690.9339666666666,0.4443819178082192,0.23333333333333334,85.0,4.1,118254.5547552,8.833333333333334,73.34871232876712,4.298056621004567,2018,21600000.0,121690.14084507042
359,SOUTH DAKOTA,CLAY,46027,8.397780821917808,36.196666666666665,-30.808888888888887,3.8888888888888884,225.0,1160.6333333333334,0.43640913242009133,0.6666666666666666,93.66666666666667,12.777777777777779,123103.8983712,11.0,75.34940639269406,3.750847488584475,2018,16078000.0,89521.15812917595
360,SOUTH DAKOTA,CORSON,46031,6.507686301369863,37.90075,-34.54325,12.1375,246.15,672.879675,0.5381761643835616,1.4375,78.3,4.7,125486.66679120001,5.225,69.43198630136986,4.097423321917808,2018,3969000.0,43188.24809575625
361,SOUTH DAKOTA,CUSTER,46033,7.368273349937733,35.949090909090906,-24.80931818181818,4.386363636363637,250.8181818181818,646.0035454545455,0.5855095267745952,1.3409090909090908,79.9090909090909,3.7045454545454546,136154.40385483636,4.0227272727272725,63.34066625155666,3.3471288293897885,2018,110000.0,1100.0
362,SOUTH DAKOTA,DEUEL,46039,6.304203767123288,34.965625,-26.803125,0.5625,231.125,941.4195625,0.37587226027397264,0.0,91.8125,10.0625,115681.5433512,9.8125,76.05097602739727,4.21467345890411,2018,16027000.0,84087.09338929696
363,SOUTH DAKOTA,EDMUNDS,46045,6.161882108758822,36.97060606060606,-32.344848484848484,7.606060606060606,245.15151515151516,673.9246969696969,0.4834277293482773,0.09090909090909091,84.03030303030303,5.0606060606060606,125347.98878574546,5.96969696969697,72.62126193441262,4.144632212536322,2018,14964000.0,127570.33248081841
364,SOUTH DAKOTA,FAULK,46049,6.657961440892948,36.84111111111111,-31.708148148148148,8.88888888888889,241.7037037037037,734.3507037037037,0.4950775240994419,0.07407407407407407,82.70370370370371,6.777777777777778,126675.50285120001,6.444444444444445,72.33293759512938,4.11017574835109,2018,10651000.0,103207.36434108527
365,SOUTH DAKOTA,GRANT,46051,6.393392041748206,34.89047619047619,-27.33809523809524,0.8571428571428571,234.14285714285714,786.1071428571429,0.4122978473581213,0.0,81.04761904761905,6.761904761904762,117675.48977691428,10.523809523809524,74.09081539465102,4.033250619699935,2018,16378000.0,88481.9016747704
366,SOUTH DAKOTA,GREGORY,46053,8.4561247296323,35.06368421052632,-30.162105263157898,1.6842105263157894,225.8684210526316,1104.4017368421053,0.48414340302811826,0.02631578947368421,90.44736842105263,12.131578947368421,127163.1026743579,6.157894736842105,71.707483777938,3.973304037490988,2018,7254000.0,46086.404066073694
367,SOUTH DAKOTA,HAMLIN,46057,6.2899200913242,35.458333333333336,-30.45583333333333,0.8333333333333334,237.0,816.5660833333333,0.39287557077625573,0.0,93.08333333333333,7.75,115546.42869120001,8.0,76.0138812785388,4.138584246575342,2018,17416000.0,90802.91970802919
368,SOUTH DAKOTA,HAND,46059,7.166170906718852,37.15380952380953,-31.39190476190476,6.714285714285714,236.21428571428572,763.4575714285714,0.48948812785388124,0.0,85.73809523809524,7.928571428571429,127008.92403977143,7.095238095238095,72.37348988910632,4.103338747553816,2018,17375000.0,125632.68257411424
369,SOUTH DAKOTA,HUGHES,46065,7.903952275740168,38.38612903225807,-30.231290322580644,15.64516129032258,235.48387096774192,667.4914516129032,0.5520217410517012,1.2903225806451613,77.25806451612902,6.064516129032258,128892.61330281291,5.258064516129032,70.72019443216969,4.1090535572249225,2018,3541000.0,33405.660377358494
370,SOUTH DAKOTA,HUTCHINSON,46067,7.957739073711677,35.30095238095238,-31.084285714285713,3.1904761904761902,229.28571428571428,1168.3245238095237,0.4482936725375081,0.047619047619047616,89.85714285714286,13.333333333333332,122209.34376548573,8.857142857142858,74.52691454664057,3.979867188519243,2018,24360000.0,146043.1654676259
371,SOUTH DAKOTA,HYDE,46069,7.174512720156556,37.51857142857143,-31.257142857142856,11.619047619047619,237.0,714.3704285714285,0.509060534898891,0.23809523809523808,82.33333333333333,6.238095238095238,130571.2254569143,5.9523809523809526,71.77183300717547,4.243402609262883,2018,5719000.0,45497.21559268099
372,SOUTH DAKOTA,JERAULD,46073,7.522454337899543,36.270833333333336,-30.377499999999998,2.5,230.91666666666666,923.04025,0.47541689497716894,0.0,91.5,7.833333333333333,122477.72469120001,8.333333333333334,72.85783105022831,4.1310746575342465,2018,5574000.0,37789.83050847457
373,SOUTH DAKOTA,KINGSBURY,46077,6.770519406392695,34.821666666666665,-31.467083333333335,0.5833333333333334,234.20833333333334,835.2055416666667,0.41577488584474886,0.0,91.45833333333333,8.166666666666666,118701.4535712,7.708333333333333,74.98254566210045,4.296817465753425,2018,23676000.0,128325.20325203252
374,SOUTH DAKOTA,LAKE,46079,6.781170776255708,34.83866666666667,-30.924666666666667,0.5333333333333333,233.8,999.6232666666666,0.37844949771689496,0.0,97.53333333333333,10.933333333333334,119895.30688320001,6.466666666666667,76.41309589041096,4.2411442922374425,2018,21141000.0,109709.39283860924
375,SOUTH DAKOTA,LINCOLN,46083,7.876594520547945,36.427499999999995,-30.936,4.55,229.0,1280.7608,0.41689561643835615,0.55,98.95,14.3,116640.25945920001,11.3,76.02609589041096,3.856372191780822,2018,21033000.0,129913.5268684373
376,SOUTH DAKOTA,LYMAN,46085,8.66041173065792,38.27492957746479,-31.411549295774645,13.408450704225352,226.1830985915493,763.6601971830986,0.5752329538877099,1.7183098591549295,82.3943661971831,7.169014084507042,126894.90141796057,7.563380281690141,69.57945977233263,4.061292764808027,2018,4889000.0,40505.38525269263
377,SOUTH DAKOTA,MARSHALL,46091,5.449228310502283,34.52041666666667,-30.40041666666667,1.2083333333333335,243.45833333333334,624.3882916666666,0.39842305936073064,0.0,80.66666666666667,4.625,121424.94429120001,6.75,75.09128995433791,4.2272050228310505,2018,17299000.0,93710.72589382449
378,SOUTH DAKOTA,MCCOOK,46087,7.265228310502283,35.2425,-32.160833333333336,2.0833333333333335,231.33333333333334,1113.1825833333332,0.39348561643835617,0.0,96.08333333333333,11.0,120371.78877120001,8.25,76.13812785388129,4.125358219178082,2018,20547000.0,115497.47048903878
379,SOUTH DAKOTA,MCPHERSON,46089,5.498110419261104,35.3830303030303,-32.580303030303035,2.7878787878787876,247.45454545454547,667.1649696969697,0.4225733499377335,0.0,80.78787878787878,5.151515151515151,124966.83858938182,4.3939393939393945,74.2346201743462,4.188579908675799,2018,6705000.0,61683.53265869365
380,SOUTH DAKOTA,MEADE,46093,7.4739471348639785,37.3956338028169,-29.06450704225352,9.169014084507042,242.03521126760563,665.0692816901409,0.5722153193131391,2.401408450704225,85.58450704225352,3.640845070422535,131977.94764218593,5.211267605633803,67.10749951765388,3.8728769438549104,2018,790000.0,8997.722095671983
381,SOUTH DAKOTA,MINER,46097,7.2843105022831045,34.92266666666667,-32.72266666666667,0.6666666666666667,232.6,901.3948666666666,0.421995799086758,0.0,93.33333333333333,8.666666666666666,121194.5422752,7.533333333333333,74.99013698630138,4.216719817351598,2018,13560000.0,75881.36541689983
382,SOUTH DAKOTA,MINNEHAHA,46099,7.1393228962818,35.476190476190474,-30.727142857142855,1.3333333333333333,232.85714285714286,1224.3558095238095,0.3791307240704501,0.0,100.14285714285714,12.761904761904761,115830.0232169143,9.761904761904761,76.84874103065884,3.9242431833007174,2018,29659000.0,154877.28459530027
383,SOUTH DAKOTA,MOODY,46101,6.775376712328766,35.86666666666667,-30.566666666666666,1.0,232.41666666666666,1109.8859166666666,0.3736956621004567,0.0,101.0,12.166666666666666,119914.47717120001,8.916666666666666,76.9924200913242,4.016684931506849,2018,22712000.0,117011.8495620814
384,SOUTH DAKOTA,POTTER,46107,6.748644889357218,37.393076923076926,-31.209615384615386,12.461538461538462,239.92307692307693,639.1574230769231,0.5388357218124341,0.9615384615384616,76.88461538461539,3.5,129075.58176812308,5.807692307692308,70.07893572181243,4.3519000000000005,2018,8785000.0,80596.33027522935
385,SOUTH DAKOTA,ROBERTS,46109,5.993929836284663,34.75170731707317,-27.884390243902438,0.7804878048780488,239.34146341463415,639.585,0.4217639158035416,0.21951219512195122,78.26829268292683,5.512195121951219,120859.1983907122,6.951219512195122,73.56991647176746,3.9542918810557968,2018,28232000.0,147194.99478623565
386,SOUTH DAKOTA,SANBORN,46111,7.607638356164384,35.91,-32.778,2.6,233.0,886.3862666666666,0.4582255707762557,0.0,95.2,6.6,121243.1434272,7.866666666666667,74.30038356164384,3.9787912328767123,2018,9294000.0,55586.124401913876
387,SOUTH DAKOTA,SPINK,46115,6.8713561643835614,37.221041666666665,-33.476875,6.875,238.3125,755.8214583333333,0.4970974885844749,0.8125,84.33333333333333,6.395833333333334,121627.14315120001,7.708333333333334,72.39171803652968,4.042642237442922,2018,37509000.0,234431.25
388,SOUTH DAKOTA,TRIPP,46123,8.635635518590998,38.32285714285714,-31.598035714285714,8.678571428571429,228.03571428571428,1060.8103214285713,0.5419440313111545,1.2321428571428572,88.21428571428571,12.035714285714286,125504.53238262857,8.714285714285714,70.58910469667319,4.121623532289629,2018,7980000.0,63993.58460304731
389,SOUTH DAKOTA,TURNER,46125,7.876327054794521,35.82625,-30.858125,3.25,229.75,1226.18775,0.427798801369863,0.25,95.5,13.0,118932.02421120001,11.8125,75.46869863013698,3.904393493150685,2018,22809000.0,129376.06352807714
390,SOUTH DAKOTA,UNION,46127,8.403734085414987,37.24823529411765,-30.71294117647059,4.647058823529412,225.64705882352942,1182.684588235294,0.41789637389202255,0.6470588235294118,96.29411764705883,12.705882352941176,121718.03960414119,8.941176470588236,76.3274939564867,3.7869492344883158,2018,18920000.0,101611.17078410312
391,SOUTH DAKOTA,WALWORTH,46129,6.619290161892902,37.315,-31.937272727272727,11.272727272727273,240.77272727272728,688.7713636363636,0.5411753424657534,0.6363636363636365,78.95454545454545,5.818181818181818,123348.22413120001,6.181818181818182,69.69545454545454,4.262215442092154,2018,7912000.0,54006.82593856655
392,SOUTH DAKOTA,YANKTON,46135,8.22009589041096,35.259166666666665,-30.3025,2.5833333333333335,226.58333333333334,1206.6285833333334,0.4358728310502283,0.08333333333333333,92.41666666666667,15.5,122897.98509120001,10.583333333333334,75.01557077625571,3.75215502283105,2018,15175000.0,86417.99544419134
393,SOUTH DAKOTA,ZIEBACH,46137,7.092617998959597,38.873544303797466,-32.47683544303798,13.113924050632912,242.56962025316454,552.338835443038,0.5603946592682504,4.3544303797468356,70.32911392405063,2.5822784810126582,131687.7203377823,4.050632911392405,69.14173400381482,4.094597503034507,2018,1395000.0,17703.045685279187
394,TEXAS,ATASCOSA,48013,21.198081430745813,39.70972222222222,-5.135277777777778,82.33333333333333,88.66666666666667,1011.6604722222222,0.9698177321156773,1.3888888888888888,86.47222222222223,10.583333333333334,143120.3584512,4.972222222222222,69.38797564687975,3.940091552511415,2018,127000.0,1400.2205071664828
395,TEXAS,AUSTIN,48015,20.54340410958904,39.31125,-9.462916666666667,38.875,91.58333333333333,1343.5220833333333,0.7523875570776256,0.2916666666666667,116.66666666666667,15.458333333333334,135461.8317312,7.125,75.02582191780822,4.904792579908676,2018,274000.0,4000.0
396,TEXAS,BEE,48025,21.556419796730005,38.85709677419354,-2.587741935483871,52.516129032258064,76.45161290322581,1247.6846129032258,0.800304286345559,0.0,95.25806451612902,12.612903225806452,136559.7654679742,8.225806451612902,74.01285019885108,5.51493946089262,2018,758000.0,11196.454948301329
397,TEXAS,BELL,48027,19.652586811086334,43.04093023255814,-12.206744186046512,67.37209302325581,120.5813953488372,947.548,0.9548355527237975,15.069767441860465,85.37209302325581,11.023255813953488,141701.9699767814,8.162790697674419,68.40182860783689,3.6209311882765207,2018,3999000.0,70904.25531914894
398,TEXAS,BEXAR,48029,20.41700782778865,40.05214285714286,-6.3342857142857145,70.19047619047619,97.23809523809524,1212.0553333333332,0.9336534246575342,4.190476190476191,100.92857142857143,13.309523809523808,138205.97750262858,7.238095238095238,68.98030006523157,3.0034870189171556,2018,510000.0,7478.005865102639
399,TEXAS,BURLESON,48051,19.79871575342466,39.90916666666667,-9.2125,49.541666666666664,108.75,1465.9949583333332,0.7610874429223744,1.0833333333333333,105.375,18.166666666666668,133203.4275312,6.5,74.50392694063927,4.361514611872146,2018,850000.0,8900.523560209424
400,TEXAS,CALDWELL,48055,20.20929863013699,40.011,-7.339499999999999,64.4,99.25,1091.35715,0.8102257534246575,0.9500000000000001,101.65,9.950000000000001,134343.7032672,6.4,73.01336986301371,3.607408904109589,2018,406000.0,6304.347826086956
401,TEXAS,CALHOUN,48057,21.81796917808219,33.3821875,-4.0884375,5.28125,50.3125,1663.83359375,0.5781697773972603,0.0,108.71875,18.65625,142607.2947012,3.8125,80.17698630136987,6.764330821917809,2018,1572000.0,17702.702702702703
402,TEXAS,CAMERON,48061,23.274443658859923,37.178709677419356,-0.7732258064516129,37.483870967741936,35.54838709677419,901.8211935483871,0.7280452496685816,0.0,87.74193548387096,7.419354838709677,148929.8820099097,5.419354838709678,78.5109412284578,7.664766946531153,2018,2735000.0,28789.473684210527
403,TEXAS,COLLIN,48085,18.257150684931506,40.415499999999994,-11.925,36.05,131.9,1464.17525,0.8465320547945205,9.95,96.6,17.1,142438.5352512,11.75,68.83434246575342,3.5852402739726026,2018,1090000.0,17495.98715890851
404,TEXAS,COLORADO,48089,20.546008610567515,39.446571428571424,-8.393714285714285,44.885714285714286,91.65714285714286,1305.9139714285714,0.7558545596868884,0.05714285714285714,116.57142857142857,14.542857142857143,134055.54383862857,6.257142857142857,75.0985518590998,5.0187559295499025,2018,910000.0,8904.109589041096
405,TEXAS,DALLAM,48111,13.0099299847793,40.074444444444445,-16.390277777777776,22.11111111111111,220.77777777777777,356.0011944444444,1.0133472602739726,8.972222222222221,44.55555555555556,2.1944444444444446,171820.0552512,0.7777777777777778,52.933325722983255,4.852707153729071,2018,15340000.0,86715.65856416053
406,TEXAS,DELTA,48119,18.06638698630137,40.7675,-12.00375,43.625,139.125,1372.617875,0.8129260273972603,5.375,108.75,16.375,135911.9580912,7.75,70.63171232876712,3.7591839041095887,2018,630000.0,8898.305084745763
407,TEXAS,DENTON,48121,18.24593493150685,41.57208333333333,-11.55625,43.875,137.04166666666666,1231.3011666666666,0.9022202054794521,12.458333333333334,82.125,15.041666666666666,146351.8630512,12.208333333333334,67.29310502283106,3.3528,2018,128000.0,2997.6580796252924
408,TEXAS,DEWITT,48123,20.935385724585437,38.59684210526316,-4.911315789473684,62.078947368421055,85.36842105263158,1220.8201315789474,0.7948935111751982,0.15789473684210525,105.57894736842105,12.605263157894736,135286.8799543579,6.7105263157894735,74.25276856524874,4.979542177361211,2018,260000.0,4297.520661157025
409,TEXAS,ELLIS,48139,18.89448584474886,41.77766666666666,-10.633999999999999,55.86666666666667,129.9,1212.0379,0.8820642922374429,12.733333333333333,86.4,14.833333333333334,139900.6180512,11.1,69.21144292237443,3.9690747945205476,2018,2860000.0,39777.468706536856
410,TEXAS,FANNIN,48147,17.848211187214613,41.91958333333333,-13.191250000000002,41.458333333333336,144.25,1338.6009583333332,0.82804600456621,7.875,98.29166666666667,17.458333333333332,140409.1389312,7.5,69.83062785388127,3.5918715753424655,2018,1480000.0,21796.759941089837
411,TEXAS,FAYETTE,48149,20.308626816106266,40.03727272727273,-8.88030303030303,54.515151515151516,97.33333333333333,1302.6647575757577,0.7848638439186385,0.7878787878787878,109.66666666666667,14.121212121212121,133357.28056756363,7.96969696969697,74.1008800332088,4.103114321295143,2018,596000.0,8803.54505169867
412,TEXAS,FLOYD,48153,15.841926575342466,39.8652,-16.2132,42.84,182.84,406.67992,1.1696967671232876,33.44,48.68,2.04,171171.7659936,1.6800000000000002,52.567978082191786,4.696519890410959,2018,1341000.0,9280.276816608997
413,TEXAS,FORT BEND,48157,21.0155713654441,37.15806451612904,-7.6332258064516125,21.161290322580644,78.58064516129032,1543.2392258064517,0.7037108263367212,0.0,121.0,18.548387096774192,137461.13653378066,6.774193548387097,76.38539107379584,5.540134158197083,2018,905000.0,9699.89281886388
414,TEXAS,FRIO,48163,21.362833333333334,41.768750000000004,-4.1033333333333335,93.33333333333333,92.83333333333333,790.6854166666667,1.0946518264840182,10.375,74.70833333333333,8.583333333333334,146157.2747712,3.9583333333333335,66.6187214611872,3.4625466894977173,2018,808000.0,7227.191413237925
415,TEXAS,GILLESPIE,48171,18.479937377690803,39.53,-8.693333333333333,28.0,127.57142857142857,866.2646666666667,0.9078622309197651,4.666666666666666,75.66666666666667,9.619047619047619,144271.5253426286,4.904761904761905,66.8986301369863,3.4687595564253098,2018,94000.0,1551.1551155115512
416,TEXAS,GONZALES,48177,20.663528512265053,39.311627906976746,-5.488837209302325,65.69767441860465,90.06976744186046,1197.4530930232559,0.8093592863969417,0.39534883720930236,105.65116279069767,11.883720930232558,132680.22564189768,7.651162790697674,73.47139853456515,4.230745906339599,2018,330000.0,4347.826086956521
417,TEXAS,GRAY,48179,14.963427397260274,40.9315,-16.950499999999998,33.55,195.4,356.95035,1.0693331506849315,18.2,45.65,2.1,166328.2212192,1.35,54.03361643835616,4.84610794520548,2018,897000.0,5709.739019732655
418,TEXAS,GRAYSON,48181,17.370154420921544,40.946969696969695,-11.945757575757575,34.57575757575758,145.54545454545453,1312.8911818181818,0.818941303445413,8.969696969696969,83.24242424242425,18.12121212121212,146502.55986938183,9.090909090909092,68.83947696139477,3.401663843918638,2018,1300000.0,20000.0
419,TEXAS,GUADALUPE,48187,20.403818982387477,39.864285714285714,-5.945357142857143,64.85714285714286,94.75,1050.1155714285715,0.8562626223091977,1.2857142857142856,102.92857142857143,9.964285714285714,135827.19182262858,7.285714285714286,71.42428571428572,3.440182485322896,2018,1270000.0,22010.398613518195
420,TEXAS,HALE,48189,15.254798904109588,40.1976,-16.0808,35.88,191.52,430.91628000000003,1.1148863561643836,27.44,47.6,4.16,172119.30615360002,1.24,53.429490410958905,4.559391890410959,2018,2753000.0,19706.513958482465
421,TEXAS,HANSFORD,48195,14.533360273972601,42.1565,-17.792499999999997,41.9,205.75,414.5023,1.0983846575342466,19.5,45.95,3.9,168128.59893120002,0.15000000000000002,53.334712328767125,4.891189589041096,2018,8841000.0,44006.96864111498
422,TEXAS,HAYS,48209,19.80748140900196,40.330357142857146,-8.599285714285715,53.714285714285715,106.75,1002.0631071428571,0.8657132093933463,3.428571428571429,100.42857142857143,10.357142857142858,137765.56008548572,6.035714285714286,70.14620352250489,3.2938018590998044,2018,280000.0,4000.0
423,TEXAS,HIDALGO,48215,23.477832572298325,40.657407407407405,-0.29962962962962963,96.70370370370371,44.333333333333336,1077.2637592592594,1.0386810755961442,0.2222222222222222,79.22222222222223,8.574074074074074,148014.7484512,3.5370370370370368,71.33167427701675,6.358200608828007,2018,2860000.0,32098.765432098768
424,TEXAS,HILL,48217,19.052483757338553,42.51457142857143,-10.777142857142858,72.71428571428571,130.25714285714287,1121.619542857143,0.9261950684931507,18.257142857142856,81.05714285714285,13.314285714285715,141246.03843977142,10.342857142857143,69.33808219178083,3.8754277103718198,2018,3590000.0,57903.22580645161
425,TEXAS,HUNT,48231,18.281236301369862,40.66958333333333,-10.948333333333332,38.625,132.625,1471.8800416666668,0.7964962328767122,8.75,106.375,18.291666666666668,136762.71189120002,7.208333333333333,71.42147260273973,3.7513552511415527,2018,485000.0,7450.076804915515
426,TEXAS,HUTCHINSON,48233,15.056486301369864,42.527499999999996,-17.0395,51.75,202.55,367.34755,1.1666378082191782,30.85,40.6,3.05,168123.1211712,0.25,52.10267123287671,4.566944383561644,2018,2200000.0,12297.372833985466
427,TEXAS,JACKSON,48239,20.994586105675147,37.683571428571426,-6.022142857142858,29.392857142857142,82.07142857142857,1443.8921785714285,0.6749658512720157,0.0,120.39285714285714,15.357142857142858,137475.8571826286,3.7857142857142856,77.82901174168298,6.122962230919764,2018,4960000.0,56492.02733485194
428,TEXAS,JOHNSON,48251,18.74053352559481,42.19736842105263,-11.47,63.89473684210526,134.42105263157896,1247.4567894736842,0.9359555875991348,17.42105263157895,78.78947368421052,13.157894736842104,147020.5272217263,7.894736842105263,68.10823359769286,3.637767555875991,2018,785000.0,12440.570522979397
429,TEXAS,KLEBERG,48273,22.255404268875438,37.07790697674418,-1.3267441860465115,30.6046511627907,49.906976744186046,1231.5217441860466,0.6778335138579166,0.0,96.62790697674419,10.744186046511627,144201.15688654885,5.255813953488372,78.45434851863651,7.22439267282574,2018,62000.0,1000.0
430,TEXAS,LAMAR,48277,17.66542794520548,41.406000000000006,-13.294400000000001,41.08,147.04,1290.2634,0.8050675068493152,5.08,101.8,14.8,135565.703568,9.08,70.06024109589042,3.6058799999999995,2018,1691000.0,22913.27913279133
431,TEXAS,LAVACA,48285,20.707255292652555,39.45393939393939,-6.965454545454546,53.87878787878788,89.18181818181819,1315.3247575757575,0.7763389788293897,0.0,113.51515151515152,14.424242424242424,133750.3220221091,7.212121212121212,74.68989622249896,5.041824574512246,2018,233000.0,3029.9089726918073
432,TEXAS,LEE,48287,19.818710221285563,39.95153846153846,-8.994615384615384,57.61538461538461,109.1923076923077,1267.8618846153845,0.7877625922023181,1.3461538461538463,99.92307692307692,14.192307692307693,137454.96181735385,5.653846153846154,73.83210748155953,3.861754794520548,2018,52000.0,739.6870554765292
433,TEXAS,MATAGORDA,48321,21.42026923076923,34.335,-5.012499999999999,6.0,63.82692307692308,1593.448173076923,0.5845569546891465,0.0,108.96153846153847,18.826923076923077,139594.70417427694,3.807692307692308,79.95562697576396,6.4823529504741835,2018,1931000.0,21289.966923925025
434,TEXAS,MCLENNAN,48309,19.359417975275644,43.564390243902444,-12.184390243902438,74.95121951219512,126.82926829268293,1104.9479024390243,0.9388551954560641,16.609756097560975,85.53658536585365,13.731707317073171,141619.6982697366,9.512195121951219,69.2619445372536,3.904353625125293,2018,2399000.0,38200.63694267516
435,TEXAS,MEDINA,48325,20.359782343987824,41.00888888888889,-7.088055555555555,71.47222222222221,100.22222222222223,1118.3050555555556,0.9855047184170471,8.222222222222221,98.22222222222223,11.833333333333334,138647.3805312,6.25,67.41077625570776,3.0507036529680365,2018,2100000.0,21000.0
436,TEXAS,MILAM,48331,19.636815428983418,41.830263157894734,-9.60578947368421,63.973684210526315,116.92105263157895,1135.695157894737,0.8472047584715212,6.447368421052631,96.76315789473684,12.342105263157894,134858.28002172633,7.868421052631579,71.95090122566691,4.071977144917087,2018,1910000.0,30906.148867313917
437,TEXAS,MOORE,48341,14.227761643835615,40.995,-16.5865,37.85,208.2,409.47315000000003,1.0987276712328766,20.15,42.4,4.05,170953.5415392,0.8,52.40979452054795,4.667345479452055,2018,8480000.0,43960.60134784863
438,TEXAS,NAVARRO,48349,18.989737563085797,41.25657894736842,-10.370263157894737,57.57894736842105,123.8157894736842,1322.0806578947368,0.8519501802451334,12.131578947368421,89.39473684210526,16.07894736842105,138608.52590804212,10.605263157894736,70.87232876712329,4.291895385724586,2018,1000000.0,15197.568389057751
439,TEXAS,OCHILTREE,48357,14.641797260273973,42.332499999999996,-18.0235,41.25,200.75,459.98985,1.0575397260273973,18.95,47.95,4.35,166341.5350272,0.85,54.99372602739726,4.836373150684931,2018,4220000.0,24692.802808660035
440,TEXAS,ROBERTSON,48395,19.38369057211926,41.58529411764706,-10.365294117647059,57.705882352941174,117.91176470588235,1276.1859705882353,0.801569379532635,5.235294117647059,99.5,15.029411764705882,133864.64078061178,8.441176470588236,73.2524496373892,4.23916124093473,2018,585000.0,5000.0
441,TEXAS,SAN PATRICIO,48409,21.899160647571605,36.71909090909091,-3.0422727272727275,20.136363636363637,66.81818181818181,1375.323409090909,0.6915403486924036,0.0,102.5,14.863636363636363,142135.20193483637,6.681818181818182,77.36683686176836,6.644685927770859,2018,656000.0,9358.05991440799
442,TEXAS,SHERMAN,48421,13.942008219178081,41.21,-17.204500000000003,33.45,211.55,379.20545,1.0680075342465754,14.3,45.65,3.1,169934.16625920002,0.7,53.026095890410964,4.884325890410959,2018,14830000.0,82802.90340591848
443,TEXAS,TOM GREEN,48451,18.601898238747555,41.465102040816326,-10.022244897959185,73.42857142857143,143.40816326530611,703.5817755102041,1.2506574224210232,46.40816326530612,52.6530612244898,9.387755102040817,164992.97722834288,3.510204081632653,57.091339110986866,3.9253606933184235,2018,560000.0,4371.584699453552
444,TEXAS,TRAVIS,48453,19.97499565653191,42.3509756097561,-9.128536585365854,67.04878048780488,108.78048780487805,969.7660243902438,0.9121075175409288,9.0,93.78048780487805,10.414634146341463,137751.0895907122,6.219512195121951,69.71434680922151,3.1357407283661876,2018,830000.0,13810.316139767054
445,TEXAS,UVALDE,48463,20.342749119373778,41.01114285714286,-6.522571428571428,75.57142857142857,101.82857142857142,786.1236,1.0294299804305285,12.028571428571428,84.42857142857143,6.9714285714285715,143651.05205348574,2.6857142857142855,65.89954598825831,3.1340004696673187,2018,1428000.0,12000.0
446,TEXAS,VICTORIA,48469,21.118637608966377,38.802121212121214,-5.385454545454546,41.39393939393939,81.6969696969697,1402.6431515151514,0.7113125778331257,0.0,113.60606060606061,14.272727272727273,136035.7530912,4.909090909090909,76.94292237442923,5.988821917808219,2018,2341000.0,25390.45553145336
447,TEXAS,WHARTON,48481,20.77075479452055,36.8835,-7.372750000000001,21.5,84.825,1403.48485,0.6827846575342466,0.0,118.0,15.2,139908.1110192,4.8,77.22431506849315,5.799935205479452,2018,6100000.0,64824.65462274177
448,TEXAS,WILLIAMSON,48491,19.633317677756033,41.67642857142857,-10.850952380952382,59.30952380952381,117.54761904761905,1040.7359523809523,0.8969433789954339,7.19047619047619,91.59523809523809,11.285714285714285,139829.64168548572,6.166666666666667,69.62877364644488,3.45190189171559,2018,5790000.0,91181.10236220472
449,TEXAS,WILSON,48493,20.841640900195696,39.17285714285715,-3.938928571428572,75.14285714285714,90.92857142857143,1110.5382857142856,0.8916651663405087,1.0,97.21428571428571,11.464285714285714,138991.2517769143,5.714285714285714,71.14422700587085,3.8173054794520547,2018,416000.0,5299.363057324841
450,TEXAS,ZAVALA,48507,21.291391389432484,42.39678571428572,-4.5217857142857145,97.78571428571429,97.75,582.9425357142857,1.1502866927592954,26.25,67.53571428571429,5.571428571428571,146994.75099977144,1.5,65.35956947162427,3.258256653620352,2018,309000.0,2798.9130434782605
451,ARKANSAS,ARKANSAS,05001,17.306192521288413,36.40432432432433,-8.101891891891892,13.702702702702704,147.56756756756758,1878.3628108108107,0.669302184376157,0.0,94.0,26.56756756756757,147620.65478555678,9.513513513513514,74.45486856719734,5.284518178452425,2019,10420000.0,53989.637305699485
452,ARKANSAS,ASHLEY,05003,17.940305479452057,37.542500000000004,-7.6370000000000005,19.25,136.05,1810.7514,0.6723858904109589,0.0,95.5,26.5,149271.3746208,9.65,74.6918904109589,5.052044520547945,2019,5410000.0,32590.36144578313
453,ARKANSAS,CHICOT,05017,18.136414611872148,36.754,-7.890666666666666,19.8,136.53333333333333,1748.7031333333334,0.7108865753424657,0.0,93.0,24.933333333333334,152104.7567808,9.666666666666666,73.79021004566209,5.482025936073059,2019,5160000.0,29301.5332197615
454,ARKANSAS,CLAY,05021,15.57995205479452,35.12,-9.58,2.0625,168.75,1768.5403125,0.5844217465753425,0.0,105.6875,26.25,140241.9580488,9.5625,74.97155821917809,4.606222602739726,2019,6580000.0,36904.09422321929
455,ARKANSAS,CRAIGHEAD,05031,15.929118150684932,35.63125,-8.98625,3.5625,161.5625,1848.3519375,0.5788385273972603,0.0,104.5625,24.3125,139556.8524888,13.4375,75.73573630136987,4.971308219178082,2019,6830000.0,35591.45388223033
456,ARKANSAS,CRITTENDEN,05035,16.883021170610213,35.64181818181818,-8.148181818181818,5.409090909090909,150.63636363636363,1927.6004545454546,0.6604102117061021,0.0,100.95454545454545,26.727272727272727,142516.91555607272,12.272727272727273,73.58134495641345,4.889490535491905,2019,3450000.0,20896.426408237432
457,ARKANSAS,DESHA,05041,17.764587214611872,36.245666666666665,-7.923,16.933333333333334,143.3,1965.3075,0.6964508675799087,0.0,96.63333333333334,28.966666666666665,149807.8027008,10.366666666666667,74.10061187214612,5.33904301369863,2019,6455000.0,35506.0506050605
458,ARKANSAS,DREW,05043,17.660976712328768,37.739,-6.784000000000001,22.2,141.75,1849.64835,0.7044506849315069,0.0,93.95,27.15,149180.8127328,9.25,73.33535616438355,4.846095479452055,2019,2470000.0,13201.496525921968
459,ARKANSAS,GREENE,05055,15.770996838777661,35.21230769230769,-9.452307692307691,2.4615384615384617,164.92307692307693,1782.526,0.5863076923076923,0.0,103.84615384615385,26.53846153846154,138953.74804726156,11.230769230769232,75.0095258166491,4.735475447839831,2019,3920000.0,21503.017004936915
460,ARKANSAS,INDEPENDENCE,05063,15.53709062170706,34.981923076923074,-9.507307692307693,2.6153846153846154,169.69230769230768,1618.173423076923,0.5728240252897787,0.0,100.92307692307692,20.46153846153846,140380.47390572308,9.615384615384615,74.5317808219178,3.534640779768177,2019,1215000.0,7598.499061913696
461,ARKANSAS,JACKSON,05067,15.795453424657534,35.0195,-8.9295,1.95,163.85,1737.54545,0.548326301369863,0.0,101.35,24.0,139752.6209568,11.2,76.39823287671233,4.762068493150685,2019,2850000.0,16002.24592925323
462,ARKANSAS,JEFFERSON,05069,17.09359589041096,36.09357142857143,-8.342857142857143,11.071428571428571,149.42857142857142,1705.5095714285715,0.6780723091976517,0.0,91.5,22.392857142857142,148233.7793088,8.107142857142858,73.09366927592954,4.913330821917808,2019,7920000.0,43805.30973451327
463,ARKANSAS,LAFAYETTE,05073,17.979330479452052,37.056875,-7.40625,18.9375,139.6875,1292.7148125,0.6445248287671232,0.0,87.625,16.5625,146985.9424488,5.75,75.43731164383561,4.064514212328767,2019,1380000.0,9299.191374663073
464,ARKANSAS,LAWRENCE,05075,15.582873668188737,35.42444444444445,-9.558333333333334,4.111111111111111,168.77777777777777,1740.587888888889,0.5498520547945206,0.0,97.94444444444444,24.833333333333332,138600.9775488,12.38888888888889,76.22922374429224,4.461708371385083,2019,1745000.0,9699.833240689271
465,ARKANSAS,LINCOLN,05079,17.351091976516635,36.18214285714286,-8.132857142857143,13.071428571428571,145.78571428571428,1925.3384285714285,0.6881831702544031,0.0,89.78571428571429,26.0,149288.3172288,7.714285714285714,73.4418590998043,5.0134763209393345,2019,3500000.0,18597.236981934115
466,ARKANSAS,LONOKE,05085,16.604719886632026,35.76,-8.60344827586207,4.896551724137931,157.6551724137931,1534.872275862069,0.6337577704298535,0.0,96.89655172413794,20.24137931034483,144367.77168397242,9.344827586206897,74.14199338686821,4.807712612187057,2019,7470000.0,41801.90263010633
467,ARKANSAS,MISSISSIPPI,05093,16.377216968625717,35.25774193548387,-8.633548387096774,3.838709677419355,156.51612903225808,1866.3800322580646,0.6486226248342908,0.0,105.41935483870968,25.161290322580644,139302.7804855742,16.612903225806452,73.35885992045957,4.82972611577552,2019,2960000.0,21496.0058097313
468,ARKANSAS,MONROE,05095,16.858334474885847,36.361666666666665,-8.207083333333333,8.25,153.20833333333334,1785.0347083333334,0.6125502283105023,0.0,99.95833333333333,23.041666666666668,144968.9411088,10.041666666666666,75.8190296803653,5.316170205479453,2019,5190000.0,30601.415094339623
469,ARKANSAS,PHILLIPS,05107,17.216730593607306,36.577619047619045,-8.190000000000001,9.761904761904761,148.47619047619048,1988.2738571428572,0.6228880626223092,0.0,100.9047619047619,29.19047619047619,147624.5383488,10.952380952380953,75.97544683626876,5.245208219178082,2019,9650000.0,60199.625701809106
470,ARKANSAS,POINSETT,05111,16.23488184931507,35.52875,-8.375,4.125,157.3125,1909.6373125,0.5953176369863014,0.0,104.0,23.5625,139980.82430880002,13.8125,75.19352739726028,5.087858732876713,2019,5910000.0,31706.008583690986
471,ARKANSAS,PRAIRIE,05117,16.665170935080404,35.885652173913044,-8.471304347826088,5.130434782608695,156.47826086956522,1648.3167826086956,0.6204657534246575,0.0,98.3913043478261,21.043478260869566,144085.28856793043,9.304347826086957,74.94628945801072,5.171110541989279,2019,3780000.0,21799.307958477508
472,ARKANSAS,RANDOLPH,05121,15.275118961788033,35.59894736842105,-10.26421052631579,3.0,173.57894736842104,1803.9684736842105,0.5486940158615717,0.0,103.73684210526315,24.684210526315788,138749.54353616844,11.578947368421053,75.39390050468637,3.7512321557317954,2019,745000.0,3998.9264626945783
473,ARKANSAS,ST. FRANCIS,05123,16.71329315068493,35.878,-8.236666666666666,5.533333333333333,153.4,1749.1760666666667,0.6225059360730594,0.0,98.86666666666666,24.4,144518.6155968,10.533333333333333,74.80147945205479,5.119279086757991,2019,4510000.0,26099.537037037036
474,ARKANSAS,WHITE,05145,15.986912995186968,35.71378378378379,-8.54945945945946,3.864864864864865,161.64864864864865,1567.342945945946,0.5989556460570159,0.0,102.86486486486487,21.594594594594597,140035.9691379892,10.0,74.2420362828582,3.948601703072936,2019,885000.0,5000.0
475,ARKANSAS,WOODRUFF,05147,16.33905479452055,35.7995,-8.409,3.5,158.7,1647.97655,0.5874361643835616,0.0,102.8,22.15,141840.7335648,10.55,75.79446575342466,5.1934556164383565,2019,4170000.0,25693.160813308685
476,CALIFORNIA,GLENN,06021,14.969059775840599,38.00363636363636,-2.2820454545454543,28.045454545454547,195.29545454545453,800.8426818181819,1.0761642590286427,24.272727272727273,60.15909090909091,9.704545454545455,166420.0132586182,5.409090909090909,54.40805105853051,3.255488667496887,2019,245000.0,1600.2612671456566
477,CALIFORNIA,SACRAMENTO,06067,16.08220479452055,39.549,-0.6345,42.225,176.45,435.382225,0.9430223972602739,9.825,47.75,2.075,168572.8089576,4.025,63.32781506849315,4.281011575342466,2019,1350000.0,9000.0
478,CALIFORNIA,SUTTER,06101,16.130277397260276,39.251666666666665,-1.2545833333333334,36.708333333333336,179.75,527.7709166666667,0.9551336757990867,6.208333333333333,53.583333333333336,4.958333333333333,167901.1002288,5.208333333333333,62.74823059360731,4.497781278538813,2019,500000.0,3399.0482664853844
479,CALIFORNIA,YOLO,06113,16.129474657534246,38.9695,-0.80625,34.1,170.05,617.989975,1.0301927397260273,19.3,51.375,7.45,169667.99066880002,4.324999999999999,58.836595890410955,4.135352876712329,2019,604000.0,3100.6160164271046
480,KANSAS,ANDERSON,20003,12.918714611872147,35.6575,-18.755,2.833333333333333,193.08333333333334,1735.8660833333333,0.511348401826484,0.0,101.91666666666667,20.333333333333332,139195.3975488,7.666666666666667,74.58958904109589,3.869965525114155,2019,4901000.0,43994.614003590665
481,KANSAS,BARTON,20009,12.062379452054795,38.625,-20.133,16.2,211.65,956.8278,0.6572127397260273,1.7,62.85,12.55,149915.9320128,2.6,69.05594520547946,4.644417945205479,2019,4848000.0,32890.09497964722
482,KANSAS,BROWN,20013,11.387244292237444,35.5475,-23.625833333333333,4.166666666666666,209.66666666666666,1364.6406666666667,0.5163755707762557,0.0,91.0,15.25,138316.6929888,7.166666666666667,72.48993150684932,3.7533563926940636,2019,21716000.0,124518.3486238532
483,KANSAS,CHAUTAUQUA,20019,14.185415525114154,35.62916666666667,-14.585833333333333,5.5,185.75,1556.4463333333333,0.6070769406392694,0.0,94.58333333333333,19.333333333333332,140770.2506688,5.416666666666667,71.3639497716895,3.686400684931507,2019,237000.0,2300.970873786408
484,KANSAS,CHEROKEE,20021,14.043086757990867,34.52833333333333,-15.135,0.0,186.08333333333334,2040.3440833333334,0.5102931506849315,0.0,108.58333333333333,21.583333333333332,135374.1919488,7.916666666666666,75.17545662100457,3.354564155251141,2019,7609000.0,57210.52631578947
485,KANSAS,CLARK,20025,13.189781963470319,40.193333333333335,-16.274583333333336,36.916666666666664,209.58333333333334,594.6605,0.8252190639269406,7.875,53.666666666666664,4.833333333333333,160617.1961088,2.0,63.48728310502283,4.0345188356164385,2019,362000.0,2699.4780014914245
486,KANSAS,CLAY,20027,11.878849315068493,36.93875,-21.061875,8.0,209.3125,1122.379125,0.6108578767123287,0.0,84.3125,11.0,145630.84322880002,6.6875,69.60585616438357,3.9442734589041097,2019,7095000.0,49202.49653259362
487,KANSAS,COFFEY,20031,12.691198630136988,34.6925,-18.861666666666668,2.25,194.66666666666666,1621.9470833333332,0.504213698630137,0.0,98.25,18.166666666666668,141107.5519488,7.416666666666666,74.3615296803653,4.030799315068493,2019,2737000.0,23800.0
488,KANSAS,COWLEY,20035,13.789013698630136,36.348333333333336,-15.145000000000001,7.75,189.83333333333334,1461.78775,0.6346955479452054,0.0,87.70833333333333,17.958333333333332,144962.4535488,5.666666666666666,69.97135844748858,4.1371498858447495,2019,2418000.0,23498.542274052477
489,KANSAS,DOUGLAS,20045,12.654945205479454,36.2375,-19.25,4.5,194.875,1568.62775,0.5573232876712328,0.0,94.0,15.5,138579.7133088,8.75,72.10513698630137,3.4958780821917808,2019,2918000.0,23494.363929146537
490,KANSAS,EDWARDS,20047,12.755859360730593,39.556000000000004,-18.288,24.8,208.0,661.1695333333333,0.771179908675799,3.6666666666666665,61.8,6.8,155304.4108608,2.2,64.89992694063928,4.710222283105023,2019,12084000.0,75289.71962616823
491,KANSAS,ELK,20049,13.740034246575343,35.25666666666667,-15.3125,2.6666666666666665,188.75,1721.2511666666667,0.5877123287671232,0.0,94.83333333333333,19.583333333333332,140567.0256288,6.0,71.37824200913242,3.9199949771689497,2019,533000.0,4921.514312096029
492,KANSAS,ELLIS,20051,11.688536529680364,40.22208333333334,-22.3275,17.625,213.83333333333334,1116.7601666666667,0.6777963470319635,3.0,71.5,14.416666666666666,151590.38294880002,4.541666666666667,67.84067351598173,4.476087671232876,2019,1027000.0,15102.941176470587
493,KANSAS,ELLSWORTH,20053,12.170949771689497,39.2,-21.319444444444443,13.166666666666666,208.72222222222223,947.1732222222222,0.6613808219178082,2.722222222222222,66.22222222222223,12.166666666666666,148608.1049088,4.944444444444445,68.77774733637747,4.586994368340943,2019,559000.0,6500.0
494,KANSAS,FINNEY,20055,11.608924842650872,39.32054054054054,-18.068648648648647,30.45945945945946,224.05405405405406,508.11362162162163,0.769187412069604,4.918918918918919,61.513513513513516,4.5675675675675675,161164.44207204325,2.081081081081081,65.16695298037764,4.405718400592373,2019,26149000.0,167729.31366260423
495,KANSAS,FORD,20057,12.525529354207436,39.62464285714286,-18.110357142857143,30.035714285714285,211.25,590.8827142857143,0.802481409001957,6.464285714285714,57.464285714285715,6.178571428571429,159524.32672594287,2.0,63.66756360078278,4.6849705479452055,2019,10397000.0,56200.0
496,KANSAS,FRANKLIN,20059,12.727520547945206,35.8625,-18.8725,3.5,194.91666666666666,1585.7853333333333,0.5156668949771689,0.0,99.33333333333333,19.083333333333332,138491.0071488,7.416666666666667,74.0562100456621,3.6469289954337896,2019,2952000.0,24995.766299745977
497,KANSAS,GRANT,20067,12.083753424657534,39.50416666666667,-16.62,33.166666666666664,222.66666666666666,459.899,0.8271155251141553,7.666666666666667,59.416666666666664,3.75,164799.6516288,2.0,62.837625570776254,4.291919406392695,2019,10827000.0,80200.0
498,KANSAS,GREELEY,20071,10.548760273972603,39.89875,-19.028750000000002,20.1875,237.625,505.837375,0.7678354452054794,8.875,65.5625,3.5625,164002.0649688,2.4375,63.15732876712329,4.439604452054795,2019,6627000.0,67622.44897959183
499,KANSAS,HAMILTON,20075,11.344008767123286,40.0144,-16.9924,28.76,236.28,382.7852,0.8202273972602739,9.12,56.6,2.52,164343.134304,1.76,62.185315068493146,4.213403835616438,2019,3223000.0,32787.38555442523
500,KANSAS,HARVEY,20079,12.952920547945205,37.95,-17.546,11.5,200.0,865.8713,0.6278821917808219,0.0,77.5,9.5,144144.3886848,5.7,70.35194520547945,4.339655342465754,2019,7493000.0,68617.21611721611
501,KANSAS,HASKELL,20081,11.897342465753423,38.285000000000004,-17.085833333333333,25.0,220.83333333333334,612.4785833333333,0.7584917808219177,3.1666666666666665,60.666666666666664,6.916666666666666,161941.4935488,2.0,64.82810502283105,4.370403881278539,2019,19927000.0,111823.79349046016
502,KANSAS,JACKSON,20085,11.974941780821919,37.181875,-21.30625,6.9375,204.1875,1199.0411875,0.601695890410959,0.0,89.125,9.9375,140484.49418880002,6.9375,69.75626712328767,3.7207179794520546,2019,5278000.0,38497.44711889132
503,KANSAS,JEFFERSON,20087,12.366130136986301,36.66416666666667,-20.64,5.916666666666667,199.16666666666666,1341.9168333333334,0.6036696347031963,0.0,92.83333333333333,14.833333333333334,139090.29842880002,7.916666666666667,69.87872146118721,3.578567123287671,2019,5806000.0,40096.68508287292
504,KANSAS,JEWELL,20089,11.151026255707762,38.5075,-22.982916666666668,9.666666666666666,214.20833333333334,1152.10025,0.5940727168949772,2.291666666666667,85.45833333333333,13.375,146338.4246688,4.875,70.42463470319635,4.093984132420091,2019,10301000.0,71783.97212543554
505,KANSAS,KINGMAN,20095,13.445478147423353,38.93190476190476,-14.989523809523808,17.857142857142858,199.38095238095238,988.5924761904762,0.6902215264187868,1.5238095238095237,69.66666666666667,12.428571428571427,150415.17277165715,4.809523809523809,68.27009784735812,4.482466536203523,2019,1517000.0,11203.840472673559
506,KANSAS,LEAVENWORTH,20103,12.302721461187213,35.913333333333334,-21.155833333333334,3.8333333333333335,197.58333333333334,1429.47275,0.5416212328767124,0.0,96.41666666666667,16.083333333333332,136992.8757888,9.0,72.77497716894976,3.240319406392694,2019,1932000.0,15993.377483443708
507,KANSAS,LINCOLN,20105,12.086328767123288,40.00222222222222,-22.830555555555556,13.944444444444445,209.77777777777777,1150.8948333333333,0.6642392694063927,3.7777777777777777,70.94444444444444,14.333333333333334,148577.6234688,5.0,68.70500761035008,4.237268188736682,2019,992000.0,10101.83299389002
508,KANSAS,LYON,20111,12.500069634703195,35.824999999999996,-18.91875,4.083333333333333,198.875,1523.7587083333333,0.5360857305936073,0.0,93.79166666666667,18.166666666666668,142150.9770288,8.458333333333334,72.99213470319634,3.9760336757990866,2019,2317000.0,24110.301768990637
509,KANSAS,MARION,20115,12.629824657534249,37.3752,-18.066399999999998,8.64,200.44,1059.82432,0.6064101917808219,0.0,78.52,12.0,144080.76769920002,6.640000000000001,70.44611506849314,4.348421369863014,2019,6546000.0,65394.6053946054
510,KANSAS,MARSHALL,20117,11.395029680365296,36.17,-21.276666666666667,6.0,212.41666666666666,1209.6809166666667,0.5610174657534247,0.0,90.66666666666667,11.083333333333334,139644.5418288,6.166666666666667,70.54471461187215,3.8738712328767124,2019,18995000.0,135003.5536602701
511,KANSAS,MCPHERSON,20113,12.604131506849315,38.2235,-17.7215,12.75,203.45,819.1665,0.6404515068493151,0.65,69.15,8.15,146614.4178048,6.7,69.883,4.452440547945205,2019,6200000.0,51796.15705931495
512,KANSAS,MIAMI,20121,12.824417808219179,36.1625,-18.2425,3.9166666666666665,195.08333333333334,1703.1964166666667,0.5365189497716896,0.0,99.83333333333333,18.583333333333332,135969.8141088,7.833333333333333,73.19858447488585,3.4306196347031963,2019,2375000.0,18199.233716475097
513,KANSAS,MITCHELL,20123,11.932467275494673,40.23222222222223,-22.74388888888889,15.88888888888889,210.88888888888889,1005.5842222222223,0.6775770167427702,5.166666666666667,71.77777777777777,12.38888888888889,148104.3401088,4.611111111111111,68.50197869101979,4.161871080669711,2019,3975000.0,30000.0
514,KANSAS,MONTGOMERY,20125,14.151303652968036,35.163333333333334,-14.468333333333334,3.083333333333333,184.5,1810.2736666666667,0.5651351598173516,0.0,99.91666666666667,20.416666666666668,137564.7919488,6.25,73.275799086758,3.6208013698630137,2019,2412000.0,21401.9520851819
515,KANSAS,MORRIS,20127,12.231695585996956,36.63388888888889,-18.419444444444444,5.333333333333333,201.27777777777777,1161.2562777777778,0.5819283105022831,0.0,84.77777777777777,11.833333333333334,145884.5642688,7.777777777777778,70.67547945205479,4.229031659056317,2019,2272000.0,22495.049504950493
516,KANSAS,MORTON,20129,12.554960730593606,39.98733333333333,-15.637333333333334,37.4,218.66666666666666,399.6146,0.9059689497716895,12.866666666666667,52.53333333333333,2.5999999999999996,167928.29585280002,2.0,60.12933333333333,4.4755249315068495,2019,6505000.0,49094.339622641506
517,KANSAS,NEOSHO,20133,13.650404109589042,35.04416666666666,-15.935,1.1666666666666667,186.08333333333334,2025.43375,0.5153691780821917,0.0,108.91666666666667,20.75,137026.7791488,5.916666666666667,74.8256392694064,3.6796940639269407,2019,3258000.0,29510.86956521739
518,KANSAS,NESS,20135,11.82568590998043,40.70392857142857,-20.55392857142857,34.857142857142854,219.35714285714286,643.3625714285714,0.7691489236790607,7.464285714285714,60.785714285714285,7.142857142857142,157906.76042880001,4.0,65.68559686888455,4.553188649706458,2019,2586000.0,30495.283018867925
519,KANSAS,OSAGE,20139,12.64147089041096,36.249375,-18.323125,4.375,196.75,1414.089625,0.5687626712328767,0.0,95.5625,15.0625,141556.77272880002,8.875,71.76176369863013,3.930203424657534,2019,3456000.0,29896.1937716263
520,KANSAS,POTTAWATOMIE,20149,11.769659056316591,37.25037037037037,-19.905185185185182,6.407407407407407,208.0,1129.7001851851853,0.5720535768645357,0.0,91.96296296296296,10.074074074074074,141132.12202880002,7.888888888888889,70.8601420598681,3.6885658041603246,2019,5135000.0,34789.972899729
521,KANSAS,RAWLINS,20153,10.431455968688846,39.5575,-22.681071428571425,21.964285714285715,236.03571428571428,595.6514285714286,0.7295172211350294,5.428571428571429,61.142857142857146,5.428571428571429,161044.47085165716,2.892857142857143,64.40063600782779,4.411872896281801,2019,16282000.0,132266.4500406174
522,KANSAS,RENO,20155,13.131918664383562,38.881875,-16.076249999999998,19.125,201.15625,790.77965625,0.6918981164383562,2.0625,68.25,9.0625,148734.3692988,5.21875,68.61076198630137,4.529116952054795,2019,6300000.0,45784.88372093024
523,KANSAS,RILEY,20161,11.891663760896638,37.356818181818184,-20.237727272727273,6.818181818181818,205.9090909090909,1073.6241818181818,0.6064004981320049,0.0,88.45454545454545,10.181818181818182,142791.64634880002,7.818181818181818,69.74850560398505,3.784751432129514,2019,2884000.0,19499.66193373901
524,KANSAS,ROOKS,20163,11.695705479452055,40.377500000000005,-22.137916666666666,20.958333333333332,213.58333333333334,928.858875,0.722813698630137,6.875,72.16666666666667,11.208333333333334,150725.1420288,4.791666666666667,66.78070776255707,4.3789426940639276,2019,2532000.0,30616.686819830713
525,KANSAS,SCOTT,20171,10.91202910958904,38.96375,-20.23375,24.25,229.6875,539.571625,0.7360109589041096,4.0,65.9375,3.6875,162472.74986880002,2.625,65.85061643835616,4.445894520547945,2019,13389000.0,125836.46616541353
526,KANSAS,SEDGWICK,20173,13.312844241501775,37.96407407407407,-15.611851851851851,13.444444444444445,198.11111111111111,1026.1102222222223,0.6216264840182648,0.2962962962962963,81.66666666666667,13.185185185185185,146485.0487488,6.0,71.09121258244545,4.14866463723998,2019,7076000.0,57481.7221770918
527,KANSAS,SHAWNEE,20177,12.49129497716895,37.148,-19.329333333333334,6.666666666666667,199.66666666666666,1353.5612,0.6085371689497716,0.0,90.2,15.266666666666666,141454.54500480002,8.533333333333333,70.16310502283105,3.6154339726027396,2019,4886000.0,32902.3569023569
528,KANSAS,SHERMAN,20181,10.123881604696674,39.222142857142856,-21.499285714285715,15.642857142857142,241.46428571428572,650.7803571428572,0.713502446183953,3.857142857142857,70.35714285714286,5.0,155646.6246802286,2.321428571428571,63.995821917808215,4.5202648727984345,2019,28958000.0,219545.1099317665
529,KANSAS,SMITH,20183,11.320496575342466,39.49208333333333,-23.372083333333332,18.041666666666668,214.0,841.81875,0.6831417808219178,4.833333333333333,73.41666666666667,9.0,148800.0974688,5.166666666666667,67.8082191780822,4.1860003424657535,2019,12997000.0,89572.70847691248
530,KANSAS,STANTON,20187,11.998056621004567,40.129333333333335,-15.774,29.6,225.66666666666666,427.8774,0.8530834703196347,9.266666666666667,58.0,3.2666666666666666,166356.15281280002,2.2,61.52392694063927,4.29153899543379,2019,12666000.0,106526.49285113541
531,KANSAS,SUMNER,20191,13.831160469667319,38.473571428571425,-14.426785714285714,19.82142857142857,193.92857142857142,1305.7562142857143,0.6483988258317026,0.8571428571428571,82.64285714285714,15.857142857142858,146951.2089545143,5.892857142857142,71.1283072407045,4.112313894324853,2019,4333000.0,46591.397849462366
532,KANSAS,WABAUNSEE,20197,12.195658255227109,37.08736842105263,-18.876842105263158,6.2631578947368425,202.42105263157896,1064.6276842105262,0.5996944484498918,0.0,87.15789473684211,10.526315789473683,144068.00239932633,7.947368421052632,70.32790194664744,3.9234510454217735,2019,2852000.0,25396.26001780944
533,KANSAS,WICHITA,20203,10.678123287671232,38.926874999999995,-19.890625,20.0625,235.8125,544.4035,0.7304296232876712,4.5,68.3125,3.6875,163048.9385088,3.125,65.16056506849316,4.452186643835616,2019,12767000.0,103292.88025889968
534,KANSAS,WILSON,20205,13.802794520547945,35.357499999999995,-15.512500000000001,2.1666666666666665,185.83333333333334,1777.719,0.5585664383561644,0.0,99.08333333333333,20.75,138726.54722880002,5.75,73.29707762557078,3.7692842465753422,2019,4910000.0,40713.10116086236
535,NORTH DAKOTA,BILLINGS,38007,4.400247277836319,33.5223076923077,-33.48282051282051,0.1794871794871795,281.8205128205128,400.39143589743594,0.4358715841236389,0.0,53.794871794871796,2.8461538461538463,132894.21697033846,6.051282051282051,70.79719704952582,4.212491113452757,2019,150000.0,1580.6111696522655
536,NORTH DAKOTA,BURLEIGH,38015,3.7217152345371525,32.20727272727272,-36.98015151515152,0.0,268.0,699.0281818181818,0.3551953922789539,0.0,84.53030303030303,4.333333333333334,126924.56348334547,5.363636363636363,74.80504773765047,4.101181195516812,2019,9619000.0,78394.45802770986
537,NORTH DAKOTA,CASS,38017,4.204138356164384,34.57483333333333,-36.115,0.5666666666666668,256.28333333333336,865.4773,0.36831739726027396,0.6000000000000001,88.8,5.75,121687.02103680001,9.566666666666666,74.69940182648402,4.211615525114155,2019,41730000.0,280443.54838709673
538,NORTH DAKOTA,CAVALIER,38019,2.4227522831050226,33.51145833333333,-37.672291666666666,0.20833333333333334,278.375,652.7751041666667,0.33200359589041095,0.0,77.6875,3.833333333333333,123987.2636088,7.9375,75.66101027397261,4.456808561643835,2019,300000.0,2700.2700270027003
539,NORTH DAKOTA,FOSTER,38031,3.6207397260273972,34.578125,-36.980625,0.5,264.4375,900.8844375,0.35690393835616435,0.375,89.5625,7.6875,124058.12294880001,9.875,75.68703767123287,4.514714726027398,2019,8835000.0,65396.0029607698
540,NORTH DAKOTA,GRAND FORKS,38035,3.455975825946817,34.77549019607843,-36.23529411764706,0.6862745098039216,266.3333333333333,854.281705882353,0.37672215954875105,0.21568627450980393,94.07843137254902,6.549019607843137,121233.7693135059,9.529411764705882,74.22517324738115,4.252258340048348,2019,18580000.0,125710.4194857916
541,NORTH DAKOTA,HETTINGER,38041,4.079487671232877,32.77375,-34.523,0.0,282.175,610.995675,0.39268794520547945,0.0,71.9,4.3,129424.4656128,6.5,72.58826712328766,4.319495616438356,2019,2602000.0,28815.060908084164
542,NORTH DAKOTA,KIDDER,38043,3.574809057869723,32.39795918367347,-37.78530612244898,0.04081632653061224,269.48979591836735,772.5637142857142,0.3367305004193458,0.0,91.42857142857143,4.326530612244898,126738.7149300245,6.326530612244898,76.07925076880066,4.290060106234274,2019,4448000.0,33799.39209726444
543,NORTH DAKOTA,LAMOURE,38045,4.282439186384392,32.89333333333333,-35.90909090909091,0.0,261.24242424242425,749.007393939394,0.3178994603569946,0.0,85.0909090909091,5.909090909090909,124202.12933061819,7.666666666666666,77.57198837691988,4.502630801162308,2019,17581000.0,124599.57476966691
544,NORTH DAKOTA,MCKENZIE,38053,4.2614246575342465,33.76653543307087,-36.927322834645665,0.07086614173228346,277.9133858267717,528.2643937007874,0.4197132779635422,0.0,54.20472440944882,4.850393700787401,131635.328564863,5.503937007874016,71.39051882213353,4.007113256390896,2019,348000.0,3598.7590486039294
545,NORTH DAKOTA,MCLEAN,38055,3.289363992172211,29.913775510204083,-36.11969387755102,0.0,280.09183673469386,637.2806224489796,0.36687112105116015,0.0,79.13265306122449,4.469387755102041,126532.07830961634,6.826530612244897,73.37198769918926,4.165971903830025,2019,9453000.0,73279.06976744186
546,NORTH DAKOTA,MOUNTRAIL,38061,3.033931675968206,31.16061728395062,-37.26246913580247,0.0,283.38271604938274,640.863938271605,0.36078985286656523,0.0,68.45679012345678,6.308641975308642,127905.70752213334,6.419753086419753,73.74300016911889,4.170516624386944,2019,325000.0,3000.9233610341644
547,NORTH DAKOTA,RICHLAND,38077,4.4772800608828005,34.47037037037037,-35.870925925925924,0.3888888888888889,254.66666666666666,733.6320370370371,0.3683224759005581,0.2962962962962963,79.61111111111111,6.12962962962963,125606.7119488,7.277777777777778,74.9206443429731,4.103862100456621,2019,41081000.0,268503.2679738562
548,NORTH DAKOTA,ROLETTE,38079,2.0373082191780822,32.78857142857143,-38.16464285714285,0.0,279.7857142857143,585.4021785714285,0.3406444227005871,0.0,72.25,3.892857142857143,125155.19481737143,6.178571428571429,74.27864970645793,4.074715362035225,2019,940000.0,10096.670247046188
549,NORTH DAKOTA,SARGENT,38081,4.395643835616439,33.32041666666667,-35.711666666666666,0.0,254.95833333333334,749.7807916666667,0.32333173515981734,0.0,80.625,5.791666666666667,125298.2880288,5.875,77.40061643835617,4.22634200913242,2019,17064000.0,109174.6641074856
550,NORTH DAKOTA,SHERIDAN,38083,3.3800884540117417,32.06142857142857,-35.85,0.0,268.14285714285717,780.0284571428571,0.35885698630136986,0.0,84.34285714285714,5.114285714285714,126512.75389165715,6.657142857142857,74.63981213307241,4.429818082191781,2019,2228000.0,21098.484848484848
551,NORTH DAKOTA,SLOPE,38087,4.684535300316122,33.46974358974359,-32.358717948717945,0.1282051282051282,280.7435897435897,403.39202564102567,0.4431124692658939,0.0,59.43589743589744,2.1794871794871793,133091.1546934154,5.256410256410256,70.39585528626624,4.3151826484018265,2019,1145000.0,13598.574821852731
552,NORTH DAKOTA,STEELE,38091,3.974923287671233,35.088,-35.391000000000005,1.0,259.0,780.18825,0.3967015068493151,0.65,90.4,5.55,124394.7479328,10.0,73.50604109589041,4.5384687671232875,2019,11465000.0,82600.86455331411
553,NORTH DAKOTA,STUTSMAN,38093,3.8856268754076972,33.09321428571428,-36.17857142857143,0.09523809523809523,264.9404761904762,829.9950119047619,0.342687116764514,0.011904761904761904,90.9047619047619,5.666666666666667,123662.17823451429,9.476190476190476,76.14342139595564,4.516014383561644,2019,26559000.0,208469.38775510204
554,NORTH DAKOTA,TRAILL,38097,3.9896682974559683,35.566071428571426,-35.71107142857143,1.2142857142857142,258.2857142857143,846.3186785714286,0.38864295499021523,0.6785714285714286,90.82142857142857,5.178571428571429,122673.93338880001,9.214285714285714,73.81804305283757,4.256738943248532,2019,14306000.0,105268.57983811626
555,NORTH DAKOTA,WARD,38101,3.3082200618647812,31.944193548387098,-34.72870967741935,0.0,273.6989247311828,700.4395161290323,0.3915162763293563,0.0,76.70967741935483,6.064516129032258,125889.22972428388,8.311827956989248,72.44911474443953,4.379274473412874,2019,3316000.0,35887.44588744589
556,SOUTH DAKOTA,AURORA,46003,7.2756493150684936,36.703,-27.578500000000002,1.45,232.6,1069.2871,0.43134671232876715,0.0,84.65,12.9,128931.08100480001,6.3,73.5938493150685,4.088944931506849,2019,7701000.0,57902.25563909775
557,SOUTH DAKOTA,BON HOMME,46009,7.906608219178081,36.3615,-30.056,3.05,229.6,929.21705,0.46949205479452055,0.05,87.95,9.85,129691.9163808,6.1,72.4916301369863,3.7555342465753423,2019,6792000.0,42609.78670012547
558,SOUTH DAKOTA,BROWN,46013,4.935277397260274,33.24,-36.33714285714286,0.03571428571428571,250.83928571428572,759.7419285714286,0.36095890410958903,0.0,84.78571428571429,5.321428571428571,128261.50269737144,6.339285714285714,76.2759784735812,4.129561545988259,2019,45078000.0,276552.1472392638
559,SOUTH DAKOTA,BRULE,46015,7.807065331928346,37.795,-26.22307692307692,2.576923076923077,235.73076923076923,970.7225384615384,0.45862486828240256,0.0,81.38461538461539,9.423076923076923,128838.98113033846,5.846153846153846,72.95425711275026,4.016082718651212,2019,9379000.0,64020.47781569966
560,SOUTH DAKOTA,BUFFALO,46017,7.080495107632094,37.95214285714286,-29.97142857142857,2.142857142857143,236.5,922.1330714285715,0.4295896281800391,0.0,80.07142857142857,8.642857142857142,128891.67297737143,4.928571428571429,73.8874168297456,4.051922504892367,2019,3142000.0,23695.324283559577
561,SOUTH DAKOTA,CHARLES MIX,46023,7.856970156555773,36.62464285714286,-28.171071428571427,2.4642857142857144,232.42857142857142,947.863625,0.47526448140900196,0.0,84.41071428571429,9.982142857142858,133131.09494880002,6.375,71.7420107632094,3.762039530332681,2019,11430000.0,77386.59444820583
562,SOUTH DAKOTA,DEUEL,46039,5.25872602739726,33.45,-34.284375,0.0,244.8125,903.4569375,0.35715753424657537,0.0,92.625,10.0,126699.83318880001,6.9375,75.51239726027397,4.228850856164383,2019,9125000.0,63811.18881118881
563,SOUTH DAKOTA,DOUGLAS,46043,7.235576587795766,36.549090909090914,-31.375454545454545,1.1818181818181819,236.1818181818182,1043.2624545454546,0.42618032378580323,0.0,89.45454545454545,11.363636363636363,130737.94818152727,6.545454545454546,74.07235367372354,3.9415240348692406,2019,4186000.0,28302.907369844488
564,SOUTH DAKOTA,EDMUNDS,46045,4.933939393939394,33.377575757575755,-34.50636363636364,0.030303030303030304,254.6060606060606,824.6702424242425,0.3580465753424658,0.0,90.21212121212122,6.606060606060606,129588.77346152728,5.0606060606060606,75.64341220423412,4.255104192611042,2019,18394000.0,138927.49244712992
565,SOUTH DAKOTA,GRANT,46051,5.17441095890411,33.00857142857143,-34.96095238095238,0.0,244.38095238095238,845.8066666666667,0.37561448140900194,0.0,86.19047619047619,7.476190476190476,127473.0084288,7.857142857142858,74.23919112850619,4.068452707110241,2019,12067000.0,83106.06060606061
566,SOUTH DAKOTA,HAND,46059,5.865884540117417,35.739999999999995,-33.16595238095238,1.1428571428571428,243.78571428571428,984.0375952380953,0.35710711024135683,0.0,91.30952380952381,10.5,131083.8273545143,3.761904761904762,75.8982257012394,4.1074255055446836,2019,14625000.0,103576.48725212466
567,SOUTH DAKOTA,JERAULD,46073,6.604335616438356,36.22416666666667,-30.215833333333336,1.4166666666666667,234.33333333333334,1026.8965833333334,0.4032431506849315,0.0,87.5,10.833333333333334,129230.9107488,4.833333333333333,74.207899543379,4.107311187214612,2019,5025000.0,35512.36749116608
568,SOUTH DAKOTA,LAKE,46079,6.004001826484019,34.038,-34.76466666666667,0.13333333333333333,238.93333333333334,975.5910666666666,0.35671543378995435,0.0,95.46666666666667,9.133333333333333,126835.75946880001,5.933333333333334,76.6333698630137,4.313705205479453,2019,9898000.0,68498.26989619377
569,SOUTH DAKOTA,LINCOLN,46083,7.446586301369862,35.092,-30.040499999999998,0.8,232.4,901.40505,0.4160446575342466,0.0,91.8,7.1000000000000005,126621.55111680001,6.25,74.80838356164384,3.9958663013698628,2019,14414000.0,88592.50153657039
570,SOUTH DAKOTA,LYMAN,46085,7.689530773683195,38.401408450704224,-25.64154929577465,2.183098591549296,236.29577464788733,866.3742112676057,0.4865529230175574,0.0,80.83098591549296,8.985915492957746,131468.6675747155,4.183098591549296,71.35018715029905,4.133361759598689,2019,5568000.0,42797.8478093774
571,SOUTH DAKOTA,MCCOOK,46087,6.854312785388128,35.10333333333333,-32.9925,0.75,234.0,932.539,0.3980666666666666,0.0,90.75,8.666666666666666,127772.6479488,5.916666666666667,75.0959589041096,4.2374835616438356,2019,4494000.0,35000.0
572,SOUTH DAKOTA,MCPHERSON,46089,4.489981735159817,32.41030303030303,-35.79,0.0,259.75757575757575,754.7774848484848,0.3469120797011208,0.0,82.12121212121212,4.606060606060606,128945.74381789092,6.333333333333333,75.79884599418847,4.337122540473225,2019,10192000.0,69808.21917808219
573,SOUTH DAKOTA,MINNEHAHA,46099,6.651204174820614,34.755714285714284,-33.695238095238096,0.42857142857142855,235.95238095238096,870.4516666666667,0.37656699282452705,0.0,90.85714285714286,5.714285714285714,127788.05204022858,7.142857142857142,76.3901630789302,4.054348336594912,2019,17904000.0,111900.0
574,SOUTH DAKOTA,SPINK,46115,5.597949200913242,34.46854166666667,-36.279375,0.22916666666666666,243.97916666666666,938.2430625,0.38050216894977174,0.0,91.29166666666667,9.104166666666666,129145.6596888,5.041666666666667,75.2376198630137,4.094978082191781,2019,28454000.0,187444.00527009222
575,SOUTH DAKOTA,TRIPP,46123,7.857768101761252,38.166428571428575,-25.419642857142858,2.3214285714285716,240.28571428571428,1009.2809107142857,0.49748307240704503,0.0,89.75,9.589285714285714,133669.76346308572,5.071428571428571,70.79818493150685,4.206093346379648,2019,8269000.0,69898.56297548606
576,SOUTH DAKOTA,TURNER,46125,7.409433219178082,35.2125,-31.1475,1.0,232.25,892.47975,0.42450821917808224,0.0,90.25,8.6875,127899.4323888,6.5625,74.12058219178083,4.018803253424657,2019,11483000.0,71813.63352095059
577,SOUTH DAKOTA,UNION,46127,8.07399677679291,36.663529411764706,-27.585882352941177,2.764705882352941,230.94117647058823,841.9371176470588,0.42432264302981465,0.0,87.76470588235294,6.294117647058823,127778.01364291765,5.529411764705882,75.02336825141015,3.8985308622078967,2019,15157000.0,85391.54929577465
578,SOUTH DAKOTA,YANKTON,46135,7.896835616438356,36.15,-30.295,3.25,230.41666666666666,888.4558333333333,0.4511278538812785,0.0,84.66666666666667,8.916666666666666,128130.3259488,5.833333333333333,73.36675799086757,3.835760502283105,2019,10109000.0,59887.44075829384
579,SOUTH DAKOTA,ZIEBACH,46137,5.695463152418936,33.44594936708861,-31.39177215189873,0.34177215189873417,257.0506329113924,820.8342151898735,0.42985763828680423,0.0,93.31645569620254,5.4303797468354436,133488.34244804052,4.708860759493671,72.00791746141842,4.131092907924398,2019,1684000.0,17396.69421487603
580,TEXAS,AUSTIN,48015,20.784993150684933,38.50083333333333,-2.15625,50.208333333333336,103.125,1126.7757083333333,0.823900799086758,0.0,103.25,10.708333333333334,152913.88586880002,3.833333333333333,72.96220319634703,4.659286757990868,2019,522000.0,4100.549882168107
581,TEXAS,BEE,48025,22.274624834290766,38.47774193548387,-2.012258064516129,81.6774193548387,76.64516129032258,715.2652258064517,0.9522129916040654,0.3870967741935484,91.2258064516129,5.903225806451613,155569.94143525162,4.548387096774194,70.49628811312417,5.417173398144056,2019,1310000.0,15005.727376861398
582,TEXAS,BELL,48027,19.65352022937241,38.10418604651163,-6.025116279069767,56.18604651162791,124.48837209302326,910.6646744186047,0.9290757566103856,1.6744186046511629,76.93023255813954,9.13953488372093,154826.34263531162,4.534883720930233,68.45487097801848,3.5421521503663587,2019,7300000.0,68998.10964083175
583,TEXAS,BEXAR,48029,20.570622309197653,38.83833333333333,-3.2338095238095237,66.14285714285714,100.5952380952381,803.1234285714286,0.9696852576647097,0.14285714285714285,98.71428571428571,6.595238095238095,155390.45752594285,3.4761904761904763,67.75679712981083,2.9837227658186563,2019,850000.0,8300.78125
584,TEXAS,BURLESON,48051,20.168092465753425,38.28333333333333,-2.6704166666666667,50.875,112.20833333333333,862.346125,0.8054162100456621,0.0,87.91666666666667,8.875,152340.1315488,5.5,73.50356164383561,4.071745091324201,2019,620000.0,7496.977025392986
585,TEXAS,CALDWELL,48055,20.466128767123287,38.777,-2.7235,60.05,103.7,840.4099,0.8319673972602739,0.0,101.85,7.7,152899.6143168,4.45,72.67846575342466,3.469305753424657,2019,860000.0,7597.173144876325
586,TEXAS,CALHOUN,48057,22.09172174657534,34.81375,0.6381249999999999,8.6875,51.5625,1107.900375,0.6073285102739726,0.0,100.25,8.1875,153880.5088188,3.9375,79.80032534246575,6.900275256849315,2019,1940000.0,17002.629272567923
587,TEXAS,CAMERON,48061,23.540238621299164,36.55870967741935,2.73,38.58064516129032,36.774193548387096,638.9583870967742,0.7311898365002208,0.0,83.74193548387096,5.161290322580645,157126.4092855742,3.6451612903225805,78.57764030048608,7.462849668581529,2019,2820000.0,34987.59305210919
588,TEXAS,CARSON,48065,14.550657534246575,39.08,-13.8345,37.15,193.6,422.22835000000003,1.0436630136986302,21.35,50.45,3.3,170162.1083808,1.8,55.60843835616439,5.020994383561644,2019,8510000.0,47997.74393683023
589,TEXAS,COLEMAN,48083,18.344449315068495,40.20285714285714,-7.364285714285714,49.628571428571426,143.34285714285716,555.6233428571429,1.0982891585127201,13.657142857142857,46.31428571428572,6.257142857142857,168779.82125622858,2.0,60.43798825831703,3.518565636007828,2019,177000.0,2800.632911392405
590,TEXAS,COLLIN,48085,18.290087671232875,37.278499999999994,-6.725,28.75,135.35,951.21015,0.8384965753424657,0.35000000000000003,75.35,10.75,154517.00287680002,6.7,68.38154794520548,3.584412602739726,2019,1040000.0,11504.424778761062
591,TEXAS,COLORADO,48089,20.76670998043053,38.508,-1.6354285714285715,50.8,101.6,1056.2264,0.8068203522504892,0.0,105.71428571428571,8.857142857142858,151619.54326765714,4.314285714285714,73.64100195694716,4.808900352250489,2019,1245000.0,8700.209643605871
592,TEXAS,CONCHO,48095,18.812805479452056,39.7896,-6.9084,53.72,135.44,395.47388,1.171197808219178,18.48,42.6,3.6799999999999997,173870.968608,2.2,58.5658301369863,3.742837479452055,2019,140000.0,1199.6572407883461
593,TEXAS,COOKE,48097,17.31303082191781,37.24458333333333,-7.8758333333333335,21.333333333333332,153.0,1212.9250416666666,0.7754316210045662,0.0,77.58333333333333,13.666666666666666,153709.4343888,7.291666666666667,69.33542237442921,3.124961187214612,2019,320000.0,2700.42194092827
594,TEXAS,DEAF SMITH,48117,14.173184170471842,38.655,-12.871944444444445,32.80555555555556,205.33333333333334,446.33975,1.062255403348554,19.52777777777778,51.138888888888886,3.194444444444444,176247.8153088,2.138888888888889,54.208485540334856,4.755326255707763,2019,6450000.0,38008.249852681205
595,TEXAS,ELLIS,48139,18.890849315068493,37.797000000000004,-6.5649999999999995,41.06666666666666,131.66666666666666,887.2404,0.8625187214611872,0.16666666666666666,72.5,11.133333333333333,153792.4123008,5.1,68.87409132420092,3.82267899543379,2019,3970000.0,49012.345679012345
596,TEXAS,FANNIN,48147,17.821794520547947,37.544999999999995,-7.69625,33.833333333333336,145.83333333333334,931.9215833333334,0.7918660958904109,0.12499999999999999,77.20833333333333,10.583333333333334,152529.21470880002,7.291666666666667,70.43656392694064,3.4989797945205483,2019,1510000.0,17004.504504504504
597,TEXAS,FAYETTE,48149,20.7050900788709,39.10515151515152,-2.5575757575757576,61.87878787878788,102.66666666666667,920.8968484848485,0.8499142382731424,0.0,105.27272727272728,8.606060606060606,151607.63228334548,4.7272727272727275,72.5583395599834,3.907636695724367,2019,895000.0,8203.483043079745
598,TEXAS,FLOYD,48153,15.445787397260275,40.53,-12.3804,32.84,183.96,445.601,1.0640619178082193,19.48,42.4,4.12,173656.4419008,1.8000000000000003,55.43568219178083,4.597549808219178,2019,4050000.0,31010.71975497703
599,TEXAS,GONZALES,48177,20.97297801847722,39.311627906976746,-2.605813953488372,69.34883720930233,95.18604651162791,811.744,0.8645870022300095,0.0,101.97674418604652,6.372093023255814,154340.3609199628,4.441860465116279,72.4359477540618,4.079133673144313,2019,600000.0,5102.040816326531
600,TEXAS,GRAY,48179,14.472924657534247,38.8555,-13.7715,33.6,194.1,468.11425,0.9722046575342466,16.3,51.15,3.55,167460.99900480002,2.3,57.94534246575342,4.719054109589042,2019,1340000.0,9496.810772501773
601,TEXAS,GRAYSON,48181,17.269283520132834,36.195151515151515,-7.503030303030303,28.545454545454547,147.8181818181818,1009.3766363636364,0.7728090493980905,0.0,77.33333333333333,12.787878787878787,155079.07222516363,6.666666666666667,69.78987131589872,3.308498962224989,2019,1600000.0,14995.313964386129
602,TEXAS,GUADALUPE,48187,20.565521526418785,38.792142857142856,-3.064285714285714,60.392857142857146,101.03571428571429,809.4503928571429,0.8820396281800391,0.0,102.17857142857143,7.071428571428571,153713.36636022857,4.428571428571429,70.73190802348337,3.3291512720156557,2019,2200000.0,22988.505747126437
603,TEXAS,HANSFORD,48195,13.897190410958904,39.745999999999995,-14.362,41.15,205.0,478.54235,1.0112430136986301,22.75,53.45,3.9,169278.7992768,2.2,56.597808219178084,4.75840397260274,2019,13500000.0,74013.15789473684
604,TEXAS,HARTLEY,48205,13.348281582952815,40.35166666666667,-14.542222222222222,37.72222222222222,216.97222222222223,391.1086111111111,1.011320700152207,21.055555555555557,49.861111111111114,2.111111111111111,175729.3910688,2.2777777777777777,55.320525114155245,4.359182496194825,2019,19250000.0,89995.32491818606
605,TEXAS,HAYS,48209,19.945569471624268,37.95964285714286,-3.296071428571429,46.5,108.78571428571429,751.6601428571429,0.8897858121330723,0.0,94.39285714285714,7.107142857142857,152779.09600594288,4.107142857142858,69.22543052837574,3.1766363992172213,2019,420000.0,4000.0
606,TEXAS,HIDALGO,48215,23.732286656519534,40.580925925925925,0.4198148148148148,99.22222222222223,47.61111111111111,706.1154814814815,1.0451660578386606,0.14814814814814814,66.48148148148148,5.37037037037037,161125.6157888,2.9814814814814814,71.04535261288686,6.098908726534754,2019,5000000.0,45004.50045004501
607,TEXAS,HILL,48217,18.883236790606656,37.85028571428571,-5.564857142857143,50.57142857142857,131.0,817.3766285714286,0.8551081017612524,1.542857142857143,71.0,10.17142857142857,154862.04467108572,4.628571428571428,70.03876320939334,3.7252224657534247,2019,8400000.0,77994.42896935933
608,TEXAS,HOCKLEY,48219,15.615939726027397,41.608,-10.3555,38.1,190.35,330.4049,1.1556030136986302,27.25,35.55,2.25,180507.5700768,2.75,52.5147397260274,4.402261232876713,2019,2000000.0,26990.553306342783
609,TEXAS,HUNT,48231,18.1293299086758,37.512499999999996,-6.0183333333333335,23.0,139.08333333333334,1135.20325,0.7308115296803653,0.0,81.625,13.791666666666666,151484.5861488,6.0,72.59617579908677,3.5773476027397257,2019,400000.0,4499.437570303712
610,TEXAS,HUTCHINSON,48233,14.509032876712327,40.172,-13.305000000000001,46.8,198.75,443.1469,1.0556991780821918,25.95,52.8,2.95,168556.3911648,2.4,56.11763013698631,4.440195753424658,2019,5000000.0,27995.520716685332
611,TEXAS,JACKSON,48239,21.507930528375734,38.09464285714286,-2.371785714285714,42.035714285714285,83.60714285714286,940.8135,0.7710935420743641,0.0,103.28571428571429,7.607142857142857,153700.5479945143,4.035714285714286,75.51179060665362,6.1079181017612525,2019,5530000.0,50000.0
612,TEXAS,JOHNSON,48251,18.517852919971162,38.22526315789474,-6.084210526315789,46.473684210526315,135.47368421052633,765.6867368421052,0.8818128334534968,1.4736842105263157,63.526315789473685,10.894736842105262,158209.5492288,4.842105263157895,68.13577505407353,3.523755875991348,2019,1360000.0,17000.0
613,TEXAS,LAMAR,48277,17.56863780821918,37.2416,-7.3072,25.48,144.68,1236.93756,0.742965698630137,0.0,84.52,14.88,147259.5609024,7.88,71.48527123287671,3.434295890410959,2019,2435000.0,22993.389990557127
614,TEXAS,LAMB,48279,14.55950794520548,39.2196,-11.556400000000002,29.8,201.76,488.81108,1.0083055342465754,14.68,43.96,3.88,178370.6035392,2.3200000000000003,56.46254246575343,4.282665972602739,2019,6620000.0,52003.142183817756
615,TEXAS,LEE,48287,20.210439409905163,38.82923076923077,-2.563846153846154,56.88461538461539,110.76923076923077,853.028,0.820327186512118,0.0,90.65384615384616,8.576923076923077,153752.26461341538,4.884615384615385,73.2204636459431,3.6728356164383564,2019,40000.0,310.07751937984494
616,TEXAS,LIMESTONE,48293,18.95199169779992,37.9030303030303,-5.9790909090909095,34.24242424242424,125.93939393939394,1046.1057575757575,0.7424141137401411,0.0,85.18181818181819,12.818181818181818,152342.21581789092,4.606060606060606,73.53585720215857,3.776777833125778,2019,1190000.0,11497.584541062803
617,TEXAS,LYNN,48305,16.454798630136988,42.953500000000005,-9.2075,43.05,181.8,332.6496,1.1820553424657534,30.9,34.8,3.0,179485.8339168,2.85,53.75490410958904,4.303541917808219,2019,1030000.0,7996.894409937888
618,TEXAS,MATAGORDA,48321,21.661557428872495,35.27442307692308,-0.028653846153846165,9.538461538461538,67.23076923076923,1264.6412307692308,0.6209319283456269,0.0,105.46153846153847,12.115384615384615,150190.83883495384,3.4038461538461537,79.1008746048472,6.576272339304531,2019,1200000.0,11505.273250239694
619,TEXAS,MCLENNAN,48309,19.245600400935515,37.993170731707316,-5.974878048780488,53.926829268292686,128.41463414634146,939.2479268292683,0.8644934179752756,0.6585365853658537,76.85365853658537,10.341463414634147,154263.01154294636,4.341463414634147,70.25855663214166,3.7747816906114267,2019,5250000.0,50000.0
620,TEXAS,MEDINA,48325,20.55547488584475,39.02416666666667,-3.306111111111111,74.0,102.94444444444444,660.9339444444445,1.0428119482496194,1.2777777777777777,92.94444444444444,4.111111111111111,155624.84906880002,2.7222222222222223,65.53661339421613,2.9823147640791476,2019,3240000.0,22995.031937544358
621,TEXAS,MILAM,48331,19.802583273251624,38.13263157894737,-4.161578947368421,54.18421052631579,117.55263157894737,888.0952105263158,0.8191733237202595,0.07894736842105263,80.76315789473684,9.210526315789474,151960.09216774738,4.0,72.73600576784428,3.8336279019466475,2019,3015000.0,32986.87089715536
622,TEXAS,MOORE,48341,13.73224794520548,39.9245,-13.684999999999999,37.6,208.75,511.44105,0.9933661643835616,19.5,53.25,4.25,171905.62582080002,2.0,56.45119178082192,4.484100410958904,2019,12500000.0,65002.60010400416
623,TEXAS,NAVARRO,48349,18.866627253064166,37.40657894736842,-5.518684210526316,35.18421052631579,129.6315789473684,929.9343684210527,0.7864443403028119,0.05263157894736842,80.02631578947368,10.947368421052632,153671.0174814316,5.5,71.79475126171593,4.033965320836337,2019,1715000.0,15004.374453193352
624,TEXAS,NUECES,48355,22.670509132420094,37.887499999999996,0.08875,48.875,61.625,649.1841666666667,0.8092439497716895,0.041666666666666664,86.91666666666667,5.375,157891.6929888,3.875,75.0826712328767,6.637051712328767,2019,3398000.0,34014.014014014014
625,TEXAS,OCHILTREE,48357,13.978146575342466,39.763999999999996,-15.818999999999999,39.25,199.05,422.0698,0.9732901369863014,16.65,53.8,2.4499999999999997,166629.47244480002,2.3,58.30712328767123,4.655465205479452,2019,9010000.0,47000.521648408976
626,TEXAS,RANDALL,48381,14.414675342465753,38.667,-12.895,37.25,200.7,473.99545,1.0389583561643836,22.35,50.35,4.1000000000000005,174344.1487488,1.75,55.93054794520548,4.707726164383562,2019,460000.0,2600.3391746749576
627,TEXAS,SHERMAN,48421,13.501069863013697,40.083999999999996,-14.5275,37.95,211.4,414.4583,1.009111095890411,18.3,50.3,3.4,171123.41594880002,2.0,55.763164383561644,4.763569041095891,2019,20875000.0,105005.03018108652
628,TEXAS,SWISHER,48437,14.555276712328768,38.602999999999994,-12.9625,30.3,198.55,529.4075,0.9971715068493151,16.1,46.5,5.2,173523.9099168,2.1,57.04030136986301,4.537389452054795,2019,1250000.0,11003.521126760565
629,TEXAS,TOM GREEN,48451,18.609038859379368,40.6965306122449,-7.589183673469388,55.93877551020408,144.20408163265307,410.7147755102041,1.2063743360357841,22.897959183673468,40.734693877551024,4.653061224489796,176832.08391614695,1.4489795918367347,57.042163824433885,3.79799843444227,2019,820000.0,6799.336650082919
630,TEXAS,TRAVIS,48453,20.045044437019712,38.55829268292683,-3.6717073170731704,58.90243902439025,113.1951219512195,809.4198536585366,0.9190487136652189,2.2195121951219514,83.58536585365854,8.853658536585366,153961.03785319024,4.2439024390243905,69.20641496825928,3.085256331440027,2019,1175000.0,15399.737876802097
631,TEXAS,UVALDE,48463,20.556602739726028,38.73771428571428,-3.1285714285714286,72.17142857142858,101.34285714285714,433.51817142857146,1.0812904892367905,1.9428571428571428,79.62857142857143,2.0285714285714285,159925.91386422858,2.4571428571428573,63.841589041095894,3.0764573776908026,2019,2392000.0,15502.268308489953
632,TEXAS,VICTORIA,48469,21.80008800332088,38.70454545454545,-2.9906060606060607,64.0909090909091,80.9090909090909,880.1586060606061,0.8366316313823162,0.030303030303030304,99.48484848484848,6.7272727272727275,154614.1341888,5.090909090909091,74.12171855541719,5.98524898298049,2019,3020000.0,26306.620209059234
633,TEXAS,WHARTON,48481,21.061370547945206,37.12375,-2.034,27.225,90.3,1114.5205,0.7400194520547946,0.0,106.125,10.0,150976.3604688,3.925,75.40326712328768,5.695201643835616,2019,8110000.0,67527.0607826811
634,TEXAS,WILLIAMSON,48491,19.73161317677756,38.00833333333333,-5.152142857142858,48.642857142857146,119.5952380952381,815.2397142857143,0.903270971950424,0.5,79.30952380952381,8.142857142857142,154479.37405165716,4.357142857142858,69.12199608610567,3.4186853228962817,2019,9050000.0,89960.23856858848
635,TEXAS,WILSON,48493,21.034447162426613,39.31142857142857,-2.1939285714285712,74.92857142857143,94.03571428571429,716.0609642857142,0.9363319960861056,0.0,93.57142857142857,6.214285714285714,157833.5848745143,3.357142857142857,69.96841487279843,3.6811462818003915,2019,980000.0,7802.547770700638
636,ARKANSAS,ARKANSAS,05001,17.222046226554422,35.08486486486486,-3.825135135135135,1.972972972972973,145.51351351351352,1735.659135135135,0.6193525328607297,0.0,105.94594594594595,21.7027027027027,145847.64973543785,6.162162162162162,75.0505316792202,5.427941515285777,2020,8083000.0,42297.22658294087
637,ARKANSAS,ASHLEY,05003,18.025196721311474,35.431,-3.346,2.85,127.8,1987.9836,0.6293901639344263,0.0,106.7,23.3,146234.5141536,6.85,75.35346994535519,5.311613934426229,2020,4557000.0,24200.74349442379
638,ARKANSAS,CHICOT,05017,18.3411839708561,34.79600000000001,-4.343999999999999,2.0,126.8,1840.5731333333333,0.6819,0.0,104.33333333333333,21.8,151231.0844736,6.733333333333333,73.97318761384335,5.7822743169398905,2020,2978000.0,16901.248581157775
639,ARKANSAS,CLAY,05021,15.711673497267759,35.770625,-9.305,3.625,175.875,1310.6958750000001,0.5953253073770491,0.0,102.5625,14.0,144095.8174776,4.6875,73.92535860655738,4.862516564207651,2020,6025000.0,30599.288979177247
640,ARKANSAS,CRAIGHEAD,05031,15.941516393442624,35.5625,-8.358125,2.6875,170.625,1365.91975,0.5824395491803279,0.0,103.5625,17.125,142617.7661976,8.125,74.69487704918033,5.233749658469946,2020,7328000.0,37502.55885363357
641,ARKANSAS,CRITTENDEN,05035,16.77160953800298,34.932272727272725,-6.768636363636364,1.7272727272727273,155.77272727272728,1467.6079545454545,0.6247636612021857,0.0,109.68181818181819,19.363636363636363,142372.97050123638,8.681818181818182,73.5633258817685,5.235757948335817,2020,3497000.0,18601.063829787236
642,ARKANSAS,CROSS,05037,16.293887978142077,35.149,-6.834999999999999,1.7000000000000002,163.2,1494.7265,0.595325956284153,0.0,101.2,19.5,142143.2905536,9.2,74.1907650273224,5.388039071038252,2020,3630000.0,18398.378104409527
643,ARKANSAS,DESHA,05041,17.753179417122038,35.04866666666667,-4.397333333333333,2.0,133.73333333333332,1895.132,0.6433059198542804,0.0,101.5,24.766666666666666,148341.57327360002,6.533333333333333,74.7109927140255,5.533325318761384,2020,4739000.0,24902.78507619548
644,ARKANSAS,DREW,05043,17.600599726775954,35.136,-3.457,1.6,135.05,1987.3602,0.6157051912568305,0.0,100.9,25.7,146074.1717376,6.55,75.07463114754098,5.071175273224044,2020,1723000.0,9399.89088925259
645,ARKANSAS,GREENE,05055,15.8637263556116,35.64,-8.96923076923077,2.8461538461538463,169.76923076923077,1377.9142307692307,0.5914018495166037,0.0,104.61538461538461,15.846153846153847,142848.21605760002,7.6923076923076925,74.12227826817991,4.986587431693989,2020,2893000.0,16099.053978853646
646,ARKANSAS,INDEPENDENCE,05063,15.603278688524592,36.91230769230769,-8.42653846153846,3.730769230769231,174.26923076923077,1463.8831923076923,0.5718568726355612,0.0,108.07692307692308,16.26923076923077,139783.27641452308,8.115384615384615,73.79136191677176,3.656712904581757,2020,1453000.0,8099.219620958751
647,ARKANSAS,JACKSON,05067,15.709771857923498,35.494,-7.839499999999999,2.05,173.75,1541.9877999999999,0.5357760928961749,0.0,106.95,19.95,140300.44594560002,8.1,75.96737704918033,4.964408743169399,2020,2538000.0,15098.155859607377
648,ARKANSAS,JEFFERSON,05069,17.003690476190478,34.871428571428574,-4.9750000000000005,1.1785714285714286,150.07142857142858,1767.5227857142856,0.6231543715846994,0.0,107.78571428571429,22.571428571428573,145142.8821833143,6.321428571428571,74.22783957845434,5.110413153786105,2020,6618000.0,35695.7928802589
649,ARKANSAS,JOHNSON,05071,15.377083692838655,33.75526315789474,-6.968421052631579,1.4736842105263157,171.8421052631579,1631.8477368421052,0.5748410986482599,0.0,115.10526315789474,18.94736842105263,139028.73398602105,9.526315789473683,72.31379062410123,2.2503816508484324,2020,80600.0,700.2606429192007
650,ARKANSAS,LAWRENCE,05075,15.652682149362478,35.90222222222222,-8.862777777777778,2.611111111111111,175.77777777777777,1459.0121666666666,0.5441397996357012,0.0,107.33333333333333,15.833333333333334,141991.22165760002,7.555555555555555,75.57651791135397,4.630670916818458,2020,1479000.0,8099.671412924426
651,ARKANSAS,LEE,05077,16.66543520686963,34.855000000000004,-4.316428571428571,0.5714285714285714,155.64285714285714,1552.3124285714287,0.5523030835284933,0.0,107.71428571428571,20.5,146233.08972617143,6.714285714285714,76.54275956284154,5.36516237314598,2020,7498000.0,41197.8021978022
652,ARKANSAS,LINCOLN,05079,17.280013661202187,34.794285714285714,-4.247857142857143,0.9285714285714286,144.21428571428572,1872.7839285714285,0.6196221701795472,0.0,106.35714285714286,25.142857142857142,146574.9652690286,5.642857142857142,74.64711163153785,5.190864558938329,2020,2920000.0,17696.969696969696
653,ARKANSAS,LONOKE,05085,16.513874128509514,35.740344827586206,-5.563448275862069,2.7586206896551726,160.51724137931035,1557.757827586207,0.6001609195402299,0.0,104.72413793103448,19.413793103448278,140946.6521624276,7.9655172413793105,74.82665347654041,5.052118240060298,2020,6812000.0,35702.306079664566
654,ARKANSAS,MISSISSIPPI,05093,16.423330689229687,35.082258064516125,-8.002903225806453,1.3548387096774195,162.83870967741936,1320.825193548387,0.6343377401727481,0.0,103.96774193548387,15.161290322580646,140838.77864856774,10.064516129032258,72.69270227392914,5.194500969504672,2020,4158000.0,22199.679658302186
655,ARKANSAS,MONROE,05095,16.70567281420765,35.020833333333336,-4.673333333333333,1.4166666666666667,153.75,1624.0504583333334,0.5653921903460838,0.0,107.33333333333333,19.75,143555.79677760002,8.375,76.42745901639344,5.483126252276867,2020,3496000.0,20601.060695344728
656,ARKANSAS,PHILLIPS,05107,17.065413739266198,34.972857142857144,-3.4142857142857146,0.9047619047619047,147.66666666666666,1691.0642857142857,0.5634597970335675,0.0,103.9047619047619,20.61904761904762,147527.23768045715,6.19047619047619,76.83947436898256,5.384849076242519,2020,5722000.0,32002.237136465323
657,ARKANSAS,POINSETT,05111,16.16677424863388,35.516875,-7.725,1.875,167.3125,1410.19575,0.6020708674863388,0.0,99.1875,17.625,141937.03895760002,7.8125,73.97296789617486,5.415466017759563,2020,5176000.0,28502.202643171808
658,ARKANSAS,PRAIRIE,05117,16.550016631028747,35.40521739130435,-5.137391304347826,1.9565217391304348,157.34782608695653,1567.869304347826,0.585552625326681,0.0,104.3913043478261,19.608695652173914,142185.76622107826,8.347826086956522,75.46520551199811,5.374910311237824,2020,3648000.0,19301.5873015873
659,ARKANSAS,RANDOLPH,05121,15.476196433707218,36.34,-9.698421052631579,3.9473684210526314,179.42105263157896,1473.5345263157894,0.564374460742019,0.0,105.05263157894737,14.736842105263158,142408.0285207579,8.210526315789474,74.15145240149555,3.8979506758700024,2020,962000.0,5200.0
660,ARKANSAS,ST. FRANCIS,05123,16.522947176684884,34.97933333333334,-5.288666666666667,1.0666666666666667,158.53333333333333,1492.0234,0.5848861566484517,0.0,105.26666666666667,20.4,144339.7455936,8.266666666666666,74.93315118397085,5.394777595628415,2020,4681000.0,24898.936170212764
661,ARKANSAS,WHITE,05145,15.872888790429773,35.96675675675676,-7.36945945945946,2.081081081081081,169.6216216216216,1461.5191621621623,0.5683458130261408,0.0,106.75675675675676,17.972972972972972,138266.91653760002,9.432432432432433,74.54404814650717,4.132643036479102,2020,947000.0,5200.439319055464
662,ARKANSAS,WOODRUFF,05147,16.129938524590163,35.3545,-6.645999999999999,1.65,164.95,1508.4362,0.5537516393442623,0.0,105.05,19.6,140899.0921056,8.4,76.01094262295082,5.420652732240438,2020,3468000.0,17400.90316106372
663,KANSAS,ALLEN,20001,13.952629781420766,36.16875,-14.95,5.375,192.0,1117.596375,0.6240894808743169,0.0,84.0,14.125,142249.5418176,4.875,71.58712431693989,3.7132373633879783,2020,3574000.0,33000.92336103416
664,KANSAS,ANDERSON,20003,13.692090163934427,34.98833333333334,-15.637500000000001,1.25,191.66666666666666,1065.9631666666667,0.6210530510018215,0.0,81.75,12.416666666666666,142779.1255776,3.75,70.58321948998179,3.7228283242258655,2020,5106000.0,46502.73224043716
665,KANSAS,ATCHISON,20005,12.76755009107468,34.60666666666666,-19.171666666666667,0.5,198.83333333333334,878.7346666666666,0.6015009107468124,0.0,75.83333333333333,10.333333333333334,142972.7098176,5.333333333333333,69.18392531876138,3.52326912568306,2020,10653000.0,64097.47292418773
666,KANSAS,BARBER,20007,14.307505854800937,39.55214285714286,-10.902142857142858,29.964285714285715,200.64285714285714,771.7912857142857,0.8062218969555035,2.071428571428571,61.142857142857146,8.392857142857142,160508.5726176,5.321428571428571,65.3165300546448,4.134067818110851,2020,413000.0,3309.294871794872
667,KANSAS,BARTON,20009,12.954461748633879,37.197500000000005,-13.376,16.35,211.75,800.2606,0.7337494535519126,0.55,55.6,8.6,157292.3166336,3.4,66.11882513661203,4.498088114754099,2020,4872000.0,31190.78104993598
668,KANSAS,BOURBON,20011,14.201869307832423,35.62666666666667,-13.667499999999999,5.5,187.58333333333334,1329.4858333333334,0.6391787340619307,0.0,89.58333333333333,17.833333333333332,141471.60197760002,6.333333333333333,70.8365209471767,3.403071265938069,2020,1219000.0,12697.916666666666
669,KANSAS,BROWN,20013,12.307042349726775,34.6475,-17.896666666666665,0.6666666666666666,204.25,903.7613333333334,0.5619822404371585,0.0,72.33333333333333,10.583333333333334,143430.5952576,5.5,70.5591985428051,3.6888907103825135,2020,23258000.0,121198.54090672225
670,KANSAS,BUTLER,20015,13.741081511839708,35.33888888888889,-14.848333333333333,3.0555555555555554,192.75,1024.6590277777777,0.6447088646023073,0.0,74.63888888888889,11.36111111111111,147923.54669760002,6.638888888888889,69.92407407407407,4.120703551912569,2020,8316000.0,66902.65486725664
671,KANSAS,CHASE,20017,13.484706284153006,34.8915,-17.429499999999997,1.5499999999999998,194.6,947.78875,0.6484024590163935,0.0,74.15,8.65,146753.5120416,5.35,68.88275956284153,4.019832923497267,2020,1033000.0,7612.38025055269
672,KANSAS,CHAUTAUQUA,20019,14.702732240437157,36.46333333333333,-11.378333333333332,3.9166666666666665,184.91666666666666,1123.17775,0.6718078324225865,0.0,84.66666666666667,12.416666666666666,146388.59141760002,6.833333333333333,69.64596994535519,3.6056637067395263,2020,236000.0,2931.6770186335402
673,KANSAS,CHEROKEE,20021,14.471798724954462,34.637499999999996,-11.5675,0.41666666666666663,184.25,1440.3865,0.5833863843351549,0.0,96.08333333333333,18.0,141506.2742976,8.75,73.03923041894353,3.2740414389799635,2020,3301000.0,40803.46106304079
674,KANSAS,CHEYENNE,20023,11.569194964871194,40.10285714285715,-17.208928571428572,35.464285714285715,237.57142857142858,378.0392857142857,0.9262679547228727,12.678571428571429,53.42857142857143,1.6071428571428572,162586.07851474287,1.1428571428571428,56.27216042154567,4.308935206869633,2020,10161000.0,87821.9533275713
675,KANSAS,CLAY,20027,12.754281079234971,36.691250000000004,-15.570625,5.6875,210.3125,963.785625,0.672193818306011,0.0,64.0,10.5,148090.2617376,4.125,67.35124658469945,3.8140688183060107,2020,8284000.0,52100.62893081761
676,KANSAS,CLOUD,20029,12.814204614450517,37.263333333333335,-15.484444444444442,10.166666666666666,210.22222222222223,983.5863888888889,0.7242455980570736,0.05555555555555555,65.38888888888889,9.166666666666666,150028.9238976,4.333333333333333,65.32205525197328,3.9984028536733454,2020,8256000.0,53298.902517753384
677,KANSAS,COFFEY,20031,13.52353369763206,35.339999999999996,-17.24,1.1666666666666667,192.91666666666666,986.5509166666667,0.6101955828779599,0.0,79.83333333333333,10.166666666666666,143341.7630976,5.0,70.7594262295082,3.863410974499089,2020,4163000.0,32097.14726291442
678,KANSAS,COWLEY,20035,14.412027550091073,35.635,-12.775833333333333,4.666666666666667,185.625,1122.1949583333333,0.69409779143898,0.0,79.25,13.25,150720.4433376,5.625,68.23055555555555,4.033157673041894,2020,2840000.0,26296.296296296296
679,KANSAS,CRAWFORD,20037,14.297700364298723,34.83833333333333,-12.535833333333334,1.3333333333333333,187.5,1308.7149166666668,0.5990145719489982,0.0,95.33333333333333,16.75,141419.8814976,8.333333333333334,72.4558970856102,3.41404485428051,2020,3633000.0,38403.805496828754
680,KANSAS,DECATUR,20039,12.163977686703095,38.593333333333334,-16.03625,30.916666666666668,229.91666666666666,353.3450833333333,0.8829632285974499,10.208333333333334,46.333333333333336,1.9583333333333335,162448.1316576,0.2916666666666667,59.21417349726776,4.4606239754098365,2020,12167000.0,133703.2967032967
681,KANSAS,DICKINSON,20041,13.339466666666668,36.596,-14.918,12.6,201.16,722.42852,0.7169416393442624,0.0,67.04,7.04,148846.85608320002,4.44,67.06707103825136,3.905450819672131,2020,3294000.0,23197.183098591548
682,KANSAS,DONIPHAN,20043,12.234993169398907,33.774166666666666,-19.691666666666666,0.0,205.5,1064.1668333333332,0.5274949908925318,0.0,75.75,13.166666666666666,143347.42445760002,7.333333333333333,72.41163479052823,3.3684162112932605,2020,18284000.0,90202.26936359152
683,KANSAS,DOUGLAS,20045,13.390833333333333,34.723749999999995,-18.0075,1.75,192.5,1062.84,0.6000983606557377,0.0,76.5,11.75,141030.2779776,6.5,70.39381830601093,3.371611338797814,2020,3769000.0,25397.574123989216
684,KANSAS,EDWARDS,20047,13.472469945355192,39.64666666666667,-12.552666666666665,28.133333333333333,204.53333333333333,684.7759333333333,0.8233655737704919,6.133333333333333,59.06666666666666,7.066666666666666,161389.3208256,2.8666666666666667,64.07296903460838,4.6136029143898,2020,13364000.0,73997.78516057586
685,KANSAS,ELLSWORTH,20053,13.21937462052216,37.14833333333333,-13.823888888888888,18.5,209.05555555555554,748.35,0.7647917425622344,0.9444444444444444,60.55555555555556,8.055555555555555,154401.34277760002,4.166666666666667,65.32530358227079,4.478320582877959,2020,609000.0,4991.803278688524
686,KANSAS,FINNEY,20055,12.679822035149904,39.1554054054054,-13.69027027027027,31.972972972972972,228.21621621621622,505.2931891891892,0.8621547777285482,5.972972972972973,50.2972972972973,5.081081081081081,166847.2068640865,1.7567567567567568,61.017885098212965,4.541918697385911,2020,21432000.0,137120.92130518233
687,KANSAS,FORD,20057,13.336131928181109,40.13428571428572,-12.457142857142857,35.82142857142857,212.03571428571428,544.5818571428572,0.8790143442622951,9.0,56.214285714285715,3.5357142857142856,164489.30326902858,2.5357142857142856,62.06883294301327,4.75171887197502,2020,10176000.0,50202.26936359152
688,KANSAS,FRANKLIN,20059,13.47606329690346,34.901666666666664,-16.44,1.0,194.25,1045.8640833333334,0.6042896174863388,0.0,76.16666666666667,10.25,140970.70229760002,5.166666666666667,70.72675318761384,3.5040512295081965,2020,4243000.0,30503.235082674335
689,KANSAS,GEARY,20061,13.067119004250152,35.73888888888889,-15.71888888888889,6.0,201.88888888888889,874.9658888888889,0.6737777777777778,0.0,68.77777777777777,8.88888888888889,147845.1149376,4.111111111111111,67.67856709168184,3.7551150576806314,2020,2130000.0,12901.271956390066
690,KANSAS,GOVE,20063,12.355855776736924,39.206785714285715,-15.11,35.32142857142857,232.21428571428572,386.54821428571427,0.857284543325527,4.75,49.82142857142857,2.892857142857143,165462.7745376,1.0714285714285714,60.61693013270882,4.432183450429352,2020,13978000.0,138396.0396039604
691,KANSAS,GRAHAM,20065,12.508007741347907,38.339166666666664,-15.315833333333332,28.083333333333332,224.95833333333334,519.15925,0.835278233151184,4.625,57.125,4.375,158678.4121776,3.3333333333333335,61.51559653916211,4.429821721311475,2020,7045000.0,65595.90316573557
692,KANSAS,GRANT,20067,12.992559198542805,40.77333333333333,-16.186666666666667,40.333333333333336,225.83333333333334,515.8161666666666,0.9264002732240437,11.416666666666666,49.25,5.083333333333333,171333.4514976,0.0,59.68588342440801,4.50031397996357,2020,8857000.0,50698.3400114482
693,KANSAS,GRAY,20069,13.033379781420765,38.562,-13.4515,29.7,219.5,524.81015,0.8827628415300547,6.15,54.15,4.65,166012.4599776,2.9,60.77479508196721,4.684831147540984,2020,17048000.0,90201.0582010582
694,KANSAS,GREELEY,20071,11.942274590163935,39.346875,-15.30625,34.375,240.125,344.946375,0.9404033469945355,15.0625,47.3125,1.375,169616.6289576,0.125,55.94709699453552,4.698554644808743,2020,2400000.0,48096.19238476954
695,KANSAS,HARVEY,20079,13.639453551912569,36.468,-15.103,11.3,200.3,842.2287,0.6946825136612023,0.2,74.9,8.5,151449.7075776,5.2,68.59882513661202,4.149173770491803,2020,9501000.0,69198.83466860888
696,KANSAS,HASKELL,20081,12.95337659380692,39.18083333333333,-15.075000000000001,35.833333333333336,224.5,481.58591666666666,0.899898451730419,8.333333333333334,52.0,4.416666666666666,168425.45213760002,1.5833333333333335,60.61072404371585,4.599037568306011,2020,18208000.0,97997.8471474704
697,KANSAS,HODGEMAN,20083,13.189396304970074,39.1,-12.405238095238095,38.42857142857143,215.23809523809524,561.9267619047619,0.8650870413739267,6.857142857142858,52.04761904761905,4.714285714285714,163851.30643474287,3.4761904761904763,62.01091595107989,4.591478011969816,2020,2873000.0,18299.36305732484
698,KANSAS,JACKSON,20085,12.8509631147541,35.574374999999996,-16.710625,1.625,200.8125,904.4528124999999,0.6312155054644809,0.0,70.9375,11.125,144001.60043760002,5.0,68.4484118852459,3.636824112021858,2020,5901000.0,38899.14304548451
699,KANSAS,JEFFERSON,20087,13.119681238615664,35.119166666666665,-16.986666666666668,1.0,196.0,975.1923333333333,0.6226723588342441,0.0,75.5,11.75,141814.5768576,6.083333333333334,68.85029599271402,3.470801912568306,2020,7445000.0,45702.88520564763
700,KANSAS,JEWELL,20089,12.41068533697632,36.04666666666667,-16.028333333333332,14.166666666666666,215.0,759.485125,0.7174598132969034,1.5416666666666667,67.91666666666667,7.666666666666667,150987.1327776,4.875,65.47118624772314,4.118855418943534,2020,11835000.0,77000.6506180872
701,KANSAS,KINGMAN,20095,14.186112412177986,38.602380952380955,-11.598571428571429,28.476190476190474,197.47619047619048,747.0458571428571,0.7916286755139214,3.4761904761904763,66.85714285714286,8.142857142857142,156771.48677760002,3.2857142857142856,65.74497788186314,4.420069476971117,2020,1663000.0,13800.829875518672
702,KANSAS,KIOWA,20097,13.613182149362478,40.08133333333333,-12.165333333333333,27.2,205.13333333333333,678.128,0.8297666666666667,5.133333333333333,59.8,5.466666666666667,162426.25157760002,3.6666666666666665,64.10377049180327,4.665785428051002,2020,6096000.0,31700.46801872075
703,KANSAS,LABETTE,20099,14.526937613843353,34.975,-11.516666666666666,2.0833333333333335,183.5,1408.5975833333332,0.6123472222222222,0.0,94.75,17.166666666666668,141713.2145376,8.166666666666666,72.11518670309654,3.4694567395264113,2020,2581000.0,31903.584672435103
704,KANSAS,LANE,20101,12.537954234972677,39.37125,-14.7875,32.625,226.9375,500.490625,0.8457529030054646,4.9375,52.75,5.125,166116.3851376,0.625,60.982342896174856,4.69743049863388,2020,4685000.0,38496.30238290879
705,KANSAS,LEAVENWORTH,20103,13.060227686703096,34.73166666666666,-17.183333333333334,0.6666666666666666,196.91666666666666,868.84075,0.5881691712204007,0.0,73.25,8.583333333333334,140391.45797760002,7.666666666666667,70.79519581056466,3.1922877959927143,2020,2783000.0,18906.25
706,KANSAS,LINN,20107,13.880958561020035,35.3525,-15.225833333333334,5.666666666666667,190.33333333333334,1244.7043333333334,0.6312244990892532,0.0,85.75,14.916666666666666,140697.0115776,4.5,70.46117941712204,3.320787568306011,2020,2784000.0,21699.142634450505
707,KANSAS,LOGAN,20109,12.156888173302109,39.49321428571428,-14.959285714285715,35.25,238.39285714285714,304.62417857142856,0.9174873145979703,9.178571428571429,45.67857142857143,1.0357142857142856,170426.04228617143,0.6071428571428571,57.517847384855585,4.414221799375488,2020,12108000.0,143800.4750593824
708,KANSAS,LYON,20111,13.365446265938068,35.122499999999995,-18.927083333333332,1.5416666666666667,198.16666666666666,980.0732083333334,0.6323414162112933,0.0,76.625,11.5,143951.6884176,5.041666666666667,69.56456056466303,3.832509335154827,2020,3178000.0,27302.405498281787
709,KANSAS,MARION,20115,13.453146448087432,35.724000000000004,-16.4568,5.36,196.64000000000001,859.77784,0.6744544262295082,0.0,74.96,9.0,148879.38533760002,4.64,68.48503825136612,4.181531584699454,2020,7699000.0,62797.71615008157
710,KANSAS,MCPHERSON,20113,13.364080601092896,36.554500000000004,-15.352500000000001,13.05,203.8,787.6892,0.7036304644808743,0.15,70.35,7.6,151775.7021216,4.45,68.14494535519125,4.271519672131148,2020,6832000.0,45698.99665551839
711,KANSAS,MEADE,20119,13.609353369763207,39.94916666666666,-14.822916666666666,40.416666666666664,214.08333333333334,517.6570833333334,0.9331128187613844,9.25,51.583333333333336,4.875,168480.15845760002,2.125,60.344353369763205,4.377730874316939,2020,16745000.0,83101.73697270472
712,KANSAS,MIAMI,20121,13.610546448087431,35.5575,-16.065,2.416666666666667,189.08333333333334,1014.4739166666667,0.6309902094717669,0.0,78.16666666666667,11.5,139039.2108576,6.416666666666667,69.80972222222222,3.3249469489981784,2020,3092000.0,22602.33918128655
713,KANSAS,MITCHELL,20123,12.82864146933819,37.38722222222222,-14.780000000000001,16.444444444444443,213.77777777777777,919.5696111111112,0.727197328476017,0.7222222222222222,60.0,9.777777777777779,152579.94869760002,4.055555555555555,65.61498178506375,4.022628718882817,2020,4148000.0,27598.1370592149
714,KANSAS,MONTGOMERY,20125,14.627618397085609,36.87583333333333,-11.6225,3.8333333333333335,183.66666666666666,1265.7753333333333,0.6376889799635702,0.0,89.08333333333333,14.083333333333334,141995.4977376,6.5,71.39253187613843,3.5296234061930782,2020,2524000.0,23901.515151515152
715,KANSAS,MORRIS,20127,13.112650273224043,35.166666666666664,-17.787777777777777,2.111111111111111,198.61111111111111,821.4023888888889,0.653944292653309,0.0,74.05555555555556,8.722222222222221,147918.56741760002,4.277777777777778,68.07389192471159,4.082031724347298,2020,3038000.0,21200.27913468248
716,KANSAS,MORTON,20129,13.730045537340619,40.848,-12.84,48.0,216.66666666666666,398.37833333333333,1.051124408014572,23.6,49.46666666666667,3.7333333333333334,175700.04024960002,0.2,55.56826958105647,4.833163387978142,2020,4636000.0,25100.162425554954
717,KANSAS,NEMAHA,20131,12.38154713114754,35.98,-17.375,1.5625,204.0,814.0596875,0.6123328210382514,0.0,67.0625,8.4375,144487.7159976,4.6875,68.63666325136612,3.837801400273224,2020,20645000.0,117501.42287990895
718,KANSAS,NEOSHO,20133,14.264867941712204,36.05583333333333,-13.193333333333333,4.333333333333333,187.91666666666666,1373.6128333333334,0.6197463570127505,0.0,93.08333333333333,15.166666666666666,142202.1996576,6.416666666666667,71.80992714025501,3.579007969034608,2020,3190000.0,33403.141361256545
719,KANSAS,NESS,20135,12.7126512490242,38.69285714285714,-13.773928571428572,30.107142857142858,221.42857142857142,640.2621071428572,0.7988113778298205,2.75,53.107142857142854,5.285714285714286,163286.63100617143,1.8214285714285714,63.35188329430133,4.467389441842311,2020,1971000.0,18700.189753320683
720,KANSAS,NORTON,20137,12.231464480874317,37.964,-16.4865,26.8,227.3,472.27845,0.8369301912568305,6.0,55.25,3.7,157467.6261216,2.8,61.483251366120214,4.345679098360656,2020,12184000.0,135227.52497225307
721,KANSAS,OSAGE,20139,13.4389924863388,35.568125,-19.66,3.5625,195.1875,950.03575,0.6482587090163935,0.0,76.875,11.0625,142938.9484776,4.4375,68.9338456284153,3.7705901639344264,2020,3956000.0,29901.738473167043
722,KANSAS,OSBORNE,20141,12.821310336976321,38.3525,-14.495,19.541666666666668,216.16666666666666,799.9647916666667,0.7783093123861565,1.5416666666666667,59.208333333333336,7.083333333333333,155438.3574576,4.833333333333333,63.5897427140255,4.252726092896175,2020,3700000.0,33605.812897366035
723,KANSAS,OTTAWA,20143,12.998872191863995,36.79611111111112,-14.58888888888889,13.166666666666666,210.38888888888889,918.8022222222222,0.707350789313904,0.0,59.0,9.833333333333334,150950.10437760002,4.944444444444445,66.61334244080146,3.9276929265330907,2020,2510000.0,15398.773006134968
724,KANSAS,PAWNEE,20145,13.099081446786366,38.99190476190476,-12.864761904761902,24.095238095238095,209.95238095238096,755.5758571428571,0.7722957325006504,2.571428571428571,56.666666666666664,8.857142857142858,160092.82168045716,4.095238095238095,65.24020296643248,4.463044236273745,2020,8780000.0,53799.01960784314
725,KANSAS,PHILLIPS,20147,12.314019808743168,38.78125,-14.974166666666667,25.166666666666668,223.0,644.8959583333333,0.8087690118397085,3.875,60.666666666666664,6.291666666666667,154930.1972976,3.25,62.484426229508195,4.115185223132969,2020,7254000.0,78000.0
726,KANSAS,POTTAWATOMIE,20149,12.650551507791945,35.80888888888889,-16.166296296296295,2.6666666666666665,207.37037037037038,735.3756296296297,0.6305617283950617,0.0,63.96296296296296,7.962962962962963,144942.2445376,5.2592592592592595,68.74608378870674,3.5843366727383117,2020,6209000.0,37698.84638737098
727,KANSAS,PRATT,20151,13.757413479052822,38.74466666666667,-12.171333333333333,25.333333333333332,204.06666666666666,731.8204666666667,0.7959872495446266,3.1333333333333333,65.2,7.466666666666667,159467.2531776,3.8666666666666667,65.35455373406192,4.497210200364298,2020,10028000.0,57302.857142857145
728,KANSAS,RAWLINS,20153,11.875024395003903,39.72821428571429,-16.395,33.25,233.0,359.8065357142857,0.9056893052302888,11.892857142857142,48.17857142857143,2.392857142857143,168876.91836617145,0.5357142857142857,57.23208430913349,4.4978569476971115,2020,9605000.0,129099.46236559139
729,KANSAS,RENO,20155,13.69999231557377,37.6875,-12.99625,19.0625,201.375,845.648875,0.7329363046448087,2.40625,69.25,9.625,154913.53973760002,5.15625,67.46704234972678,4.3341689719945355,2020,7453000.0,47200.75997466751
730,KANSAS,REPUBLIC,20157,12.310787795992713,35.794444444444444,-16.589444444444446,4.888888888888889,211.55555555555554,942.4102777777778,0.6757923497267759,0.3333333333333333,70.77777777777777,8.0,148762.2475776,5.611111111111111,66.70622343655131,4.002676533090468,2020,21042000.0,125698.9247311828
731,KANSAS,RICE,20159,13.20407650273224,37.24333333333333,-13.315333333333333,17.2,208.0,818.5370666666666,0.7248666666666667,1.4666666666666668,63.86666666666667,8.4,154788.0313536,5.8,67.59158469945355,4.395008378870673,2020,4309000.0,33403.1007751938
732,KANSAS,RILEY,20161,12.755566318926974,35.807272727272725,-15.759545454545453,4.2272727272727275,206.95454545454547,824.4663636363637,0.6529805017386985,0.0,63.86363636363636,9.136363636363637,146443.58436305454,4.954545454545455,67.93612767014406,3.6449729259811225,2020,3712000.0,23098.942128189174
733,KANSAS,ROOKS,20163,12.792622950819673,38.78541666666667,-14.0075,28.333333333333332,219.375,627.0417916666667,0.8344747267759564,4.208333333333333,56.208333333333336,6.291666666666667,157134.36641760002,3.6666666666666665,61.836327413479054,4.335043032786885,2020,3501000.0,30496.51567944251
734,KANSAS,RUSSELL,20167,13.02061612021858,37.485,-13.7105,23.0,214.9,766.0249,0.7847994535519126,1.8,52.75,8.35,157117.42143360002,4.55,63.916311475409834,4.375369945355191,2020,1111000.0,8672.911787665886
735,KANSAS,SALINE,20169,13.390193078324225,37.16466666666667,-14.112666666666666,18.8,206.13333333333333,763.1527333333333,0.7320761384335155,0.26666666666666666,64.26666666666667,7.866666666666667,150323.2445376,4.866666666666666,66.9935883424408,3.9939409836065574,2020,1364000.0,9027.134348113832
736,KANSAS,SCOTT,20171,12.278777322404371,39.135625,-14.483125,30.1875,234.125,415.70625,0.8590469603825136,7.0,49.375,3.9375,167810.2776576,0.0,59.801502732240436,4.64196875,2020,8940000.0,94105.26315789473
737,KANSAS,SEDGWICK,20173,14.008553936450113,36.69851851851852,-13.596666666666668,14.11111111111111,196.25925925925927,791.6934444444445,0.7102174660999797,0.4444444444444444,72.29629629629629,7.037037037037037,152840.0608576,6.333333333333333,68.6634790528233,4.034609087229305,2020,6469000.0,49799.84603541185
738,KANSAS,SEWARD,20175,13.520692167577414,40.99333333333333,-16.633333333333333,47.833333333333336,218.08333333333334,433.0175,0.9756236338797815,16.666666666666668,48.166666666666664,3.25,170224.24469760002,1.5,59.399408014571954,4.543104735883424,2020,13903000.0,75600.87003806417
739,KANSAS,SHAWNEE,20177,13.226193078324226,35.690000000000005,-17.03666666666667,2.2,198.2,1007.1290666666666,0.6306391621129326,0.0,73.46666666666667,11.6,143249.2808256,4.4,69.0496174863388,3.472356830601093,2020,5512000.0,35699.48186528497
740,KANSAS,SHERMAN,20181,11.466506635441062,39.283928571428575,-16.47714285714286,27.892857142857142,239.14285714285714,327.1329642857143,0.9123999804839968,10.892857142857142,49.857142857142854,1.1428571428571428,164863.90744045714,1.0714285714285714,55.97438524590164,4.6851455893832945,2020,22008000.0,210000.0
741,KANSAS,SMITH,20183,12.390356329690347,39.1575,-15.459166666666667,22.416666666666668,221.08333333333334,638.7998333333334,0.7811067850637523,3.875,61.375,6.5,153443.8274976,3.75,63.36928506375227,4.15384847449909,2020,11197000.0,90298.3870967742
742,KANSAS,STAFFORD,20185,13.359648907103827,37.9825,-12.716,19.55,205.75,798.89315,0.7522331967213114,2.9,62.5,9.85,158715.3807936,4.35,66.57392076502732,4.497997950819673,2020,9062000.0,63414.97550734779
743,KANSAS,STANTON,20187,13.183548269581056,40.454,-14.214666666666666,44.93333333333334,228.66666666666666,406.80126666666666,0.9919428051001821,18.4,45.6,3.6666666666666665,172675.4452416,0.26666666666666666,57.06309653916212,4.617062841530054,2020,8160000.0,59002.16919739696
744,KANSAS,STEVENS,20189,13.375688524590165,40.507333333333335,-16.188666666666666,43.0,217.06666666666666,472.5462,0.963547723132969,16.333333333333332,50.46666666666667,4.4,173441.47973760002,0.4666666666666667,59.12604735883425,4.713343533697632,2020,22326000.0,131098.0622431004
745,KANSAS,SUMNER,20191,14.511835480093676,37.45392857142857,-12.242499999999998,19.57142857142857,189.89285714285714,910.1256071428571,0.7313192818110851,0.6785714285714286,74.46428571428571,10.071428571428571,154041.54187474286,5.321428571428571,68.55227361436378,4.04737656128025,2020,4062000.0,42802.95047418335
746,KANSAS,THOMAS,20193,11.982448282591726,39.61607142857143,-15.641785714285716,33.607142857142854,234.85714285714286,265.63582142857143,0.9171905737704918,11.142857142857142,41.857142857142854,1.0,174227.93913188574,0.8928571428571429,57.028610460577674,4.760733216237314,2020,32402000.0,282986.89956331876
747,KANSAS,TREGO,20195,12.67762864298725,38.91041666666667,-13.89875,31.875,223.91666666666666,498.776875,0.8274278233151184,3.0833333333333335,52.5,3.375,161082.37373760002,2.208333333333333,61.94830373406193,4.503250341530054,2020,3351000.0,32097.701149425284
748,KANSAS,WABAUNSEE,20197,13.047694851883808,35.62105263157895,-17.283684210526314,2.052631578947368,201.0,796.6826842105263,0.6469414725337935,0.0,69.89473684210526,8.789473684210526,147033.1273839158,4.0,68.26417888984757,3.7821163359217715,2020,3636000.0,24402.68456375839
749,KANSAS,WASHINGTON,20201,12.254308970856103,36.52708333333333,-16.73125,3.25,210.54166666666666,934.78325,0.6532831284153005,0.0,70.04166666666667,9.0,146782.8972576,5.25,67.5688752276867,3.8942758424408015,2020,17300000.0,110402.04211869815
750,KANSAS,WICHITA,20203,12.15870218579235,39.395625,-15.169374999999999,30.75,238.1875,359.9145,0.9026227800546448,9.5625,48.1875,2.25,169356.62975760002,0.3125,57.8448087431694,4.733541325136612,2020,9039000.0,98894.96717724288
751,KANSAS,WILSON,20205,14.358581511839708,37.655833333333334,-13.0075,7.583333333333333,188.58333333333334,1366.46725,0.6489141621129325,0.0,83.66666666666667,17.666666666666668,143324.6040576,5.583333333333333,70.98021402550091,3.6475439435336976,2020,4496000.0,44603.17460317461
752,KANSAS,WOODSON,20207,13.885918715846994,36.84875,-14.95875,6.5,192.375,1199.47425,0.6292698087431694,0.0,81.875,15.625,143378.97017760001,5.0,71.31137295081967,3.770654030054645,2020,2163000.0,23587.786259541983
753,NORTH DAKOTA,ADAMS,38001,7.107533532041728,35.06393939393939,-28.374242424242425,1.5151515151515151,272.6363636363636,364.9189393939394,0.584958188441795,0.2727272727272727,37.21212121212121,1.9696969696969697,147394.29658123638,0.0,63.86063917867196,4.319004470938897,2020,1709000.0,37396.06126914661
754,NORTH DAKOTA,BARNES,38003,6.128786999089253,34.019375000000004,-30.421041666666667,0.4166666666666667,250.02083333333334,528.7148541666667,0.4314104622040073,0.020833333333333332,54.375,5.4375,136833.2600976,1.9583333333333335,72.70114412568306,4.567635473588343,2020,8167000.0,53801.05401844532
755,NORTH DAKOTA,BENSON,38005,5.171577247888723,33.63072727272727,-32.01109090909091,0.21818181818181817,265.2909090909091,389.8779818181818,0.4067078489816195,0.0,46.89090909090909,2.4545454545454546,135539.8317085091,1.6727272727272728,73.45337307501241,4.557516840536513,2020,3597000.0,26803.27868852459
756,NORTH DAKOTA,BILLINGS,38007,6.676434776516744,35.91076923076923,-30.651025641025644,3.435897435897436,280.20512820512823,160.41894871794872,0.6178892391761244,1.5897435897435896,30.871794871794872,0.3333333333333333,147246.45502375386,0.0,63.239848675914246,4.266764677035169,2020,209000.0,2721.354166666667
757,NORTH DAKOTA,BOTTINEAU,38009,4.661631602914389,35.21216666666667,-33.02283333333334,1.0,278.55,329.95821666666666,0.44617322404371584,0.0,46.916666666666664,1.8666666666666667,135811.2148416,1.85,70.01288706739527,4.2083478142076505,2020,1033000.0,10497.967479674797
758,NORTH DAKOTA,BOWMAN,38011,7.407179720704311,35.94555555555556,-29.268333333333334,5.388888888888889,271.3611111111111,221.60538888888888,0.6682643442622951,2.138888888888889,35.638888888888886,1.1388888888888888,149205.20669760002,0.0,60.87594110503946,4.37641719793564,2020,1547000.0,21105.04774897681
759,NORTH DAKOTA,BURLEIGH,38015,6.163717502897831,34.982121212121214,-31.240151515151513,0.9545454545454546,264.1060606060606,244.42095454545455,0.5196893111442292,0.0,40.54545454545455,1.1515151515151514,142463.05402123637,0.9393939393939394,67.93600761715516,4.1702749213445935,2020,4512000.0,47594.93670886076
760,NORTH DAKOTA,CASS,38017,6.159045992714025,36.353500000000004,-30.981333333333332,3.3833333333333333,247.1,517.9297333333333,0.469697131147541,0.75,52.983333333333334,5.216666666666667,138142.07962560002,3.0,70.79908469945356,4.284480009107468,2020,24595000.0,146398.80952380953
761,NORTH DAKOTA,DICKEY,38021,6.507722305017387,34.15272727272727,-30.173636363636366,0.9696969696969697,251.0,522.2053333333333,0.41459273058453383,0.09090909090909091,49.42424242424242,4.363636363636363,141932.28127941818,2.303030303030303,73.70938069216757,4.278596042391125,2020,13638000.0,79198.60627177701
762,NORTH DAKOTA,DUNN,38025,6.645255009107468,35.99952380952381,-28.346190476190475,3.2023809523809526,270.17857142857144,237.4784761904762,0.5882790463179807,0.8214285714285714,30.714285714285715,1.0,144189.74299474288,0.5952380952380952,63.92338342440801,4.2974492583918815,2020,1533000.0,18604.368932038833
763,NORTH DAKOTA,EDDY,38027,5.511664959016394,33.705625,-32.261250000000004,0.0,263.5,440.555625,0.4351275614754098,0.0,45.5,3.5625,136328.2274376,2.0,72.74199112021857,4.5793761953551915,2020,1564000.0,11803.77358490566
764,NORTH DAKOTA,EMMONS,38029,6.756209504293521,33.95767857142857,-30.415714285714284,0.49999999999999994,257.4107142857143,267.56030357142856,0.5375001951600312,0.0,40.339285714285715,0.8928571428571428,144807.87898902857,0.9285714285714286,67.61725702576112,4.1551669594067135,2020,9892000.0,84402.73037542662
765,NORTH DAKOTA,FOSTER,38031,5.899880464480874,34.313125,-31.444375,0.3125,258.5,384.365875,0.46863678278688525,0.0,44.125,2.875,138120.3637776,1.9375,71.3280737704918,4.646958845628415,2020,2779000.0,19598.02538787024
766,NORTH DAKOTA,GRAND FORKS,38035,5.371234329797493,34.44156862745098,-30.654901960784315,0.8627450980392157,256.6862745098039,499.6936862745098,0.4240458052073289,0.0196078431372549,54.27450980392157,4.745098039215686,133548.72993995296,2.0,72.21070931104683,4.294627611700418,2020,8706000.0,60000.0
767,NORTH DAKOTA,GRANT,38037,7.200079234972677,35.58528571428571,-27.382571428571428,2.2,264.77142857142854,275.3586714285714,0.6024481654957065,0.0,39.65714285714286,1.4142857142857144,146973.31357988573,0.15714285714285714,63.90181889149102,4.226444106167056,2020,2626000.0,41484.99210110585
768,NORTH DAKOTA,GRIGGS,38039,5.7412527322404365,33.646,-31.242,0.15000000000000002,255.3,505.2481,0.4586129781420765,0.0,52.55,3.9,136718.5654656,1.75,71.65991803278688,4.6827577868852455,2020,2123000.0,13000.612369871402
769,NORTH DAKOTA,HETTINGER,38041,6.88029781420765,36.34325,-28.70225,2.5,275.025,306.509775,0.5882723360655737,0.15,36.275,1.325,146278.6271856,0.0,63.70637295081968,4.330750956284153,2020,2248000.0,31706.629055007048
770,NORTH DAKOTA,KIDDER,38043,5.899377718300435,33.67142857142857,-31.14469387755102,0.14285714285714285,261.265306122449,325.2949387755102,0.4759817664770827,0.0,43.59183673469388,2.4489795918367347,142540.5421310694,1.183673469387755,70.11838407494145,4.329755994200959,2020,2752000.0,23602.058319039454
771,NORTH DAKOTA,LAMOURE,38045,6.36173538665342,33.906969696969696,-30.10030303030303,0.4545454545454545,249.6060606060606,531.3583333333333,0.4111466302367942,0.0,47.90909090909091,4.878787878787879,140244.0970176,1.9090909090909092,73.49037092233813,4.453936661698957,2020,10242000.0,60000.00000000001
772,NORTH DAKOTA,LOGAN,38047,6.062663934426229,32.266333333333336,-29.808666666666667,0.0,259.3666666666667,393.71543333333335,0.44432003642987244,0.0,43.43333333333333,3.7,144015.3118656,1.4333333333333333,71.23531876138433,4.5249077413479055,2020,2241000.0,19203.084832904882
773,NORTH DAKOTA,MCHENRY,38049,5.837914769277473,35.26888888888889,-28.481388888888887,2.4027777777777777,268.2083333333333,310.48156944444446,0.49082551608986036,0.0,41.43055555555556,2.236111111111111,136656.9095376,0.6944444444444444,68.43966302367942,4.368012067395265,2020,4404000.0,41902.94957183635
774,NORTH DAKOTA,MCINTOSH,38051,6.007401335761991,32.18222222222222,-29.307037037037034,0.0,259.14814814814815,437.10003703703705,0.42702013762396274,0.0,47.77777777777778,3.8518518518518516,145251.5312576,1.148148148148148,72.1068306010929,4.413733454766242,2020,3496000.0,30400.0
775,NORTH DAKOTA,MCLEAN,38055,5.806044663767146,34.023163265306124,-30.642346938775507,0.8061224489795918,270.16326530612247,323.9622142857143,0.4875066633210661,0.0,40.48979591836735,1.9081632653061225,140524.87544698777,0.7755102040816326,68.21282201405153,4.303809774729563,2020,6017000.0,54600.72595281307
776,NORTH DAKOTA,MERCER,38057,6.479721653005464,34.772708333333334,-29.5575,1.9166666666666667,266.1041666666667,308.403375,0.5346948998178506,0.020833333333333332,40.229166666666664,1.9166666666666665,142968.68897760002,0.3125,66.226912568306,4.240906477686703,2020,2449000.0,23502.879078694816
777,NORTH DAKOTA,MORTON,38059,6.907986042530779,35.429638554216865,-29.79409638554217,2.36144578313253,263.0120481927711,246.38045783132532,0.583617157153203,0.0,39.87951807228916,1.1325301204819276,144337.6542069976,0.4457831325301205,65.00990848640463,4.150285535584962,2020,3923000.0,42002.141327623125
778,NORTH DAKOTA,MOUNTRAIL,38061,5.270416245024624,34.56172839506173,-31.4837037037037,1.0617283950617282,278.98765432098764,320.21986419753085,0.48117162517708967,0.04938271604938271,34.08641975308642,1.2222222222222223,139757.88731093335,0.9629629629629629,68.53634217095055,4.3514260271200165,2020,240000.0,2160.2160216021603
779,NORTH DAKOTA,NELSON,38063,5.15562680810029,32.986176470588234,-32.005,0.058823529411764705,263.5,583.2131176470589,0.39921865959498554,0.0,53.35294117647059,4.823529411764706,134065.6852811294,1.2941176470588236,74.06719704275153,4.646572484731598,2020,1129000.0,9246.519246519247
780,NORTH DAKOTA,OLIVER,38065,6.4783278688524595,35.311,-30.838,2.1500000000000004,266.35,274.86365,0.5434833333333333,0.0,43.15,1.65,142797.54980160002,0.55,66.38498633879782,4.181792759562842,2020,1305000.0,14695.945945945947
781,NORTH DAKOTA,PEMBINA,38067,4.805546448087432,34.06885714285715,-31.08028571428571,0.5142857142857142,262.8285714285714,546.8396285714285,0.406527712724434,0.0,50.714285714285715,3.8,132106.03518445714,1.0285714285714285,72.10811085089773,4.138743715846994,2020,2303000.0,13798.681845416417
782,NORTH DAKOTA,PIERCE,38069,5.279508196721311,34.56926829268293,-31.26170731707317,0.5609756097560976,269.3658536585366,388.9080243902439,0.42344135679061706,0.0,46.5609756097561,2.6341463414634148,135611.69049272197,0.8292682926829269,71.919718779155,4.4417499000399845,2020,2043000.0,17703.639514731367
783,NORTH DAKOTA,RAMSEY,38071,4.96264254046809,32.84641509433962,-32.51264150943396,0.24528301886792453,266.75471698113205,442.81688679245286,0.3756003711722858,0.0,49.64150943396226,3.0,132523.84659043018,1.4150943396226414,75.12717805959377,4.55463331271265,2020,3440000.0,26502.31124807396
784,NORTH DAKOTA,RANSOM,38073,6.4501058743169395,35.344166666666666,-30.302916666666665,1.625,248.125,561.4351666666666,0.41214674408014573,0.45833333333333337,49.791666666666664,5.083333333333333,140116.02521760002,2.25,74.06551684881603,4.323921561930783,2020,11793000.0,64302.0719738277
785,NORTH DAKOTA,RENVILLE,38075,5.138629195940672,35.308571428571426,-31.730571428571427,0.8571428571428572,278.8857142857143,334.4466,0.4727688524590164,0.0,46.31428571428572,1.8285714285714285,136136.35227702858,1.6285714285714286,68.47640124902419,4.412018891491023,2020,784000.0,6987.522281639928
786,NORTH DAKOTA,RICHLAND,38077,6.609327059299737,37.90277777777778,-30.87777777777778,4.2407407407407405,246.90740740740742,465.5341111111111,0.4700239324023477,1.1111111111111112,48.166666666666664,4.2407407407407405,142051.6002176,2.314814814814815,71.34552722121029,4.201448036834649,2020,44170000.0,235447.76119402985
787,NORTH DAKOTA,SARGENT,38081,6.775339253187614,35.69916666666666,-30.45958333333333,1.9166666666666667,248.5,468.789125,0.4317883652094717,0.20833333333333334,51.291666666666664,3.333333333333333,140019.4393776,2.875,73.43293488160292,4.256849726775957,2020,14776000.0,80699.0715456035
788,NORTH DAKOTA,SHERIDAN,38083,5.658772833723654,33.91171428571429,-31.58,0.11428571428571428,265.0857142857143,343.7700571428571,0.4692569086651054,0.0,44.48571428571429,2.657142857142857,138821.43297188572,1.0285714285714285,69.22665886026542,4.544012256049961,2020,1256000.0,11294.964028776978
789,NORTH DAKOTA,SLOPE,38087,7.090084769511,35.405641025641025,-31.172820512820515,4.512820512820513,275.2307692307692,179.76320512820513,0.6382908785203867,1.3333333333333335,32.48717948717949,0.6153846153846154,148766.74189144617,0.07692307692307693,62.13294101162954,4.342308813226846,2020,376000.0,5902.668759811617
790,NORTH DAKOTA,STARK,38089,6.885837887067395,35.91948717948718,-28.574358974358976,4.128205128205128,273.8974358974359,236.0459487179487,0.6094050021017234,0.6153846153846154,35.256410256410255,0.8974358974358975,145710.16466067694,0.0,63.00364298724954,4.422428121059268,2020,1664000.0,25098.039215686276
791,NORTH DAKOTA,STEELE,38091,5.807655737704918,34.926,-30.095499999999998,1.25,252.4,564.2905,0.45780614754098364,0.19999999999999998,54.4,7.0,137115.8482176,1.75,71.23945355191256,4.545188934426229,2020,5138000.0,31599.015990159904
792,NORTH DAKOTA,STUTSMAN,38093,6.090735753317721,33.25202380952381,-30.59488095238095,0.13095238095238093,254.51190476190476,429.54390476190474,0.4541495901639344,0.0,45.36904761904762,4.404761904761905,139822.8170976,1.9166666666666665,71.40399102263856,4.557218904501692,2020,10562000.0,71899.25119128659
793,NORTH DAKOTA,TOWNER,38095,4.605017304189436,33.18966666666667,-30.197666666666667,0.06666666666666667,276.3333333333333,441.70413333333335,0.36647768670309655,0.0,43.43333333333333,3.3666666666666667,132208.26024960002,1.2666666666666666,74.45755009107468,4.417266211293261,2020,408000.0,5158.0278128950695
794,NORTH DAKOTA,TRAILL,38097,5.650468384074941,36.66857142857143,-31.246785714285714,3.678571428571429,251.10714285714286,571.4745,0.45638973458235754,0.6071428571428572,53.357142857142854,6.5,137854.82093760002,2.2142857142857144,70.94894613583138,4.28242681498829,2020,6873000.0,39500.0
795,NORTH DAKOTA,WALSH,38099,4.9409003382773875,33.05666666666667,-31.156190476190474,0.30952380952380953,263.5,605.2590238095238,0.38087607338017176,0.0,49.92857142857143,4.738095238095238,132441.68145188573,1.0476190476190474,73.96026541764247,4.285678116055165,2020,3086000.0,21297.44651483782
796,NORTH DAKOTA,WARD,38101,5.536143427933486,34.96043010752688,-30.63612903225806,0.5376344086021506,271.7741935483871,309.5958602150538,0.4962858276044421,0.0,43.03225806451613,1.5161290322580645,138034.99180985807,0.8172043010752689,67.51996592044186,4.543363711146366,2020,2287000.0,18900.826446280993
797,NORTH DAKOTA,WELLS,38103,5.685721918639951,33.964666666666666,-31.559111111111115,0.022222222222222223,262.53333333333336,308.0710888888889,0.4602582877959927,0.0,41.666666666666664,2.177777777777778,138606.22604160002,1.711111111111111,70.71958712811173,4.575328961748634,2020,5310000.0,43596.05911330049
798,SOUTH DAKOTA,AURORA,46003,9.18934699453552,36.046499999999995,-24.603,2.15,234.5,532.41375,0.5701025956284153,0.0,45.35,4.3,144481.8607776,3.0500000000000003,68.1213387978142,4.110470218579235,2020,12681000.0,74902.53987005315
799,SOUTH DAKOTA,BEADLE,46005,8.40450591985428,34.55972222222223,-30.270555555555557,0.6388888888888888,237.91666666666666,545.9774722222222,0.5245467516697024,0.0,50.5,4.277777777777778,143170.6877376,4.583333333333333,70.05400728597449,4.110451350941105,2020,24759000.0,144199.1846243448
800,SOUTH DAKOTA,BENNETT,46007,9.51474043715847,39.80233333333333,-20.511666666666667,15.9,252.8,466.1856666666667,0.7589035519125682,2.7666666666666666,64.26666666666667,2.3666666666666667,155982.80280960002,0.16666666666666669,60.94131147540984,4.301636156648452,2020,1852000.0,23804.627249357327
801,SOUTH DAKOTA,BON HOMME,46009,9.90593306010929,35.8075,-23.942500000000003,6.8,224.5,569.2201,0.6248639344262295,0.5,55.15,4.7,141512.4461376,3.95,66.60445355191257,3.8659445355191258,2020,15378000.0,89096.17612977984
802,SOUTH DAKOTA,BROOKINGS,46011,7.391048659901119,34.555238095238096,-28.991428571428575,0.5714285714285714,241.9047619047619,478.3030476190476,0.4486621129326047,0.0,57.38095238095238,3.4761904761904763,138583.9769718857,5.857142857142857,73.18277387457715,4.196337756960707,2020,24664000.0,129401.88877229801
803,SOUTH DAKOTA,BROWN,46013,7.317221409055426,34.89964285714286,-30.886249999999997,1.892857142857143,247.48214285714286,377.2820892857143,0.4948437256049961,0.0,49.660714285714285,2.0357142857142856,143937.49372045716,2.0892857142857144,71.35579137392662,4.115570647931303,2020,24512000.0,149099.75669099757
804,SOUTH DAKOTA,BRULE,46015,9.659206599411517,36.945,-23.461153846153845,3.3846153846153846,237.8846153846154,553.8069230769231,0.6048620218579235,0.038461538461538464,42.0,5.423076923076923,145673.58179298462,1.5769230769230769,66.28932324506096,4.002628625472887,2020,11342000.0,70799.00124843945
805,SOUTH DAKOTA,BUFFALO,46017,9.304412568306011,36.63928571428572,-23.2,2.4285714285714284,241.14285714285714,524.2465,0.6021612021857923,0.0,42.07142857142857,5.571428571428571,144743.69505188573,2.142857142857143,66.11188524590165,4.020278883684621,2020,3568000.0,22397.991211550532
806,SOUTH DAKOTA,BUTTE,46019,8.710330796252927,37.57440476190476,-25.646785714285713,14.05952380952381,261.0595238095238,382.82386904761904,0.7563993624772314,3.1547619047619047,56.01190476190476,1.2857142857142858,150246.81787474288,0.738095238095238,58.123295602393966,3.9862836325787145,2020,221000.0,2259.713701431493
807,SOUTH DAKOTA,CAMPBELL,46021,7.1849976241387505,35.24,-29.879565217391306,2.8260869565217392,255.08695652173913,348.9618695652174,0.5622381800902827,0.0,44.47826086956522,3.217391304347826,147324.14589412176,1.0,66.91199809931099,4.010991090520314,2020,5749000.0,45303.38849487786
808,SOUTH DAKOTA,CHARLES MIX,46023,9.836493950039033,36.72625,-23.759642857142858,5.357142857142857,229.51785714285714,583.8997857142857,0.6185489363778298,0.26785714285714285,48.035714285714285,5.517857142857142,146915.72949188572,1.625,66.22060889929742,3.836673155737705,2020,19045000.0,118291.9254658385
809,SOUTH DAKOTA,CLARK,46025,7.662908014571949,33.988,-29.66466666666667,0.36666666666666664,237.4,559.1101666666667,0.507142349726776,0.0,52.9,4.333333333333333,141714.86031360002,4.166666666666666,69.40581967213114,4.462358743169399,2020,17320000.0,99198.16723940436
810,SOUTH DAKOTA,CLAY,46027,10.042082574377657,37.150000000000006,-23.704444444444444,6.888888888888888,223.88888888888889,505.271,0.6284757134183364,0.7777777777777778,56.888888888888886,4.0,140235.9101376,6.555555555555555,67.01788099574985,3.973700060716454,2020,18149000.0,96898.02455953015
811,SOUTH DAKOTA,CODINGTON,46029,6.954945355191257,33.74944444444444,-29.07388888888889,0.38888888888888884,243.38888888888889,475.6840555555556,0.4636062537947784,0.0,53.72222222222222,3.888888888888889,140418.8870976,4.166666666666667,71.47800546448087,4.401295081967213,2020,12721000.0,70398.45047039293
812,SOUTH DAKOTA,CORSON,46031,7.9364204234972675,35.67825,-26.08225,4.75,256.3,292.28612499999997,0.6409751707650273,0.075,40.575,1.775,148963.3636536,0.25,62.93117486338798,4.1388745218579235,2020,4022000.0,43200.85929108486
813,SOUTH DAKOTA,DAVISON,46035,9.087407407407406,35.49555555555556,-27.743333333333332,2.7777777777777777,230.44444444444446,540.1401111111111,0.566991196114147,0.0,46.77777777777778,4.777777777777778,143351.1667776,4.222222222222222,68.66123254401943,4.077069823922283,2020,10161000.0,61693.98907103825
814,SOUTH DAKOTA,DAY,46037,6.923651810109289,33.12,-29.495625,0.5625,244.4375,416.9346875,0.47683350409836067,0.0,49.90625,3.625,141474.6925776,3.25,70.33209528688525,4.552575990437158,2020,10594000.0,64597.560975609755
815,SOUTH DAKOTA,DEUEL,46039,7.460192964480874,34.125625,-28.546875,0.1875,236.9375,389.097,0.49215351775956284,0.0,54.3125,2.5625,139602.17831760002,5.1875,70.16596653005465,4.343463797814207,2020,14702000.0,82502.80583613917
816,SOUTH DAKOTA,DEWEY,46041,8.471115573770492,37.5156,-25.4773,8.05,246.7,382.89444000000003,0.6611320218579235,0.09,44.98,2.25,150031.5804864,0.47000000000000003,62.56510655737706,4.11071912568306,2020,2051000.0,24300.947867298575
817,SOUTH DAKOTA,DOUGLAS,46043,9.113894684550422,36.554545454545455,-26.60181818181818,2.8181818181818183,233.63636363636363,541.1819090909091,0.5647061599602583,0.0,48.36363636363637,5.0,145304.47066123638,2.2727272727272725,68.80538996522603,3.9955683060109286,2020,11022000.0,60295.404814004374
818,SOUTH DAKOTA,EDMUNDS,46045,7.116274217585693,34.445151515151515,-29.74030303030303,0.5757575757575758,250.8181818181818,507.0947272727273,0.4855600264944527,0.0,48.72727272727273,4.96969696969697,146252.38941032728,1.1818181818181819,70.58788706739527,4.112000496770988,2020,15129000.0,104698.96193771626
819,SOUTH DAKOTA,FALL RIVER,46047,9.822460724043717,39.454166666666666,-17.815416666666668,22.4375,262.1041666666667,314.49839583333335,0.8926030851548269,14.458333333333332,53.875,1.1875,158354.25233760002,0.9583333333333334,54.05135473588342,3.538690289162113,2020,232000.0,2320.0
820,SOUTH DAKOTA,FAULK,46049,7.690094110503947,35.40555555555555,-29.176666666666666,1.5185185185185184,244.59259259259258,494.28222222222223,0.526047358834244,0.0,52.55555555555556,4.851851851851852,146243.3594176,1.5925925925925926,69.41315523173446,4.088758348512447,2020,15038000.0,94697.7329974811
821,SOUTH DAKOTA,GRANT,46051,7.4386104605776735,34.36857142857143,-28.765238095238097,1.2380952380952381,238.66666666666666,387.2055238095238,0.5145068956544366,0.19047619047619047,50.095238095238095,3.1904761904761902,140054.12193188572,4.0,68.85094977881863,4.140805360395524,2020,17404000.0,102799.7637330183
822,SOUTH DAKOTA,GREGORY,46053,10.08171627840092,36.50657894736842,-22.7,5.105263157894736,229.23684210526315,563.9236578947368,0.6503710094909405,0.4473684210526315,46.44736842105263,5.7894736842105265,148597.62879865264,1.5263157894736843,64.12194420477424,4.145665084843256,2020,6122000.0,47201.23361603701
823,SOUTH DAKOTA,HAAKON,46055,9.08994757052134,38.928783783783786,-24.236756756756755,17.77027027027027,251.52702702702703,439.22258108108105,0.7203942549106483,2.945945945945946,55.148648648648646,2.054054054054054,150224.1033786811,1.0945945945945945,60.9478806675528,3.911332521045636,2020,1827000.0,30000.0
824,SOUTH DAKOTA,HAMLIN,46057,7.350673952641166,34.16583333333333,-28.98,0.4166666666666667,240.33333333333334,468.1885,0.4732862021857923,0.0,51.75,4.25,140758.8156576,5.666666666666667,71.78071493624772,4.338821948998178,2020,15569000.0,84202.27149810709
825,SOUTH DAKOTA,HAND,46059,8.305191907364039,35.55380952380953,-28.554761904761904,1.4047619047619049,241.14285714285714,494.2604523809524,0.5486910616705698,0.0,51.76190476190476,4.285714285714286,145355.04211474286,3.0476190476190474,68.21313427010148,4.120063036690086,2020,18617000.0,130097.83368273935
826,SOUTH DAKOTA,HANSON,46061,8.881605950212508,35.66222222222222,-29.35777777777778,4.111111111111111,230.44444444444446,525.8521111111111,0.5586800242865816,0.2222222222222222,54.888888888888886,5.333333333333333,142718.6189376,4.222222222222222,69.47140255009107,4.110397085610201,2020,12042000.0,71892.53731343284
827,SOUTH DAKOTA,HUGHES,46065,9.201723074211175,38.91903225806452,-25.60741935483871,12.193548387096774,244.4516129032258,360.78716129032256,0.6538517539220872,0.03225806451612903,47.54838709677419,2.6129032258064515,147163.2344008258,1.7741935483870968,64.9214172395558,4.079989599858981,2020,5736000.0,44499.612102404964
828,SOUTH DAKOTA,HUTCHINSON,46067,9.25751756440281,36.07047619047619,-27.73761904761905,5.380952380952381,227.57142857142858,583.2831428571428,0.5817706219099662,0.23809523809523808,54.095238095238095,5.0,142402.75411474286,3.476190476190476,68.35399427530575,4.0734012490242,2020,24450000.0,140598.044853364
829,SOUTH DAKOTA,HYDE,46069,8.152301587301588,36.86571428571428,-29.817142857142855,3.761904761904762,243.52380952380952,435.4787619047619,0.5789737184491283,0.0,50.57142857142857,3.571428571428571,147067.52878902858,2.142857142857143,67.21717408274786,4.218753708040594,2020,6692000.0,42897.4358974359
830,SOUTH DAKOTA,JERAULD,46073,8.72037795992714,35.20666666666666,-26.5625,0.9166666666666666,236.41666666666666,546.6878333333333,0.5502720856102004,0.0,47.916666666666664,5.166666666666667,144397.37957760002,3.6666666666666665,68.00366575591985,4.125077413479053,2020,6010000.0,38402.55591054313
831,SOUTH DAKOTA,JONES,46075,9.842508372994889,40.56225806451613,-24.462580645161292,20.258064516129032,241.38709677419354,388.0216129032258,0.7623667371760974,2.5483870967741935,51.225806451612904,2.6774193548387095,150805.0735543742,2.3548387096774195,59.85787061519478,4.096227481050591,2020,1887000.0,20600.43668122271
832,SOUTH DAKOTA,KINGSBURY,46077,7.819594717668489,34.17625,-30.411666666666665,0.375,238.54166666666666,487.953875,0.4862009335154827,0.0,54.041666666666664,4.041666666666667,140871.9838176,5.666666666666666,71.30594262295081,4.404757513661202,2020,22075000.0,122299.16897506925
833,SOUTH DAKOTA,LAKE,46079,7.9841530054644805,34.088,-29.073333333333334,0.6666666666666666,236.6,452.54906666666665,0.48988142076502733,0.0,60.06666666666666,3.2666666666666666,139994.5271616,5.333333333333334,71.41959927140255,4.389573588342441,2020,19727000.0,107095.54831704669
834,SOUTH DAKOTA,LINCOLN,46083,9.209017759562842,36.68,-26.575499999999998,3.9,226.95,398.57345,0.5651424863387978,0.44999999999999996,52.65,1.65,140663.75319360002,9.05,69.38468579234973,4.045174863387978,2020,20817000.0,129298.13664596273
835,SOUTH DAKOTA,LYMAN,46085,9.937262756869083,38.7743661971831,-22.087605633802816,8.95774647887324,236.83098591549296,397.68539436619716,0.6947067651812514,0.09859154929577464,43.36619718309859,3.197183098591549,147345.25939281128,2.169014084507042,62.63042792272763,4.078354575540676,2020,5316000.0,46795.77464788732
836,SOUTH DAKOTA,MARSHALL,46091,6.90721766848816,34.48875,-29.65125,1.2916666666666667,247.29166666666666,385.7395833333333,0.47734892987249544,0.0,52.916666666666664,2.5833333333333335,141287.4022176,3.2916666666666665,70.73768214936248,4.3701697404371584,2020,7745000.0,46600.48134777377
837,SOUTH DAKOTA,MCCOOK,46087,8.592918943533697,35.29,-28.765833333333333,2.0833333333333335,232.5,511.98408333333333,0.5323337887067395,0.0,58.0,3.6666666666666665,141667.5982176,6.166666666666666,70.02798269581056,4.264308287795993,2020,18899000.0,107994.28571428571
838,SOUTH DAKOTA,MCPHERSON,46089,6.467988905447922,33.731212121212124,-29.61060606060606,0.09090909090909091,255.36363636363637,524.1990303030303,0.4475790693823481,0.0,49.75757575757576,5.636363636363637,145790.12375214548,1.2121212121212122,71.57497930120881,4.1688701771816525,2020,6604000.0,45797.503467406386
839,SOUTH DAKOTA,MEADE,46093,8.84927287770338,37.40957746478873,-23.98218309859155,14.669014084507042,255.4718309859155,432.0585352112676,0.7298842453628877,3.1267605633802815,59.83802816901409,2.507042253521127,150255.33770717747,0.8028169014084506,59.724315015777734,3.8791680712691448,2020,379000.0,8275.109170305677
840,SOUTH DAKOTA,MELLETTE,46095,10.248092213114754,40.08325,-23.095499999999998,23.900000000000002,240.2,408.98845,0.7879885245901639,1.975,54.45,2.275,151843.08548160002,1.75,59.42660519125683,4.095876912568306,2020,559000.0,7895.480225988701
841,SOUTH DAKOTA,MINER,46097,8.379557377049181,34.48866666666667,-30.732000000000003,0.4666666666666667,236.93333333333334,481.20386666666667,0.5138943533697632,0.0,56.0,3.8666666666666667,141293.5770816,5.466666666666667,70.72324225865209,4.3062500910746815,2020,12400000.0,76495.99012954967
842,SOUTH DAKOTA,MINNEHAHA,46099,8.587088212334114,35.81142857142857,-26.45952380952381,2.238095238095238,233.42857142857142,382.22266666666667,0.5227785584179027,0.047619047619047616,56.714285714285715,1.4285714285714284,140830.15480045715,6.666666666666666,70.6675123601353,4.112554905022118,2020,25976000.0,142100.65645514222
843,SOUTH DAKOTA,MOODY,46101,8.121609744990893,35.722500000000004,-27.66333333333333,1.75,238.0,407.8516666666667,0.4933829690346084,0.0,55.833333333333336,2.1666666666666665,140067.8914176,4.916666666666667,71.70869763205829,4.20108378870674,2020,22119000.0,113898.04325437694
844,SOUTH DAKOTA,POTTER,46107,7.573182009247583,36.75653846153846,-29.241923076923076,4.730769230769231,248.69230769230768,519.3756153846153,0.551427700714586,0.0,51.26923076923077,4.230769230769231,148014.74597760002,0.7307692307692308,67.4770071458596,4.227142812105927,2020,9313000.0,66096.52235628104
845,SOUTH DAKOTA,ROBERTS,46109,7.134994002399041,35.9019512195122,-29.846341463414635,2.1707317073170733,243.90243902439025,368.301,0.5101211515393842,0.43902439024390244,46.78048780487805,2.658536585365854,142268.36374150246,2.7317073170731705,69.10856324137012,4.097840597094495,2020,21466000.0,127697.7989292088
846,SOUTH DAKOTA,SANBORN,46111,8.69804918032787,34.36666666666667,-29.779999999999998,0.5333333333333333,232.86666666666667,561.5038666666667,0.5282234972677596,0.0,49.0,4.8,143100.43493760002,5.666666666666667,70.20163934426229,4.033994353369763,2020,7087000.0,45400.38436899424
847,SOUTH DAKOTA,SPINK,46115,8.051759448998178,35.09104166666667,-30.05541666666667,1.7708333333333333,240.72916666666666,505.69375,0.5400561247723132,0.0,50.270833333333336,4.0625,143980.6793976,3.6875,69.37901867030965,4.18119814435337,2020,33623000.0,188999.43788645306
848,SOUTH DAKOTA,SULLY,46119,8.183697632058287,37.575833333333335,-29.488055555555555,10.027777777777779,246.19444444444446,463.90833333333336,0.5940460686095932,0.0,49.5,3.694444444444444,148306.9308576,1.4444444444444444,66.65360503946569,4.074213266545233,2020,14356000.0,97000.0
849,SOUTH DAKOTA,TRIPP,46123,10.134115925058548,38.239285714285714,-22.332321428571426,10.5,236.48214285714286,533.3019821428571,0.7097121877439501,0.5,52.05357142857143,4.464285714285714,148689.0052518857,2.1785714285714284,62.39379391100702,4.294817574160812,2020,7738000.0,65299.57805907173
850,SOUTH DAKOTA,TURNER,46125,9.335739412568305,36.310625,-26.29,4.5625,226.5,481.7080625,0.5820426912568306,0.0,55.25,3.125,140775.44765760002,6.5,68.31512978142077,4.108368169398907,2020,23877000.0,134898.30508474575
851,SOUTH DAKOTA,UNION,46127,9.794027643844423,37.42588235294118,-23.98470588235294,4.764705882352941,227.47058823529412,558.4330588235294,0.5754154612664738,0.47058823529411764,57.8235294117647,4.823529411764706,139960.66300348236,7.882352941176471,69.7673256187721,3.9982050787528127,2020,20317000.0,108996.78111587983
852,SOUTH DAKOTA,WALWORTH,46129,7.588247640337804,36.01,-28.636363636363637,4.2727272727272725,250.45454545454547,382.59863636363633,0.5814207650273224,0.0,44.45454545454545,2.8181818181818183,147826.35784669092,0.7727272727272727,65.74730501738699,4.210027570789866,2020,8003000.0,53000.0
853,SOUTH DAKOTA,YANKTON,46135,9.87160746812386,35.321666666666665,-23.690833333333334,3.8333333333333335,223.41666666666666,497.3618333333333,0.6064023224043716,0.0,58.25,3.6666666666666665,139892.1523776,4.333333333333334,67.42447632058288,3.9453192167577416,2020,14561000.0,85002.91885580852
854,SOUTH DAKOTA,ZIEBACH,46137,8.392395379400982,37.742278481012654,-24.414556962025316,10.075949367088608,254.91139240506328,416.45451898734177,0.6651805353807844,1.2025316455696204,50.949367088607595,2.6582278481012658,150674.6065062076,0.8607594936708861,62.46794286504807,4.003171024417237,2020,1189000.0,12798.708288482238
855,TEXAS,ATASCOSA,48013,22.118636915604128,41.20027777777778,-1.927777777777778,76.55555555555556,81.05555555555556,686.66925,1.0399769277474196,2.0833333333333335,72.41666666666667,7.277777777777778,165022.5492576,0.6944444444444444,67.9798876745598,3.9323153460837887,2020,110500.0,1620.2346041055719
856,TEXAS,AUSTIN,48015,21.255274362477234,37.876666666666665,-2.154166666666667,35.291666666666664,83.16666666666667,1223.4174583333333,0.7855064890710384,0.16666666666666666,97.79166666666667,12.708333333333334,151559.46005760002,3.875,74.31203324225865,4.8249270264116575,2020,577000.0,5101.679929266136
857,TEXAS,BEE,48025,22.779869557553326,39.34129032258064,0.009999999999999995,60.16129032258065,63.12903225806452,869.041,0.8918968799576944,0.0,91.2258064516129,7.580645161290322,158703.64143050322,1.5483870967741935,72.47394676537986,5.45721716904636,2020,1031000.0,14898.843930635838
858,TEXAS,BELL,48027,20.15647668064557,40.24813953488372,-4.145813953488372,56.46511627906977,103.5813953488372,724.4737906976744,0.9666511627906977,8.186046511627907,75.3953488372093,6.651162790697675,155329.19135062327,3.8139534883720927,68.00976617105096,3.517758673274876,2020,6075000.0,64490.44585987261
859,TEXAS,BEXAR,48029,21.25952641165756,40.8352380952381,-2.6988095238095235,67.38095238095238,90.64285714285714,686.9333333333333,1.0410308352849336,5.0476190476190474,79.14285714285714,5.833333333333333,158610.04668617144,2.261904761904762,66.52364689045017,3.050796383034088,2020,539000.0,5000.0
860,TEXAS,BURLESON,48051,20.738327641165757,39.07125,-2.4883333333333333,48.041666666666664,90.91666666666667,922.1060416666667,0.8247436247723132,0.625,87.83333333333333,8.166666666666666,151315.1802576,5.125,72.93191029143898,4.254179075591986,2020,1099000.0,9097.682119205298
861,TEXAS,CALHOUN,48057,22.677741632513662,34.404375,3.3959375,7.75,41.15625,940.74946875,0.6269766051912568,0.0,88.8125,9.46875,158721.0594876,1.34375,79.1861168032787,6.883604166666666,2020,2896000.0,24500.846023688664
862,TEXAS,CAMERON,48061,24.117021857923497,37.40677419354839,2.5829032258064513,30.903225806451612,28.483870967741936,665.4622903225807,0.802258945884012,0.0,62.87096774193548,5.354838709677419,167346.58348985808,1.129032258064516,76.20326987484576,7.31885572007756,2020,3690000.0,38397.50260145682
863,TEXAS,COLEMAN,48083,18.889930523028884,41.34742857142857,-5.676285714285714,62.714285714285715,132.11428571428573,433.7436285714286,1.1906368462138952,24.114285714285714,43.77142857142857,4.742857142857143,171023.9840393143,2.2,58.63803278688525,3.433713270882123,2020,114500.0,4089.285714285714
864,TEXAS,COLLIN,48085,18.711881147540982,38.8015,-3.594,21.1,119.15,1038.68125,0.8379569672131147,0.5,78.95,10.2,152099.4260736,4.9,68.92034153005464,3.560404781420765,2020,737000.0,8225.44642857143
865,TEXAS,COLORADO,48089,21.273230288836846,37.81285714285715,-1.3671428571428572,33.48571428571429,82.91428571428571,1109.6703428571427,0.769308118657299,0.22857142857142856,99.34285714285714,10.628571428571428,151524.45024274287,3.1714285714285713,74.83010928961748,4.945836768149883,2020,1266000.0,9701.149425287356
866,TEXAS,COOKE,48097,17.706799863387978,38.569583333333334,-3.9116666666666666,15.791666666666666,137.08333333333334,1287.3686666666667,0.7895135473588342,0.625,75.83333333333333,15.333333333333334,155110.4633376,6.583333333333334,69.05007969034608,3.204021744080146,2020,106300.0,1380.5194805194806
867,TEXAS,DALLAM,48111,13.710327868852458,38.580000000000005,-12.942222222222222,41.05555555555556,221.25,256.5280833333333,1.1372859744990893,23.916666666666668,40.25,0.75,183284.75957760002,0.25,50.42402094717668,4.889116499696418,2020,14855000.0,74015.94419531639
868,TEXAS,DEAF SMITH,48117,14.740850789313903,40.441944444444445,-11.314722222222223,42.22222222222222,207.16666666666666,275.54952777777777,1.2400245901639344,32.916666666666664,39.80555555555556,0.9722222222222222,185544.8964576,0.027777777777777776,49.10475106253794,4.758709623557984,2020,4423000.0,28498.711340206188
869,TEXAS,DEWITT,48123,22.03799683635318,40.389210526315786,-1.3602631578947368,62.526315789473685,76.60526315789474,851.8117894736841,0.8954065286166234,0.18421052631578946,95.3157894736842,7.921052631578947,156111.55599865265,1.526315789473684,72.11212251941329,4.916012295081967,2020,366000.0,3901.9189765458423
870,TEXAS,ELLIS,48139,19.350421675774136,39.63066666666667,-3.5223333333333335,32.03333333333333,110.76666666666667,1020.0370666666666,0.8614319672131148,1.8666666666666667,74.66666666666667,11.066666666666666,150790.9893696,6.366666666666667,69.39248633879782,3.7929728597449905,2020,2475000.0,25594.62254395036
871,TEXAS,FALLS,48145,20.052200866779724,40.021379310344834,-3.3455172413793104,51.758620689655174,102.3103448275862,921.1816551724138,0.869432070849821,3.275862068965517,83.10344827586206,8.931034482758621,151275.23290725518,4.793103448275862,71.08170341058978,3.9671217260222345,2020,4753000.0,54196.12314709236
872,TEXAS,FANNIN,48147,17.858623633879784,38.61708333333333,-3.9904166666666665,20.291666666666668,134.08333333333334,1128.8895833333333,0.7380737704918032,0.0,88.625,13.458333333333334,149193.3643776,6.625,71.72128870673953,3.4544476320582875,2020,706000.0,7995.469988674972
873,TEXAS,FAYETTE,48149,21.294980957112106,40.32424242424243,-2.432424242424242,54.18181818181818,87.72727272727273,863.0791515151516,0.8679980129160457,0.9393939393939394,90.18181818181819,8.030303030303031,152975.4148066909,4.575757575757576,72.31832256996192,4.083455952972346,2020,618000.0,6798.679867986798
874,TEXAS,FORT BEND,48157,21.788644456196018,36.72870967741935,-0.832258064516129,20.806451612903224,69.3225806451613,1391.3438709677419,0.7580866384628945,0.0,103.16129032258064,15.129032258064516,150873.41010147097,2.935483870967742,75.4477965802926,5.598117045654857,2020,3115000.0,19702.71979759646
875,TEXAS,FRIO,48163,22.366170309653917,42.357083333333335,-3.685416666666667,94.83333333333333,82.375,578.92575,1.229158014571949,12.333333333333334,60.083333333333336,5.75,166931.25053760002,0.8333333333333333,63.240551001821494,3.4770732012750454,2020,881000.0,6130.828114126653
876,TEXAS,GILLESPIE,48171,18.90564272703617,39.44714285714286,-4.253809523809524,23.666666666666668,115.95238095238095,580.6687619047619,0.9399313036690086,4.285714285714286,53.523809523809526,5.666666666666666,162284.39553188573,3.4285714285714284,65.51540463179808,3.381883554514702,2020,117700.0,1449.5073891625616
877,TEXAS,GRAY,48179,15.159777322404372,41.683499999999995,-10.003,36.75,195.7,332.35200000000003,1.0994625683060109,20.55,47.25,1.55,177736.6855296,0.75,55.33304644808743,4.840175683060109,2020,1039000.0,5801.228364042435
878,TEXAS,GRAYSON,48181,17.927280178837556,37.693939393939395,-4.202121212121212,17.363636363636363,131.8181818181818,1180.0530303030303,0.7692046696472926,0.06060606060606061,82.60606060606061,12.878787878787879,153995.1942685091,6.454545454545455,70.4181487001159,3.359157062427554,2020,995000.0,13705.234159779615
879,TEXAS,GUADALUPE,48187,21.282514637002343,40.450357142857136,-2.429642857142857,60.392857142857146,90.0,686.8342857142857,0.9516330991412958,2.071428571428571,82.71428571428571,5.642857142857142,156850.82830902858,3.6071428571428568,69.45547423887588,3.4569178376268543,2020,1854000.0,20996.60249150623
880,TEXAS,HALE,48189,15.738826229508197,41.3552,-11.6304,41.36,190.96,224.17704,1.243647213114754,32.96,37.84,0.76,183310.47342720002,0.12,51.09181420765027,4.509889945355191,2020,2777000.0,19597.74170783345
881,TEXAS,HANSFORD,48195,14.66774180327869,41.03,-10.9885,47.6,200.55,365.73215,1.1538198087431695,32.7,49.6,2.4000000000000004,178470.4435776,0.85,53.091489071038254,4.931466803278688,2020,11263000.0,54701.3113161729
882,TEXAS,HAYS,48209,20.51838407494145,39.79642857142857,-2.6542857142857144,47.75,95.46428571428571,810.8310714285715,0.9360251756440281,3.9285714285714284,78.0,7.5,156140.11980617142,4.0,68.45171740827479,3.205277907884465,2020,361000.0,3299.81718464351
883,TEXAS,HIDALGO,48215,23.916659583080346,40.15018518518519,0.7894444444444445,84.74074074074075,49.166666666666664,721.3307037037038,1.112301507791945,0.018518518518518517,54.72222222222222,6.611111111111111,169457.74933760002,1.537037037037037,68.30527727180733,6.222683060109289,2020,4200000.0,36300.77787381158
884,TEXAS,HILL,48217,19.359322404371586,40.07828571428571,-2.5028571428571427,37.77142857142857,111.54285714285714,1016.5171142857142,0.8569345042935206,4.142857142857142,72.48571428571428,11.942857142857143,152075.6669376,6.085714285714285,70.31781420765027,3.6449288836846216,2020,5998000.0,59800.59820538385
885,TEXAS,HOCKLEY,48219,16.432236338797814,42.6705,-10.309999999999999,55.65,186.55,177.70105,1.3939419398907105,48.25,31.150000000000002,0.15000000000000002,187512.5232576,0.35,47.11247267759563,4.474842896174864,2020,600000.0,7228.915662650603
886,TEXAS,HUTCHINSON,48233,15.374632513661203,43.39,-9.752500000000001,57.2,198.95,295.03165,1.2380550546448088,40.6,44.0,2.3,179490.5074656,0.35,51.91505464480874,4.574286475409836,2020,3838000.0,17801.48423005566
887,TEXAS,JACKSON,48239,22.134119828259173,37.89142857142857,-1.1175,36.32142857142857,70.60714285714286,1003.619,0.7848319672131147,0.0,93.96428571428571,9.035714285714285,155916.5030290286,1.1428571428571428,75.21145589383295,6.188669886807181,2020,9446000.0,81501.29421915444
888,TEXAS,JOHNSON,48251,19.113498705780845,40.63421052631579,-2.2663157894736843,35.10526315789474,115.78947368421052,758.3282631578948,0.9153943054357204,5.684210526315789,66.05263157894737,7.789473684210526,156917.62798181054,4.526315789473684,67.67464768478574,3.5097181478285875,2020,740000.0,8685.44600938967
889,TEXAS,KARNES,48255,22.187912988650695,40.17115384615385,-1.2073076923076924,63.5,76.11538461538461,822.9273461538462,0.9332872005044136,0.38461538461538464,87.65384615384616,8.615384615384615,159921.06208836925,1.2692307692307694,70.62286675073561,4.486816519546028,2020,675000.0,9493.67088607595
890,TEXAS,KLEBERG,48273,23.239362689032916,36.406046511627906,2.6476744186046512,35.7906976744186,42.04651162790698,817.1685581395349,0.78093372728428,0.0,72.67441860465117,8.418604651162791,164737.1276110884,1.6046511627906976,75.82704282628033,7.0830714194942175,2020,154400.0,3100.401606425703
891,TEXAS,LAMAR,48277,17.655315846994533,37.81,-4.5056,17.28,137.24,1221.71812,0.6982634972677595,0.0,92.48,13.8,143936.4627648,7.52,72.78789071038251,3.517963169398907,2020,1036000.0,12901.61892901619
892,TEXAS,LAMB,48279,15.466960655737704,42.1152,-11.5744,44.68,206.6,225.5556,1.275756612021858,36.12,38.32,0.4,186133.9442112,0.32,50.02068852459016,4.381772786885246,2020,3178000.0,23095.93023255814
893,TEXAS,LAVACA,48285,21.726811558205,39.45212121212121,-1.2145454545454546,56.63636363636364,80.51515151515152,913.0284545454546,0.8623681900976983,0.18181818181818182,94.60606060606061,8.303030303030303,154427.84541032728,3.242424242424242,72.96285808908759,5.007984600099354,2020,190800.0,1900.398406374502
894,TEXAS,LYNN,48305,17.154012295081966,43.2315,-10.657,61.05,170.15,218.89965,1.382820218579235,48.15,33.95,1.0,185708.1413376,0.19999999999999998,49.16534153005464,4.352762704918033,2020,142000.0,2100.5917159763317
895,TEXAS,MATAGORDA,48321,22.199634300126103,34.88115384615384,2.0078846153846155,6.288461538461538,53.25,1149.3461730769232,0.6316988755779739,0.0,93.11538461538461,12.942307692307693,154689.88137452307,1.2884615384615385,79.02349201345103,6.609344314838167,2020,4784000.0,42001.7559262511
896,TEXAS,MCLENNAN,48309,19.762339730774357,40.26682926829268,-3.423658536585366,49.1219512195122,109.29268292682927,1028.191024390244,0.8961402105824338,5.073170731707317,73.53658536585365,11.21951219512195,152174.96982930732,5.024390243902439,69.79695455151273,3.715220378515261,2020,3885000.0,42598.68421052631
897,TEXAS,MEDINA,48325,21.199703248330298,41.30138888888889,-3.4844444444444442,71.91666666666667,90.63888888888889,621.5491388888889,1.1398209623557984,9.38888888888889,72.47222222222223,5.861111111111112,160129.2058176,1.6388888888888888,63.33312841530054,2.9801123254401944,2020,2878000.0,25998.193315266486
898,TEXAS,MILAM,48331,20.433147828587863,39.81578947368421,-2.649736842105263,54.39473684210526,97.23684210526316,788.087947368421,0.8772121081392004,2.7894736842105265,84.39473684210526,6.763157894736842,151537.4770176,4.131578947368421,71.31637906241012,3.944941041127409,2020,2824000.0,30595.88299024919
899,TEXAS,MOORE,48341,14.680550546448089,40.739,-10.534,49.25,203.65,311.2737,1.184364344262295,32.9,41.25,2.15,182026.0014336,0.0,51.451106557377045,4.60901912568306,2020,8529000.0,46991.735537190085
900,TEXAS,NAVARRO,48349,19.475273943054358,38.856842105263155,-2.1244736842105265,25.552631578947366,106.94736842105263,1284.9229210526316,0.7903913574920909,1.131578947368421,81.13157894736842,13.5,150385.42623865264,6.026315789473684,71.92740868564854,4.055397397181478,2020,1290000.0,12696.850393700788
901,TEXAS,NUECES,48355,23.168825136612025,37.086666666666666,1.24125,41.666666666666664,51.0,799.3792083333333,0.8168066939890711,0.0,78.54166666666667,8.291666666666666,163797.22877760002,1.875,74.98637295081967,6.715283128415301,2020,2454000.0,30000.0
902,TEXAS,OCHILTREE,48357,14.565890710382513,41.3305,-12.248999999999999,42.85,203.0,405.23785,1.0881621584699455,24.15,52.05,3.5,175530.8792736,1.1,55.523825136612025,4.846832786885246,2020,6020000.0,29995.01743896363
903,TEXAS,REFUGIO,48391,22.96869054847197,37.86,0.43925925925925924,40.74074074074074,57.629629629629626,803.6937407407407,0.7999642784861364,0.1111111111111111,90.5925925925926,7.37037037037037,159260.25061760002,1.8148148148148147,75.45903663226068,6.521141671726371,2020,660000.0,6071.7571297148115
904,TEXAS,SAN PATRICIO,48409,23.030661947342274,36.80227272727273,0.6,34.54545454545455,54.81818181818182,826.3274090909091,0.7845953800298062,0.0,82.95454545454545,8.090909090909092,162721.40641396365,2.090909090909091,75.7810481867859,6.573959885742673,2020,1880000.0,25000.0
905,TEXAS,SHERMAN,48421,14.443106557377048,39.504000000000005,-11.334,47.6,204.5,338.36415,1.160988387978142,29.65,44.85,1.85,180800.63904960002,0.35,51.577295081967215,4.931996448087432,2020,16171000.0,78882.9268292683
906,TEXAS,SWISHER,48437,15.338319672131147,41.418,-11.250499999999999,40.9,198.4,255.6192,1.1971591530054646,27.9,37.15,1.05,182661.9494976,0.1,52.17475409836065,4.576356284153006,2020,645000.0,4300.0
907,TEXAS,UVALDE,48463,21.12653395784543,41.307428571428574,-3.985142857142857,70.85714285714286,87.4,480.0487142857143,1.1877874316939891,13.342857142857142,60.48571428571429,4.6,161974.54159817143,1.7714285714285714,61.13698672911788,3.0455004683840747,2020,1910000.0,14200.743494423792
908,TEXAS,VICTORIA,48469,22.51916956449743,38.92272727272727,-1.2121212121212122,57.121212121212125,70.21212121212122,852.5853333333333,0.8713290279847656,0.12121212121212122,94.87878787878788,6.848484848484849,156273.78507578184,1.1818181818181819,73.37593972512006,6.016780013247226,2020,3274000.0,35899.12280701754
909,TEXAS,WALLER,48473,21.293109289617487,37.574666666666666,-1.7413333333333334,34.0,81.6,1280.8414666666667,0.792272131147541,0.0,93.8,13.533333333333333,151836.73292160002,3.0666666666666664,74.16559198542805,4.964866302367941,2020,327000.0,2609.736632083001
910,TEXAS,WHARTON,48481,21.60033606557377,36.398,-1.07925,18.35,73.5,1216.043625,0.7267250683060109,0.0,99.325,12.125,151510.4526096,1.8499999999999999,76.22412568306011,5.8213599726775955,2020,12589000.0,90503.23508267433
911,TEXAS,WILLACY,48489,23.941263661202186,38.42166666666667,1.8758333333333332,45.666666666666664,40.75,688.4125,0.8891693989071038,0.0,59.333333333333336,6.333333333333333,167495.2387776,1.6666666666666667,73.81138433515483,7.214760701275045,2020,985000.0,13604.972375690606
912,TEXAS,WILLIAMSON,48491,20.21890189955764,39.50404761904762,-3.694523809523809,48.833333333333336,100.88095238095238,794.3189285714286,0.9249064532916992,5.071428571428571,77.57142857142857,7.309523809523809,155110.92876617145,3.4761904761904763,68.920914650013,3.3968199323445223,2020,7867000.0,89703.53477765108
913,TEXAS,ZAVALA,48507,22.363400663544105,42.58,-2.802142857142857,100.03571428571429,80.64285714285714,334.04224999999997,1.3167242388758782,23.571428571428573,47.464285714285715,2.392857142857143,167216.4492233143,0.6428571428571428,60.4690768930523,3.2327041373926617,2020,296000.0,1939.7116644823068
914,ARKANSAS,ARKANSAS,05001,17.523318030359125,36.489459459459454,-16.84864864864865,13.702702702702704,133.72972972972974,1117.4123243243243,0.6953671232876713,0.0,80.54054054054055,11.18918918918919,168930.43357543784,5.162162162162162,72.3386301369863,5.41074424287301,2021,10149000.0,53387.690689111
915,ARKANSAS,ASHLEY,05003,18.04452739726027,36.269,-13.839500000000001,6.8,126.65,1029.8991,0.6440401369863014,0.0,84.1,9.1,170007.5095776,5.0,74.19753424657534,4.981822328767124,2021,7235000.0,38897.84946236559
916,ARKANSAS,CHICOT,05017,18.182122374429223,35.81933333333333,-13.76,3.666666666666667,123.8,1075.1814666666667,0.6390710502283105,0.0,84.86666666666666,11.4,173036.5744896,4.4,74.58779908675798,5.579784657534247,2021,6512000.0,35799.89004947773
917,ARKANSAS,CONWAY,05029,16.410299543378997,36.358,-19.357333333333333,13.666666666666666,158.73333333333332,924.1563333333334,0.6544898630136986,0.0,80.0,10.066666666666666,165345.0667776,2.6,71.95881278538813,2.856925662100456,2021,531000.0,3289.96282527881
918,ARKANSAS,CRITTENDEN,05035,16.869259028642592,35.198181818181816,-18.648636363636363,3.5,140.45454545454547,1172.7018636363637,0.6284447073474471,0.0,90.18181818181819,13.045454545454545,165296.3832576,4.090909090909091,73.44625155666252,5.251587297633873,2021,4021000.0,21399.68068121341
919,ARKANSAS,CROSS,05037,16.569580821917807,35.845,-19.794,7.2,148.5,928.7312,0.6412526027397261,0.0,85.4,8.3,166644.24658560002,4.4,72.9552602739726,5.437890958904109,2021,4620000.0,23802.163833075734
920,ARKANSAS,DESHA,05041,17.80539908675799,35.92066666666666,-14.844666666666667,6.333333333333333,127.96666666666667,1179.322,0.6569524200913242,0.0,86.3,11.733333333333333,170934.7349376,4.233333333333333,73.64824657534247,5.434085844748859,2021,6882000.0,37000.0
921,ARKANSAS,DREW,05043,17.833547945205478,37.0965,-16.2895,12.6,128.6,1084.05555,0.6709913698630137,0.0,86.7,12.05,169389.5210496,4.85,73.16339726027397,4.871316712328767,2021,3130000.0,17197.802197802197
922,ARKANSAS,JACKSON,05067,16.020271232876713,35.993,-18.664,3.35,161.3,934.82065,0.5954843835616438,0.0,81.75,9.2,167517.1976256,4.65,73.77702739726028,5.13812493150685,2021,3380000.0,18399.56450734894
923,ARKANSAS,JEFFERSON,05069,17.449221135029354,36.70464285714286,-19.857142857142858,14.642857142857142,135.92857142857142,1038.9121071428572,0.7265545988258317,0.0,78.14285714285714,12.5,169029.56340617145,4.178571428571429,70.82745596868884,5.073988160469667,2021,8151000.0,42900.0
924,ARKANSAS,JOHNSON,05071,15.630237923576065,35.03842105263158,-21.025263157894738,5.315789473684211,162.21052631578948,1067.1029473684212,0.6212297043979812,0.0,86.36842105263158,11.31578947368421,163823.2482512842,4.421052631578947,70.73381398702234,2.202215717375631,2021,283000.0,2000.0
925,ARKANSAS,LAFAYETTE,05073,18.37677397260274,36.98375,-17.731875,16.625,125.5625,974.2341875,0.7262888698630137,0.0,76.6875,10.8125,165586.5824976,5.25,72.41710616438357,4.280392808219178,2021,1977000.0,13101.391650099404
926,ARKANSAS,LEE,05077,16.70721917808219,35.121428571428574,-17.263571428571428,2.7142857142857144,142.5,1206.5374285714286,0.5534800391389432,0.0,87.14285714285714,13.5,168528.34312045714,3.571428571428571,76.65285714285714,5.346637181996086,2021,10084000.0,54098.71244635193
927,ARKANSAS,LINCOLN,05079,17.653497064579255,36.49785714285714,-18.229285714285716,13.857142857142858,130.57142857142858,1117.5817857142856,0.7145373776908023,0.0,82.64285714285714,12.428571428571429,170468.6371776,4.428571428571429,71.41467710371819,5.131955577299413,2021,3668000.0,20298.837852794688
928,ARKANSAS,LOGAN,05083,16.734421106037544,36.28777777777778,-22.297407407407405,11.555555555555555,148.0,967.2107407407408,0.7177421613394217,0.0,78.37037037037037,10.481481481481481,167145.7950976,4.333333333333333,69.23558599695586,2.3207432775240995,2021,331000.0,2049.53560371517
929,ARKANSAS,LONOKE,05085,16.872795465281058,36.237931034482756,-18.923448275862068,10.517241379310345,147.89655172413794,930.7870344827586,0.673342560226736,0.0,79.06896551724138,8.96551724137931,166237.5107500138,3.3793103448275863,72.29094945677846,5.046139726027397,2021,8218000.0,43298.20864067439
930,ARKANSAS,MONROE,05095,16.835374429223744,35.505,-17.538333333333334,5.708333333333333,143.04166666666666,1087.0547916666667,0.5939688356164383,0.0,82.08333333333333,10.666666666666666,168026.1005376,5.125,75.53342465753425,5.474090410958904,2021,5544000.0,31898.73417721519
931,ARKANSAS,PHILLIPS,05107,17.061562948467056,35.287619047619046,-16.01238095238095,2.761904761904762,138.23809523809524,1239.2307142857142,0.5654133072407045,0.0,82.09523809523809,13.476190476190476,170446.13182902857,4.285714285714286,76.68202217873451,5.3518956294846705,2021,8337000.0,44702.41286863271
932,ARKANSAS,POINSETT,05111,16.412686643835617,36.45,-19.465625,7.5,152.0625,913.5175625,0.6509835616438356,0.0,85.0,8.375,166434.08333760002,5.5,72.3480993150685,5.49137602739726,2021,5545000.0,31398.64099660249
933,ARKANSAS,PRAIRIE,05117,16.768302561048245,35.65260869565218,-19.235217391304346,7.391304347826087,146.34782608695653,1004.319652173913,0.626152114353782,0.0,78.95652173913044,9.217391304347826,167795.0941723826,4.173913043478261,74.01039904705182,5.368798570577725,2021,4857000.0,25698.4126984127
934,ARKANSAS,ST. FRANCIS,05123,16.679724200913242,35.23866666666667,-18.903333333333332,3.2,144.13333333333333,1131.0844666666667,0.5986767123287671,0.0,86.26666666666667,12.466666666666667,168312.54677760002,4.2,74.6446210045662,5.407517442922375,2021,6262000.0,35002.79485746227
935,ARKANSAS,WHITE,05145,16.176539059607553,36.13081081081081,-18.87675675675676,7.297297297297297,160.16216216216216,985.2673783783783,0.6178924102184377,0.0,79.29729729729729,10.108108108108109,165284.6636813838,4.162162162162162,73.02944094779711,4.222756016290263,2021,1232000.0,6648.677819751753
936,ARKANSAS,WOODRUFF,05147,16.34109315068493,35.142,-18.9165,2.35,154.05,1043.93795,0.5862879452054794,0.0,81.2,9.15,167763.2734656,4.4,74.9320684931507,5.455006849315069,2021,4695000.0,24201.03092783505
937,ARKANSAS,YELL,05149,16.66265191429575,35.8574358974359,-20.921794871794873,10.564102564102564,147.87179487179486,996.797,0.6917638215665614,0.0,80.76923076923077,11.282051282051283,166948.95162683076,1.8461538461538463,69.8181664910432,2.318289005971198,2021,588000.0,3740.458015267176
938,CALIFORNIA,COLUSA,06011,16.782135074864605,40.83255813953488,-2.135813953488372,60.2093023255814,177.02325581395348,391.70206976744186,1.3246598279706914,45.93023255813954,38.02325581395349,2.86046511627907,206305.07856848373,2.511627906976744,49.31421471806308,3.50962134437719,2021,280000.0,1459.85401459854
939,CALIFORNIA,KERN,06029,17.5160409556314,41.190887372013655,-1.4484641638225255,68.15358361774744,174.76109215017064,158.86135153583618,1.6798516433680863,90.19112627986348,18.296928327645052,1.030716723549488,225498.9334633065,1.180887372013652,37.37043433540605,2.926186170461452,2021,504000.0,3210.191082802548
940,CALIFORNIA,SACRAMENTO,06067,16.445931506849316,42.323750000000004,-1.2682499999999999,56.475,181.7,448.694825,1.0835404109589042,21.95,33.65,4.875,204917.47390080002,4.45,59.62588356164383,4.634801643835616,2021,1900000.0,8788.159111933395
941,CALIFORNIA,SAN JOAQUIN,06077,16.51072749510763,41.261607142857144,-0.97,48.482142857142854,187.71428571428572,348.135625,1.1106905577299413,21.803571428571427,30.892857142857142,3.4464285714285716,208197.4891690286,2.892857142857143,57.73366927592955,4.469197553816047,2021,1616000.0,8000.0
942,CALIFORNIA,SUTTER,06101,16.860752283105022,41.642916666666665,-2.737916666666667,66.29166666666667,180.70833333333334,408.773375,1.1808062785388127,24.541666666666668,33.0,3.375,203580.9396216,2.875,57.050502283105025,4.683674315068493,2021,384000.0,2260.1530311948204
943,KANSAS,ALLEN,20001,13.885267123287672,35.465,-25.47625,1.875,190.75,1188.25125,0.5271753424657535,0.0,68.625,13.875,163661.5105776,3.375,73.64619863013698,3.7798054794520546,2021,3893000.0,33103.74149659864
944,KANSAS,ANDERSON,20003,13.987285388127855,36.60333333333333,-26.911666666666665,7.5,191.41666666666666,1009.7175,0.6330842465753425,0.0,70.41666666666667,12.583333333333334,162094.4849376,3.9166666666666665,69.44358447488584,3.9016237442922375,2021,5060000.0,43396.226415094345
945,KANSAS,ATCHISON,20005,13.086899543378996,36.38333333333333,-26.39,3.6666666666666665,197.83333333333334,653.8926666666666,0.5890648401826484,0.16666666666666666,67.5,5.833333333333333,157050.32549760002,6.333333333333333,70.02817351598173,3.6633342465753422,2021,10352000.0,64902.82131661442
946,KANSAS,BARBER,20007,14.741006849315069,40.13071428571429,-23.174642857142857,41.82142857142857,197.28571428571428,441.44,0.8789807240704501,6.892857142857142,43.107142857142854,3.5,182281.23653760002,0.7857142857142857,61.64235812133072,4.426554892367906,2021,604000.0,3530.0993571011104
947,KANSAS,BARTON,20009,13.396768493150685,39.1,-25.612000000000002,31.05,204.35,641.9816500000001,0.7842273972602739,6.6,49.45,6.1,179103.9292416,1.8,63.77901369863014,4.592268219178082,2021,4821000.0,31103.225806451614
948,KANSAS,BOURBON,20011,14.567538812785388,36.600833333333334,-25.064166666666665,8.666666666666666,183.16666666666666,1019.945,0.6428296803652969,0.0,70.5,12.75,160797.3062976,6.5,69.79876712328767,3.5591689497716894,2021,2033000.0,16501.623376623374
949,KANSAS,BROWN,20013,12.851787671232877,35.785833333333336,-27.246666666666666,1.1666666666666667,199.0,707.98375,0.5893125570776256,0.0,62.583333333333336,8.166666666666666,161151.6564576,5.833333333333333,69.39440639269407,3.9005835616438356,2021,24298000.0,119400.4914004914
950,KANSAS,BUTLER,20015,14.063640791476407,36.85722222222222,-27.628333333333334,13.5,192.69444444444446,662.2159722222221,0.6925087519025875,0.0,60.916666666666664,6.333333333333333,167061.4450176,2.0,67.23984779299848,4.358145509893455,2021,8141000.0,63601.5625
951,KANSAS,CHASE,20017,14.114876712328767,38.1385,-26.342000000000002,16.85,190.55,745.8347,0.7548182191780821,0.7000000000000001,57.3,8.0,167757.1269696,1.75,64.28497260273973,4.4595138356164385,2021,983000.0,6641.891891891892
952,KANSAS,CHAUTAUQUA,20019,15.050299086757992,36.9825,-26.025833333333335,17.916666666666668,183.5,777.03075,0.7187422374429223,0.0,67.5,9.5,165029.73197760002,1.25,67.32815068493152,3.8245689497716895,2021,231000.0,2060.6601248884926
953,KANSAS,CHEROKEE,20021,14.754639269406393,35.175000000000004,-24.999166666666667,1.9166666666666665,179.33333333333334,853.1963333333333,0.5879826484018265,0.0,67.33333333333333,9.583333333333334,163897.8581376,6.916666666666667,72.26134703196347,3.386635159817352,2021,8157000.0,57201.96353436185
954,KANSAS,CHEYENNE,20023,11.648453033268103,40.82285714285714,-29.961785714285714,34.82142857142857,231.64285714285714,276.8476428571429,0.9268020547945206,11.357142857142858,34.535714285714285,1.8214285714285714,181951.40052617143,0.9642857142857143,54.783493150684926,4.330015362035225,2021,7344000.0,80703.2967032967
955,KANSAS,CLOUD,20029,13.170427701674278,39.82277777777778,-28.257777777777775,21.055555555555554,204.0,405.11705555555557,0.7255214611872146,2.7777777777777777,47.55555555555556,3.7222222222222223,171304.7477376,1.9444444444444444,65.56155251141553,4.160963318112633,2021,7925000.0,55497.19887955182
956,KANSAS,COFFEY,20031,13.707148401826485,36.355,-26.224166666666665,4.416666666666667,193.91666666666666,960.7966666666666,0.5991632420091324,0.0,64.0,11.083333333333334,164749.3891776,4.333333333333333,70.3134703196347,3.993190410958904,2021,3495000.0,31888.68613138686
957,KANSAS,COWLEY,20035,14.63577397260274,36.503750000000004,-26.721249999999998,13.916666666666666,187.70833333333334,673.9236666666667,0.7217429223744293,0.041666666666666664,63.916666666666664,6.041666666666667,168240.9244176,1.2916666666666665,66.6313698630137,4.18867899543379,2021,2999000.0,22297.397769516727
958,KANSAS,CRAWFORD,20037,14.474502283105023,35.4325,-24.084999999999997,1.9166666666666665,181.66666666666666,875.6056666666667,0.5739662100456622,0.0,69.16666666666667,10.083333333333334,162454.9090176,4.833333333333333,72.48095890410958,3.5048205479452057,2021,5478000.0,42696.80436477007
959,KANSAS,DICKINSON,20041,13.724417534246577,38.8232,-27.2684,20.72,195.08,594.147,0.7238255342465754,2.32,46.96,7.28,170397.3894912,2.96,66.44667397260274,4.2222462465753425,2021,2944000.0,22202.11161387632
960,KANSAS,DONIPHAN,20043,12.924399543378994,36.5,-26.984166666666667,2.25,198.5,702.3410833333334,0.591772602739726,0.08333333333333333,63.666666666666664,7.083333333333333,157868.0042976,6.0,69.95513698630137,3.6088979452054795,2021,16577000.0,80198.35510401549
961,KANSAS,DOUGLAS,20045,13.471965753424657,36.06375,-26.490000000000002,4.5,197.0,900.289375,0.555608904109589,0.0,71.25,10.375,158279.7690576,6.5,72.25839041095891,3.5138455479452055,2021,3380000.0,26996.805111821086
962,KANSAS,EDWARDS,20047,13.61445296803653,38.455333333333336,-25.441333333333333,32.13333333333333,204.73333333333332,517.5668,0.8267897716894976,5.666666666666667,48.86666666666667,5.133333333333333,181964.2997376,2.0,62.06743378995434,4.7232188127853885,2021,13212000.0,69500.26301946344
963,KANSAS,ELLSWORTH,20053,13.705167427701674,39.5,-25.079444444444444,33.833333333333336,201.55555555555554,533.2056666666666,0.7932923896499239,5.833333333333333,42.611111111111114,5.722222222222222,175862.2349376,2.611111111111111,63.98677321156774,4.7005669710806695,2021,456000.0,4672.131147540984
964,KANSAS,FORD,20057,13.647736790606654,40.232142857142854,-25.79678571428571,36.285714285714285,206.78571428571428,405.82496428571426,0.8961871819960862,10.428571428571429,46.857142857142854,2.857142857142857,186155.0419433143,2.107142857142857,59.42578277886497,4.955123287671233,2021,9842000.0,46098.360655737706
965,KANSAS,GEARY,20061,13.743777777777778,38.778888888888886,-29.398888888888887,19.11111111111111,195.77777777777777,650.1395555555556,0.7444365296803653,2.0,48.0,7.555555555555555,168457.5346176,3.444444444444444,65.15686453576865,4.154153729071537,2021,1624000.0,11200.0
966,KANSAS,GOVE,20063,12.541738747553815,39.93035714285714,-26.958214285714288,38.75,218.96428571428572,460.7575357142857,0.8714324853228962,6.928571428571429,41.92857142857143,5.25,187434.5688576,1.1428571428571428,58.50374755381605,4.3841034246575346,2021,11637000.0,119599.17780061666
967,KANSAS,GRAHAM,20065,12.684974885844747,40.53791666666667,-27.860833333333332,36.333333333333336,214.79166666666666,387.8723333333333,0.8500973744292238,4.666666666666667,41.25,3.75,182365.81097760002,0.9583333333333334,59.68307077625571,4.453262557077625,2021,7670000.0,68299.19857524488
968,KANSAS,GRANT,20067,13.055787671232878,40.88833333333333,-28.85083333333333,41.666666666666664,217.58333333333334,370.46625,0.9514246575342465,13.666666666666666,41.25,4.083333333333333,193794.48077760002,1.0,56.72036529680366,4.471296118721461,2021,10169000.0,43700.042973785996
969,KANSAS,GRAY,20069,13.22827808219178,40.223,-26.633999999999997,33.65,212.25,375.32885,0.8948242465753424,9.1,44.75,2.2,189289.3470336,1.7,58.5901506849315,4.798060410958904,2021,17703000.0,82801.68381665107
970,KANSAS,GREELEY,20071,11.927570205479451,38.726875,-28.911875,30.6875,225.5,401.6781875,0.9161054794520547,9.4375,41.0,3.6875,191727.1692576,1.0,55.00972602739726,4.553721746575342,2021,3596000.0,46701.2987012987
971,KANSAS,HARVEY,20079,13.975350684931506,38.82,-27.436,25.2,196.0,582.5559,0.7399443835616438,2.2,52.1,6.1,170865.58728960002,2.0,65.77254794520547,4.379476438356164,2021,10046000.0,66397.8849966953
972,KANSAS,HASKELL,20081,13.090269406392695,40.28333333333333,-27.603333333333335,33.666666666666664,213.5,371.0950833333333,0.9087497716894978,11.666666666666666,43.333333333333336,3.4166666666666665,191447.93813760002,1.0,58.10506849315068,4.697690410958904,2021,21478000.0,91201.69851380042
973,KANSAS,JACKSON,20085,12.980852739726027,37.7675,-27.91625,6.9375,199.9375,693.7215,0.5843248287671232,0.4375,63.5,6.875,161597.4388776,4.875,70.9994691780822,3.7264291095890414,2021,5954000.0,39300.3300330033
974,KANSAS,JEFFERSON,20087,13.187022831050228,36.4475,-25.315833333333334,4.583333333333333,199.08333333333334,812.95775,0.5505335616438356,0.08333333333333333,68.08333333333333,9.0,157854.8786976,6.333333333333334,71.94735159817351,3.5258949771689494,2021,7193000.0,44101.778050275905
975,KANSAS,KINGMAN,20095,14.551201565557731,40.260000000000005,-25.184761904761906,40.047619047619044,195.8095238095238,525.7928571428571,0.8706052185257666,8.285714285714285,49.714285714285715,4.904761904761904,177369.58147474288,1.619047619047619,61.93478147423353,4.670519504240052,2021,1850000.0,10998.810939357909
976,KANSAS,KIOWA,20097,13.845154337899542,38.65466666666667,-25.332666666666668,30.066666666666666,203.53333333333333,550.0106,0.8303906849315068,4.2,48.4,7.0,184103.1138816,1.4,61.67167123287671,4.839165662100457,2021,5001000.0,27298.034934497817
977,KANSAS,LABETTE,20099,15.051168949771688,36.38,-24.426666666666666,10.833333333333334,179.33333333333334,816.16625,0.6834972602739726,0.0,67.5,8.5,163056.6554976,5.166666666666667,69.03824200913242,3.666345890410959,2021,5256000.0,40902.72373540856
978,KANSAS,LANE,20101,12.868630136986301,39.756875,-26.35125,38.625,214.3125,424.65225,0.887511301369863,8.125,43.125,3.9375,187264.87655760002,2.0,58.17265410958904,4.69059794520548,2021,3026000.0,31195.876288659794
979,KANSAS,LEAVENWORTH,20103,13.515269406392695,36.48833333333334,-25.366666666666664,5.166666666666667,196.33333333333334,882.34425,0.5963591324200913,0.08333333333333333,71.16666666666667,9.416666666666666,153618.80117760002,6.75,70.32084474885845,3.3738984018264837,2021,3055000.0,21498.944405348346
980,KANSAS,LOGAN,20109,12.2523228962818,39.1175,-27.4675,36.32142857142857,223.67857142857142,436.8957857142857,0.900420156555773,8.857142857142858,41.214285714285715,4.142857142857143,188822.76043474287,1.0714285714285714,56.28827788649706,4.324753620352251,2021,8688000.0,119999.99999999999
981,KANSAS,LYON,20111,13.84705593607306,37.24916666666667,-25.58375,11.25,193.58333333333334,842.6142083333333,0.6743893835616439,0.16666666666666666,60.875,9.5,165787.5128976,3.6666666666666665,67.51550228310502,4.15559897260274,2021,3233000.0,29498.175182481755
982,KANSAS,MARION,20115,13.800655342465753,37.8908,-26.388,17.36,194.2,653.40972,0.717451506849315,0.96,52.12,7.0,169762.0139136,3.0,65.92807671232876,4.515322082191781,2021,7255000.0,65596.74502712478
983,KANSAS,MCPHERSON,20113,13.769790410958905,38.982,-27.335500000000003,25.5,197.55,587.39895,0.7465045205479452,3.1,49.5,7.15,172458.7665696,3.3,65.65273972602739,4.548728082191781,2021,5467000.0,44701.55355682747
984,KANSAS,MEADE,20119,13.954062785388128,40.39833333333333,-25.849166666666665,41.291666666666664,208.83333333333334,303.27054166666665,0.9605748858447488,13.458333333333334,40.125,1.0,190707.86453760002,1.4583333333333333,57.35863013698631,4.552662557077626,2021,16729000.0,69501.454092231
985,KANSAS,MIAMI,20121,13.857673515981736,36.854166666666664,-25.13,7.916666666666667,192.08333333333334,874.2616666666667,0.6254059360730594,0.0,72.33333333333333,8.5,156599.6695776,6.5,69.52954337899543,3.446758219178082,2021,2140000.0,17398.37398373984
986,KANSAS,MITCHELL,20123,13.238957382039574,40.653888888888886,-27.317777777777778,32.94444444444444,207.16666666666666,448.09711111111113,0.7621079147640791,4.555555555555555,43.5,3.388888888888889,173169.5160576,1.3888888888888888,65.089299847793,4.059718873668189,2021,3700000.0,30502.885408079143
987,KANSAS,MONTGOMERY,20125,14.860244292237441,36.41,-25.891666666666666,10.583333333333334,182.5,792.3376666666667,0.6428762557077625,0.0,67.33333333333333,8.083333333333334,164659.2019776,2.5,70.31723744292238,3.6540440639269405,2021,2865000.0,25398.936170212768
988,KANSAS,MORRIS,20127,13.791485540334854,38.73388888888889,-26.188888888888886,16.5,193.11111111111111,638.6713333333333,0.7479834094368342,1.7222222222222223,52.22222222222222,6.722222222222222,167793.21941760002,3.2222222222222223,64.52896499238965,4.523879299847793,2021,2481000.0,20504.132231404958
989,KANSAS,MORTON,20129,13.510368949771689,40.716,-26.246666666666666,41.333333333333336,216.6,265.48286666666667,1.0431428310502284,17.4,33.13333333333333,2.0,196954.5764736,0.7999999999999999,52.895470319634704,4.738067214611872,2021,4337000.0,24698.177676537587
990,KANSAS,NEMAHA,20131,12.48607191780822,36.161249999999995,-29.203125,1.625,203.5,630.4915625,0.5388998287671233,0.0,60.125,5.9375,163829.4349176,4.8125,71.8332705479452,3.8863873287671233,2021,21527000.0,118802.42825607065
991,KANSAS,NEOSHO,20133,14.540022831050228,36.545833333333334,-25.615,5.333333333333333,184.66666666666666,901.7559166666666,0.6151360730593607,0.0,67.66666666666667,9.833333333333334,163748.6935776,2.9166666666666665,71.1374200913242,3.6850025114155254,2021,4109000.0,32303.459119496856
992,KANSAS,NESS,20135,13.113511741682975,39.92142857142857,-25.576785714285712,37.642857142857146,211.07142857142858,476.40975,0.8538617416829746,5.892857142857143,45.67857142857143,4.357142857142857,184409.1269033143,1.75,60.15135029354207,4.586334246575342,2021,1583000.0,20994.6949602122
993,KANSAS,NORTON,20137,12.284686301369863,41.144,-27.795499999999997,32.25,219.85,387.58975,0.8127760273972603,5.3,40.15,4.55,180481.9064256,1.2000000000000002,60.926589041095895,4.307072876712328,2021,9846000.0,124005.0377833753
994,KANSAS,OSBORNE,20141,12.863044520547945,40.129583333333336,-26.437916666666666,30.958333333333332,210.625,442.87733333333335,0.7468819634703197,3.6666666666666665,41.958333333333336,3.4583333333333335,175564.6376976,1.6666666666666665,64.68393835616439,4.1618296803652965,2021,3271000.0,33583.16221765913
995,KANSAS,PAWNEE,20145,13.480692759295499,39.23619047619048,-25.76047619047619,33.476190476190474,204.9047619047619,537.326,0.8253711676451403,7.476190476190476,48.80952380952381,4.476190476190476,180785.66302902857,2.0,62.27239399869537,4.616617090671885,2021,9260000.0,54502.64861683343
996,KANSAS,PHILLIPS,20147,12.279702054794521,41.11833333333333,-29.276666666666667,28.458333333333332,215.66666666666666,498.967375,0.7518772831050228,3.0833333333333335,47.541666666666664,5.541666666666667,176090.3993376,0.9166666666666667,63.34399543378996,4.021290639269406,2021,7976000.0,80000.0
997,KANSAS,POTTAWATOMIE,20149,13.130640284119737,38.53703703703704,-30.685185185185187,10.555555555555555,200.0,657.1417037037037,0.6462651445966514,0.9629629629629629,57.03703703703704,6.2592592592592595,164587.3995776,4.333333333333333,68.28281075596144,3.824493049213597,2021,6240000.0,39097.74436090226
998,KANSAS,PRATT,20151,14.2018100456621,39.571333333333335,-24.728,36.333333333333336,198.73333333333332,512.8468,0.8671881278538812,9.4,47.4,5.533333333333333,181660.5369216,1.2000000000000002,61.6083105022831,4.726254246575342,2021,12557000.0,58897.74859287055
999,KANSAS,RAWLINS,20153,12.00534540117417,41.39714285714285,-27.749285714285715,36.92857142857143,226.89285714285714,266.72875,0.9147437377690802,10.178571428571429,34.357142857142854,1.7142857142857142,185127.15348617145,1.3214285714285714,55.740225048923676,4.428208512720157,2021,7320000.0,106395.34883720931
1000,KANSAS,RENO,20155,14.268738869863013,39.67,-25.981875,38.75,196.78125,515.98396875,0.8546665239726027,9.25,49.6875,5.6875,175863.7226376,1.59375,62.494109589041095,4.587288955479452,2021,6905000.0,43702.53164556962
1001,KANSAS,REPUBLIC,20157,12.699459665144596,39.92888888888889,-30.92777777777778,13.88888888888889,207.94444444444446,504.99522222222225,0.6885477929984779,2.1666666666666665,51.5,5.055555555555555,169133.3803776,2.666666666666667,66.17334855403348,4.054274277016743,2021,19651000.0,122895.55972482801
1002,KANSAS,RILEY,20161,13.290190535491904,38.89090909090909,-30.35909090909091,13.681818181818182,198.9090909090909,646.4436363636363,0.6836515566625155,1.9090909090909092,50.63636363636363,7.181818181818182,166397.0171485091,3.409090909090909,66.99310087173102,3.890002615193026,2021,3623000.0,23003.174603174604
1003,KANSAS,SALINE,20169,13.864535159817352,39.798,-26.271333333333335,31.6,197.8,485.0620666666667,0.7662425570776256,4.066666666666666,43.06666666666667,5.0,172507.3814016,2.466666666666667,65.5077808219178,4.3124619178082195,2021,851000.0,7317.282889079966
1004,KANSAS,SEWARD,20175,13.738091324200914,40.62166666666667,-26.87,42.416666666666664,211.5,299.65183333333334,0.9837372146118721,13.916666666666666,40.583333333333336,1.0833333333333333,193077.11453760002,1.3333333333333333,56.27602739726027,4.598307077625571,2021,14807000.0,67000.0
1005,KANSAS,SHAWNEE,20177,13.654480365296804,37.730000000000004,-26.340666666666667,11.266666666666667,196.46666666666667,888.1599333333334,0.6457200000000001,0.4,63.666666666666664,11.266666666666667,160994.6925696,5.666666666666667,68.77141552511415,3.7252896803652966,2021,4685000.0,32602.6443980515
1006,KANSAS,SHERIDAN,20179,12.319983561643836,40.3595,-28.1295,35.15,220.7,394.76235,0.8642401369863014,6.95,38.8,4.65,185417.75871360002,1.05,58.34334246575342,4.534542602739726,2021,18250000.0,151578.07308970098
1007,KANSAS,SHERMAN,20181,11.549090998043052,39.66642857142857,-28.903214285714284,32.25,231.03571428571428,296.37096428571425,0.902739530332681,9.678571428571429,35.285714285714285,2.357142857142857,184831.24984045714,1.0,55.32476516634051,4.597248140900195,2021,22625000.0,196397.56944444444
1008,KANSAS,SMITH,20183,12.333198630136987,40.99708333333333,-29.344166666666666,24.625,212.66666666666666,508.09229166666665,0.7202528538812786,3.125,49.083333333333336,4.708333333333333,172803.07841760002,1.2083333333333335,65.01167808219178,3.9965952054794522,2021,12723000.0,92396.51416122005
1009,KANSAS,STAFFORD,20185,13.782049315068495,39.028,-25.316,32.4,201.2,557.07965,0.8199953424657533,6.7,47.65,6.35,179866.3085856,1.6,63.00330136986302,4.623577397260274,2021,12158000.0,62799.586776859505
1010,KANSAS,STEVENS,20189,13.431552511415525,39.96333333333334,-28.413999999999998,36.733333333333334,213.8,342.0486,0.9721203652968037,12.666666666666666,42.4,2.6,195206.8363776,1.0666666666666667,55.663470319634705,4.623310136986301,2021,25115000.0,110201.84291355858
1011,KANSAS,SUMNER,20191,14.87645205479452,39.02214285714285,-27.502857142857145,33.67857142857143,190.39285714285714,629.02775,0.8015635029354208,1.7857142857142858,53.42857142857143,6.25,172143.3604690286,0.7142857142857142,64.87353228962819,4.232312720156556,2021,4458000.0,38900.523560209425
1012,KANSAS,TREGO,20195,12.945550228310502,39.401666666666664,-27.014166666666668,34.0,210.83333333333334,451.1682083333333,0.8503977168949772,4.5,46.083333333333336,3.9166666666666665,182639.7824976,1.1666666666666667,59.42738584474886,4.547669634703197,2021,2982000.0,34002.280501710375
1013,KANSAS,WABAUNSEE,20197,13.649727469358329,37.61473684210526,-27.849473684210526,13.210526315789473,195.73684210526315,728.4741052631579,0.7036979091564527,0.8421052631578947,56.63157894736842,7.63157894736842,165316.4398807579,4.578947368421053,66.23118961788032,4.2001785147801005,2021,3512000.0,25597.667638483967
1014,KANSAS,WASHINGTON,20201,12.589867579908674,39.137499999999996,-28.72666666666667,9.458333333333334,206.125,526.2523333333334,0.6224922374429224,1.4583333333333335,53.708333333333336,4.791666666666667,167917.5522576,3.2083333333333335,69.18052511415524,3.9905221461187215,2021,17149000.0,112600.13131976362
1015,KANSAS,WICHITA,20203,12.211878424657533,38.68625,-28.6575,34.3125,222.0,460.621875,0.888822602739726,7.8125,42.625,4.3125,191242.1903976,1.0,56.76905821917808,4.532888869863013,2021,9110000.0,86596.95817490494
1016,KANSAS,WILSON,20205,14.455132420091322,36.777499999999996,-27.14916666666667,7.833333333333333,185.08333333333334,987.2738333333333,0.600701598173516,0.0,66.25,11.333333333333334,164705.06741760002,2.5833333333333335,71.27271689497717,3.754722602739726,2021,5680000.0,45403.67705835332
1017,KANSAS,WOODSON,20207,13.831818493150687,36.621249999999996,-26.25125,2.75,191.75,1090.693125,0.5364311643835616,0.0,65.5,11.5,164631.8149776,2.625,73.10041095890412,3.8447349315068493,2021,2466000.0,22096.77419354839
1018,NORTH DAKOTA,ADAMS,38001,7.814682440846824,39.2230303030303,-35.236060606060605,16.424242424242426,263.09090909090907,329.12760606060607,0.732029306766293,6.0,36.03030303030303,2.909090909090909,163202.96152669092,2.909090909090909,59.721154005811535,4.459816355334164,2021,2279000.0,39497.40034662045
1019,NORTH DAKOTA,BARNES,38003,7.21577397260274,37.94145833333334,-32.68208333333333,5.770833333333333,243.95833333333334,487.2552083333333,0.5580768835616439,1.7500000000000002,53.104166666666664,4.083333333333333,151289.7397776,6.1875,68.73825342465754,4.579576883561644,2021,23513000.0,196596.9899665552
1020,NORTH DAKOTA,BENSON,38005,6.1088677459526775,37.31636363636364,-36.75727272727273,4.927272727272727,249.61818181818182,371.98565454545457,0.5317410709838107,1.1454545454545455,42.2,3.6363636363636362,149358.46037760001,5.127272727272727,68.53969613947696,4.545999850560398,2021,4976000.0,54501.64293537788
1021,NORTH DAKOTA,BILLINGS,38007,7.51801756234633,38.32410256410257,-33.91128205128205,17.76923076923077,265.0769230769231,153.56648717948718,0.7693411310151036,7.435897435897436,18.05128205128205,1.641025641025641,162326.6194176,2.230769230769231,57.46508605549701,4.473420442571128,2021,176700.0,4109.302325581395
1022,NORTH DAKOTA,BOTTINEAU,38009,5.367165296803653,37.777,-37.464333333333336,5.883333333333334,268.45,274.97658333333334,0.5659280365296804,2.35,40.56666666666667,2.0,147671.3748096,4.5,65.68835616438356,4.164626347031963,2021,2940000.0,39095.744680851065
1023,NORTH DAKOTA,BURLEIGH,38015,7.17201494396015,37.197878787878786,-34.52075757575757,11.545454545454545,248.0909090909091,316.2872121212121,0.6236826899128268,1.6515151515151514,52.484848484848484,1.6818181818181819,153023.06781032728,5.606060606060606,64.43113740141138,4.292377542548776,2021,2414000.0,44703.7037037037
1024,NORTH DAKOTA,CASS,38017,7.5058269406392695,38.684999999999995,-31.699,7.216666666666667,239.6,387.2737333333333,0.6068544748858448,3.2333333333333334,52.86666666666667,1.9333333333333333,150900.5804256,6.766666666666667,66.40406392694064,4.354172694063927,2021,49240000.0,343614.79413817165
1025,NORTH DAKOTA,CAVALIER,38019,5.218061643835616,37.155833333333334,-37.467083333333335,1.6458333333333333,257.4791666666667,395.9072708333333,0.4573127853881278,0.6875,40.708333333333336,3.875,144338.5305576,6.041666666666667,71.37764269406392,4.560209646118722,2021,527000.0,6800.0
1026,NORTH DAKOTA,DICKEY,38021,7.586026567040265,37.31515151515152,-32.236666666666665,5.424242424242424,245.27272727272728,443.00851515151516,0.5515962640099626,1.303030303030303,53.878787878787875,2.606060606060606,155636.2312285091,6.818181818181818,68.68890826068909,4.373160564549606,2021,22767000.0,184199.0291262136
1027,NORTH DAKOTA,DIVIDE,38023,5.455338250790305,36.59410256410256,-35.67025641025641,3.769230769230769,277.53846153846155,274.38820512820513,0.6047654373024236,2.5897435897435894,28.94871794871795,2.1025641025641026,152707.9205376,2.1794871794871793,63.541903758342116,4.439784053389533,2021,99500.0,1200.2412545235222
1028,NORTH DAKOTA,DUNN,38025,7.232603718199608,38.43678571428571,-33.93488095238096,16.154761904761905,262.3690476190476,294.9862380952381,0.7205756033920417,6.023809523809524,32.67857142857143,3.5238095238095237,156838.6692576,3.666666666666667,59.63712981082844,4.3718483692106975,2021,1558000.0,24305.772230889237
1029,NORTH DAKOTA,EDDY,38027,6.56502397260274,36.984375,-35.5,4.5,247.625,334.5645625,0.5701597602739726,0.875,44.4375,2.4375,151605.21407760002,5.0,67.05044520547945,4.533732191780822,2021,3011000.0,39002.59067357513
1030,NORTH DAKOTA,EMMONS,38029,7.7122113502935425,36.949107142857144,-33.91517857142857,13.535714285714286,247.125,314.2245892857143,0.6405369863013698,1.5714285714285714,51.482142857142854,1.5892857142857144,158126.24551474286,4.517857142857143,64.19984833659491,4.310683659491194,2021,9662000.0,128998.66488651534
1031,NORTH DAKOTA,FOSTER,38031,7.040195205479452,38.861875,-33.8525,9.0,244.625,343.94775,0.6062852739726028,2.75,49.0625,2.3125,152600.3212176,5.625,66.34808219178082,4.633167123287671,2021,7104000.0,86004.84261501211
1032,NORTH DAKOTA,GOLDEN VALLEY,38033,7.610322773972603,38.5265625,-34.3565625,20.0,264.28125,115.76503124999999,0.7868857020547946,11.40625,17.8125,1.0,163986.9893676,1.59375,57.46940068493151,4.466316010273972,2021,187200.0,6733.812949640288
1033,NORTH DAKOTA,GRAND FORKS,38035,6.614959978511953,38.786078431372545,-32.934705882352944,4.745098039215686,244.52941176470588,400.0502549019608,0.5694537738383024,1.1176470588235292,51.68627450980392,2.235294117647059,148577.07673524707,6.352941176470589,66.97179156594144,4.456993661026054,2021,19075000.0,154703.97404703975
1034,NORTH DAKOTA,GRANT,38037,7.709791780821918,38.54928571428571,-35.16314285714286,14.428571428571429,260.2857142857143,400.6693714285714,0.6872465753424658,2.4571428571428573,45.642857142857146,3.9571428571428573,159380.10573531428,4.0,61.36451663405088,4.3390577690802346,2021,3324000.0,55492.48747913189
1035,NORTH DAKOTA,GRIGGS,38039,7.026354794520548,38.373000000000005,-34.1365,8.65,244.15,344.5389,0.6220472602739726,1.35,49.3,1.5,152513.56028160002,6.35,65.61090410958904,4.678023698630137,2021,5164000.0,49797.492767598844
1036,NORTH DAKOTA,HETTINGER,38041,7.479540410958904,39.14325,-35.3455,15.075,268.025,351.89085,0.7083035616438356,3.975,35.15,3.8,160967.1064896,3.825,60.168232876712324,4.435140410958904,2021,2633000.0,35106.666666666664
1037,NORTH DAKOTA,KIDDER,38043,6.869928990774392,35.79326530612245,-34.88204081632653,4.408163265306122,248.71428571428572,382.58683673469386,0.576970142577579,0.14285714285714285,51.42857142857143,2.8979591836734695,153844.3661865796,4.795918367346939,66.18438915292144,4.309382275649987,2021,3583000.0,37400.8350730689
1038,NORTH DAKOTA,LAMOURE,38045,7.466894977168949,38.78878787878788,-32.76030303030303,6.303030303030303,244.24242424242425,409.5043636363636,0.5621064342050643,1.6363636363636365,52.81818181818182,2.6363636363636362,153282.60097396365,4.242424242424242,67.92365296803654,4.500053715234537,2021,21741000.0,186298.20051413882
1039,NORTH DAKOTA,LOGAN,38047,6.956418264840183,34.994,-34.174,1.5666666666666667,250.0,372.5885333333333,0.5457878538812786,0.23333333333333334,54.2,2.2333333333333334,157192.8860736,4.366666666666667,66.89612785388128,4.475911324200913,2021,4163000.0,43095.2380952381
1040,NORTH DAKOTA,MCHENRY,38049,6.386974885844749,37.46319444444444,-36.111805555555556,8.277777777777779,255.30555555555554,289.2320555555556,0.6152431506849315,1.6388888888888888,38.40277777777778,1.8194444444444444,148135.26437760002,5.791666666666667,64.06880898021309,4.260722907153729,2021,2771000.0,68419.75308641975
1041,NORTH DAKOTA,MCINTOSH,38051,7.005420598680873,35.1925925925926,-34.4562962962963,1.7777777777777777,250.25925925925927,384.8729259259259,0.5425900558092339,0.3333333333333333,54.37037037037037,1.9629629629629628,159865.38421760002,5.185185185185185,67.3,4.448018061897514,2021,2666000.0,55890.985324947585
1042,NORTH DAKOTA,MCLEAN,38055,6.661819401733296,38.13530612244898,-35.99969387755102,10.295918367346939,254.9387755102041,299.6110408163265,0.6198172211350294,2.0816326530612246,42.775510204081634,2.183673469387755,150660.10670576326,4.918367346938775,63.997430807939615,4.403449566675985,2021,4125000.0,76107.0110701107
1043,NORTH DAKOTA,MERCER,38057,7.140944634703197,38.53604166666667,-35.306666666666665,15.270833333333334,259.0208333333333,305.5467291666667,0.6674183789954338,4.6875,39.583333333333336,2.583333333333333,152862.02951760002,5.375,62.311603881278536,4.323835844748858,2021,903000.0,16599.264705882353
1044,NORTH DAKOTA,NELSON,38063,6.2793875906527,36.955,-36.64352941176471,3.3529411764705883,246.6764705882353,362.38364705882356,0.5570079774375504,0.7058823529411764,50.73529411764706,1.9705882352941178,149458.31311171767,6.088235294117647,67.48979854955681,4.694096535052377,2021,3960000.0,37500.0
1045,NORTH DAKOTA,PEMBINA,38067,5.974637181996086,39.53628571428571,-33.73657142857143,3.571428571428571,253.34285714285716,373.83331428571427,0.5286465753424657,1.0857142857142859,40.714285714285715,3.1142857142857143,145392.6295296,7.228571428571429,68.15237573385518,4.215098003913894,2021,3846000.0,36803.82775119617
1046,NORTH DAKOTA,PIERCE,38069,5.90919612429001,37.754634146341466,-37.67146341463415,6.878048780487805,255.9268292682927,297.3757317073171,0.5589820247243569,1.5121951219512195,41.21951219512195,1.7560975609756098,147944.38466247806,6.024390243902439,67.0450985633144,4.368664216505179,2021,1036000.0,28000.0
1047,NORTH DAKOTA,RAMSEY,38071,5.974089428792969,38.65018867924528,-37.63377358490566,4.339622641509434,248.81132075471697,381.5182075471698,0.5050354096665806,1.8679245283018868,44.60377358490566,3.2264150943396226,148184.4089240151,4.5094339622641515,70.2664254329284,4.522685396743345,2021,6695000.0,60698.096101541254
1048,NORTH DAKOTA,RANSOM,38073,7.62309703196347,37.19958333333333,-31.977083333333336,5.083333333333333,240.79166666666666,422.72974999999997,0.5399108447488584,0.7083333333333333,57.041666666666664,2.125,150785.64797760002,5.5,69.98555936073059,4.374572260273973,2021,15052000.0,108600.28860028861
1049,NORTH DAKOTA,RENVILLE,38075,5.669743248532289,38.52885714285714,-36.692571428571426,6.2,267.77142857142854,288.78351428571426,0.6075650097847358,3.685714285714286,41.02857142857143,1.9142857142857141,148609.9650816,3.4,63.56158904109589,4.34084649706458,2021,1940000.0,23803.68098159509
1050,NORTH DAKOTA,RICHLAND,38077,7.829555048198884,38.782407407407405,-31.670555555555556,8.296296296296296,236.90740740740742,459.9701851851852,0.588371131405378,4.425925925925926,58.18518518518518,2.7407407407407405,152379.7427776,7.203703703703703,67.9545154743785,4.2119443937087775,2021,45539000.0,305425.8886653253
1051,NORTH DAKOTA,ROLETTE,38079,4.846627201565558,38.21714285714285,-38.36464285714286,4.571428571428571,267.64285714285717,296.77514285714284,0.5151051859099804,1.75,42.32142857142857,2.0357142857142856,145562.35017188572,4.714285714285714,67.7807338551859,4.267889334637965,2021,503000.0,10307.377049180328
1052,NORTH DAKOTA,SARGENT,38081,7.940851598173516,38.282916666666665,-32.42208333333333,7.541666666666666,239.83333333333334,450.23129166666666,0.5515164383561644,1.875,58.75,2.9166666666666665,151507.49657760002,7.958333333333334,69.95557077625571,4.35505296803653,2021,21352000.0,150897.52650176678
1053,NORTH DAKOTA,SLOPE,38087,7.734786090621707,39.28666666666667,-34.62179487179487,20.692307692307693,265.15384615384613,166.47702564102565,0.7888265542676501,9.692307692307693,22.307692307692307,1.3846153846153846,165020.8157745231,1.8717948717948718,57.07715489989463,4.548846013347383,2021,404000.0,9287.356321839081
1054,NORTH DAKOTA,STARK,38089,7.4877962767825785,39.08102564102564,-34.620000000000005,16.871794871794872,267.02564102564105,303.1377948717949,0.7391508254302775,5.358974358974359,31.435897435897434,3.7435897435897436,158745.78293760002,4.205128205128205,58.45909378292939,4.523152511415525,2021,3100000.0,37304.45246690734
1055,NORTH DAKOTA,STEELE,38091,7.122376712328768,41.0615,-32.9585,7.95,240.65,373.25185,0.6206780821917809,2.9,49.85,2.25,150522.3603936,6.3,65.56621917808219,4.6994326027397255,2021,12336000.0,99403.70668815472
1056,NORTH DAKOTA,STUTSMAN,38093,7.158295499021526,37.37904761904762,-33.73083333333333,5.2023809523809526,245.32142857142858,419.6969880952381,0.5837082517938682,1.3571428571428572,48.107142857142854,3.095238095238095,152966.6863776,3.880952380952381,66.68126549249837,4.5549777886497065,2021,22849000.0,231499.49341438702
1057,NORTH DAKOTA,TOWNER,38095,5.17703196347032,38.053999999999995,-38.216,2.7333333333333334,262.3333333333333,372.67813333333334,0.4656696803652968,1.0666666666666667,40.9,3.1,145144.8544896,4.0,71.10426484018265,4.353251506849315,2021,1573000.0,17595.078299776284
1058,NORTH DAKOTA,TRAILL,38097,7.018545009784736,39.97535714285714,-31.970714285714283,6.428571428571429,242.14285714285714,371.45910714285714,0.59396771037182,3.0357142857142856,49.82142857142857,1.6428571428571428,150655.61752045716,5.25,66.49715264187867,4.374613013698631,2021,15411000.0,129504.20168067227
1059,NORTH DAKOTA,WALSH,38099,6.030568166992825,38.235,-34.05809523809524,2.6666666666666665,250.07142857142858,390.16054761904763,0.5155302022178735,0.6428571428571429,45.785714285714285,2.9523809523809526,146780.01448045715,6.380952380952381,69.19170906718853,4.39231441617743,2021,5582000.0,59700.53475935829
1060,NORTH DAKOTA,WARD,38101,6.154350567093828,37.82827956989247,-36.04989247311828,7.064516129032258,259.3763440860215,295.87513978494627,0.6300985417587274,3.021505376344086,41.53763440860215,1.6774193548387097,148726.1416059871,4.225806451612903,62.85816467815584,4.546085078803948,2021,2358000.0,40307.692307692305
1061,NORTH DAKOTA,WELLS,38103,6.5440073059360735,37.25555555555555,-35.01911111111111,5.0,248.93333333333334,392.89022222222223,0.5620036529680366,1.1555555555555554,43.08888888888889,4.2444444444444445,149910.0971136,5.733333333333333,66.95550076103501,4.549645662100457,2021,10373000.0,123194.77434679335
1062,NORTH DAKOTA,WILLIAMS,38105,6.192514294222752,37.58826086956522,-35.168586956521736,8.641304347826086,269.19565217391306,215.99652173913043,0.6533374627754616,3.869565217391304,27.119565217391305,1.6195652173913042,154610.61250977393,1.6304347826086956,62.28396962477665,4.259574597974985,2021,435000.0,7500.0
1063,SOUTH DAKOTA,AURORA,46003,9.729849315068494,39.793,-30.97,11.3,229.7,389.15335,0.6304204109589041,0.75,42.5,3.25,166302.9013536,4.5,65.8674109589041,4.060824109589041,2021,9170000.0,80297.72329246935
1064,SOUTH DAKOTA,BEADLE,46005,9.305913242009133,38.27777777777778,-30.430555555555557,8.472222222222221,234.16666666666666,423.63941666666665,0.6029727549467275,1.0,48.0,2.9166666666666665,162899.5243776,6.388888888888889,67.35733637747337,4.1148532724505325,2021,24230000.0,185103.13216195567
1065,SOUTH DAKOTA,BENNETT,46007,9.882681278538813,39.315000000000005,-29.40533333333333,20.066666666666666,242.6,424.5108333333333,0.8058782648401825,5.866666666666666,48.53333333333333,3.6,173850.6583296,1.0333333333333334,58.90266666666667,4.493857716894977,2021,2504000.0,30499.390986601706
1066,SOUTH DAKOTA,BON HOMME,46009,10.716168493150684,39.766999999999996,-30.043,13.7,217.5,434.84250000000003,0.6927157534246575,1.9000000000000001,48.35,2.9,164882.2166496,5.55,64.30593150684932,3.926161095890411,2021,11723000.0,92598.73617693523
1067,SOUTH DAKOTA,BROOKINGS,46011,8.278156555772993,36.24857142857143,-32.701904761904764,4.857142857142857,235.0,443.2225714285714,0.5222405740378343,1.0,63.857142857142854,1.4285714285714284,155726.9167433143,8.380952380952381,70.51047619047618,4.160282191780822,2021,22599000.0,137798.78048780488
1068,SOUTH DAKOTA,BROWN,46013,8.337676614481408,38.385,-31.388392857142858,8.357142857142858,241.48214285714286,436.275875,0.5909053816046967,2.4107142857142856,55.160714285714285,3.392857142857143,159470.54944045717,6.339285714285714,68.09550880626223,4.13937656555773,2021,47632000.0,333557.42296918767
1069,SOUTH DAKOTA,BRULE,46015,10.027195995785037,39.82038461538461,-30.261153846153846,14.307692307692308,230.6153846153846,385.8514230769231,0.675690832455216,1.8076923076923077,39.57692307692308,2.8461538461538463,167866.78591606155,5.346153846153846,64.3295468914647,4.072633930453109,2021,8381000.0,77601.85185185185
1070,SOUTH DAKOTA,BUFFALO,46017,9.676013698630136,40.30142857142857,-30.035714285714285,17.071428571428573,231.85714285714286,311.9582142857143,0.6772739726027398,3.2142857142857144,44.5,1.7857142857142856,166816.82700617143,5.142857142857143,64.2643639921722,4.172278669275929,2021,2599000.0,21303.27868852459
1071,SOUTH DAKOTA,BUTTE,46019,9.45549119373777,42.307857142857145,-29.43940476190476,27.714285714285715,249.45238095238096,295.2928333333333,0.8762404761904762,12.988095238095237,41.25,1.8571428571428572,168811.12476617144,1.3928571428571428,55.39402152641879,4.03979217221135,2021,608000.0,4170.096021947874
1072,SOUTH DAKOTA,CAMPBELL,46021,8.41617033948779,38.30869565217392,-33.47434782608696,20.0,244.8695652173913,337.41665217391306,0.6871649791542584,2.9565217391304346,49.21739130434783,1.5217391304347827,161829.54156020872,4.304347826086956,63.237391304347824,4.288182132221561,2021,4531000.0,55595.092024539874
1073,SOUTH DAKOTA,CHARLES MIX,46023,10.7092186888454,39.83821428571429,-30.490178571428572,15.285714285714286,220.375,384.00851785714286,0.7083272504892367,1.1428571428571428,41.125,2.839285714285714,169248.00744617142,4.125,62.90769569471624,3.94936198630137,2021,16996000.0,139197.3791973792
1074,SOUTH DAKOTA,CLARK,46025,8.402319634703197,36.39666666666667,-30.813666666666666,4.9,233.23333333333332,493.82123333333334,0.5673015525114156,0.8666666666666667,59.86666666666667,3.6666666666666665,159918.35765760002,8.5,68.62938812785387,4.412307671232877,2021,24984000.0,145002.90191526405
1075,SOUTH DAKOTA,CLAY,46027,10.635668188736682,37.0,-33.467777777777776,9.222222222222221,219.33333333333334,437.676,0.6663315068493151,2.111111111111111,59.0,2.2222222222222223,161817.7589376,7.888888888888888,65.66529680365296,3.981910502283105,2021,14915000.0,95000.0
1076,SOUTH DAKOTA,CODINGTON,46029,7.8569299847793,35.87166666666666,-32.04055555555556,4.333333333333333,236.94444444444446,557.1416666666667,0.5400287671232876,1.222222222222222,62.77777777777778,4.166666666666667,157163.1955776,8.722222222222221,69.2172298325723,4.329166362252664,2021,20083000.0,102099.64412811388
1077,SOUTH DAKOTA,CORSON,46031,8.712918835616438,38.871375,-33.971125,20.5125,246.85,304.5733875,0.7386424315068493,4.3,39.375,2.3875,163535.3121456,3.8625,60.402921232876714,4.359502123287671,2021,3480000.0,42804.428044280445
1078,SOUTH DAKOTA,DAY,46037,7.627077910958905,35.725625,-32.479375,2.78125,238.5,563.80096875,0.5178795376712328,0.71875,64.03125,4.40625,157829.4212076,8.6875,69.8979109589041,4.482663441780821,2021,19338000.0,125003.2320620556
1079,SOUTH DAKOTA,DOUGLAS,46043,10.107001245330013,38.342727272727274,-30.617272727272724,10.909090909090908,223.36363636363637,428.19754545454543,0.6498485678704857,0.4545454545454546,41.90909090909091,2.8181818181818183,167533.4567703273,3.8181818181818183,65.19770859277709,4.0073352428393525,2021,10447000.0,73518.64883884588
1080,SOUTH DAKOTA,EDMUNDS,46045,8.229568285595683,37.65636363636363,-32.947878787878786,8.272727272727273,244.45454545454547,418.09924242424245,0.5949487754254877,1.0909090909090908,49.15151515151515,4.0,161035.06247214545,5.151515151515151,66.7736405147364,4.181720630967207,2021,13832000.0,152502.75633958104
1081,SOUTH DAKOTA,FALL RIVER,46047,9.676302511415525,39.94479166666667,-27.887708333333332,27.958333333333332,249.04166666666666,417.8029583333333,0.878805593607306,12.645833333333334,45.4375,4.979166666666667,174223.8909576,1.7708333333333335,55.51453767123288,3.637590753424657,2021,313000.0,2850.6375227686704
1082,SOUTH DAKOTA,FAULK,46049,8.762696093353627,38.27851851851852,-32.211111111111116,10.88888888888889,239.66666666666666,391.09988888888887,0.6219219685438864,1.1851851851851851,46.81481481481482,3.9259259259259256,162409.65589760002,5.518518518518518,65.84673769660071,4.168299746321664,2021,12633000.0,135401.92926045015
1083,SOUTH DAKOTA,GRANT,46051,8.147964774951076,36.33047619047619,-30.81047619047619,3.952380952380952,233.95238095238096,552.4886190476191,0.5461459882583171,1.380952380952381,58.523809523809526,4.0476190476190474,155492.76286902858,10.714285714285714,68.55368558382257,4.229869145466406,2021,18674000.0,105801.69971671388
1084,SOUTH DAKOTA,GREGORY,46053,10.58781614996395,39.42184210526316,-30.260789473684213,12.657894736842104,222.92105263157896,379.5978684210526,0.7057935111751982,0.9210526315789473,40.13157894736842,2.8157894736842106,169850.80783023158,5.157894736842105,62.54834895457823,4.21383828406633,2021,5451000.0,54401.19760479042
1085,SOUTH DAKOTA,HAMLIN,46057,8.312168949771689,36.5675,-31.750833333333333,5.75,235.25,473.8896666666667,0.553977397260274,1.5,61.0,2.5833333333333335,157097.94053760002,7.5,69.3466210045662,4.252879223744292,2021,18568000.0,103500.5574136009
1086,SOUTH DAKOTA,HAND,46059,9.15711350293542,38.95761904761905,-31.048809523809524,9.69047619047619,233.64285714285714,378.0015,0.6301365949119374,1.0476190476190474,44.785714285714285,2.857142857142857,165219.9137033143,4.4523809523809526,65.16348336594912,4.245858838878017,2021,24382000.0,172799.43302622254
1087,SOUTH DAKOTA,HANSON,46061,9.821464231354643,38.76111111111111,-30.243333333333332,10.666666666666666,226.22222222222223,450.3863333333333,0.6221689497716895,1.777777777777778,53.55555555555556,2.444444444444444,162829.4606976,6.222222222222222,67.25805175038052,4.026939726027398,2021,12196000.0,83706.24571036377
1088,SOUTH DAKOTA,HARDING,46063,8.855075627853882,41.73020833333333,-31.9478125,22.895833333333332,250.79166666666666,237.94925,0.8679777111872146,13.895833333333334,29.78125,1.96875,169040.2953276,2.3333333333333335,54.165847602739724,4.5208496004566205,2021,87500.0,2916.6666666666665
1089,SOUTH DAKOTA,HUGHES,46065,9.95974281926646,40.75387096774193,-30.815806451612904,25.838709677419356,231.74193548387098,321.0438064516129,0.7304792752982766,4.193548387096774,38.70967741935484,3.032258064516129,166528.4918511484,1.903225806451613,62.464551480335835,4.393228899690676,2021,5437000.0,57595.338983050846
1090,SOUTH DAKOTA,HUTCHINSON,46067,10.162472276581866,39.12761904761904,-30.392380952380954,11.666666666666666,221.1904761904762,450.98414285714284,0.646360469667319,2.7142857142857144,52.23809523809524,3.0,164478.18718902857,5.476190476190476,66.30574037834312,4.052879843444227,2021,18854000.0,151803.54267310788
1091,SOUTH DAKOTA,JERAULD,46073,9.377360730593608,39.12166666666666,-29.813333333333333,8.666666666666666,230.0,355.12125,0.6244899543378996,0.75,44.583333333333336,2.75,165834.48101760002,5.333333333333333,65.13429223744292,4.228181735159817,2021,6394000.0,49797.507788161995
1092,SOUTH DAKOTA,KINGSBURY,46077,8.778993150684931,36.50833333333333,-31.527083333333334,6.333333333333333,231.875,456.34729166666665,0.5610673515981734,0.875,59.958333333333336,2.75,158673.7973376,6.416666666666667,68.97698630136986,4.363182077625571,2021,22304000.0,142699.93602047343
1093,SOUTH DAKOTA,LAKE,46079,8.769561643835615,36.212666666666664,-31.050666666666665,5.0,231.6,441.0831333333333,0.5377380821917809,0.8,64.93333333333334,1.2,157654.1638656,7.266666666666667,69.89892237442922,4.357317260273973,2021,15955000.0,115198.5559566787
1094,SOUTH DAKOTA,LINCOLN,46083,9.835406849315069,37.05,-31.6445,6.7,224.05,495.3903,0.607206301369863,2.6,63.25,3.2,159884.66352960002,6.75,67.31449315068494,4.035292465753424,2021,21743000.0,134798.51208927462
1095,SOUTH DAKOTA,LYMAN,46085,10.433021416168241,40.62929577464789,-29.218028169014083,24.12676056338028,228.01408450704224,346.34052112676056,0.7585828670654061,3.380281690140845,40.87323943661972,2.4788732394366195,168047.96393590988,3.3098591549295775,61.10894848543315,4.260632992475401,2021,3854000.0,42398.239823982396
1096,SOUTH DAKOTA,MARSHALL,46091,7.751300228310502,36.9825,-33.25208333333333,5.333333333333333,239.0,525.2718333333333,0.5521554794520548,1.75,61.208333333333336,3.5,155035.18373760002,8.625,68.78760273972603,4.433675684931507,2021,16923000.0,106500.94398993078
1097,SOUTH DAKOTA,MCCOOK,46087,9.41023287671233,37.0075,-30.015,7.583333333333334,227.75,442.23566666666665,0.5753216894977169,1.3333333333333333,56.75,1.4166666666666667,161650.3248576,7.0,68.88582191780822,4.208225342465753,2021,13918000.0,110197.94140934283
1098,SOUTH DAKOTA,MCPHERSON,46089,7.593814860938148,36.14636363636363,-33.60212121212122,4.7272727272727275,247.84848484848484,420.9326363636364,0.5627189705271898,0.4545454545454546,52.72727272727273,2.8484848484848486,161360.48440669093,5.878787878787879,67.46346201743462,4.283511664591116,2021,4880000.0,68829.3370944993
1099,SOUTH DAKOTA,MEADE,46093,9.71238317576693,42.06464788732394,-29.0212676056338,27.54225352112676,243.0,339.44651408450704,0.8603782558363882,12.415492957746478,42.96478873239437,2.1619718309859155,169887.2583922479,1.0352112676056338,56.40354234999035,4.080146247347097,2021,254000.0,6091.127098321343
1100,SOUTH DAKOTA,MINER,46097,9.228098630136985,37.066,-30.565333333333335,6.4,230.66666666666666,365.1046666666667,0.5689704109589041,0.5333333333333333,58.2,0.6,160212.06236160002,5.933333333333334,68.82372602739726,4.242073242009132,2021,8140000.0,74067.3339399454
1101,SOUTH DAKOTA,PENNINGTON,46103,9.140726248342908,39.968951612903226,-27.739354838709676,22.596774193548388,248.32258064516128,405.686564516129,0.8307910737958462,11.370967741935484,51.00806451612903,3.129032258064516,169795.14729630967,1.7258064516129032,55.658384887317716,3.7991711224038887,2021,614000.0,11307.55064456722
1102,SOUTH DAKOTA,POTTER,46107,8.89536248682824,37.92961538461538,-33.20230769230769,19.423076923076923,236.57692307692307,342.1077307692308,0.6718206533192834,2.3461538461538463,42.84615384615385,3.3461538461538463,164246.4507899077,3.0,64.23241306638566,4.461451949420443,2021,9947000.0,95095.60229445508
1103,SOUTH DAKOTA,SANBORN,46111,9.636714155251143,38.34466666666666,-30.178,9.4,232.0,345.92546666666664,0.6127645662100456,0.8666666666666667,50.266666666666666,1.2,162625.8531456,5.6,66.98489497716895,4.030718538812786,2021,9221000.0,67503.66032210835
1104,SOUTH DAKOTA,SULLY,46119,9.493699391171994,39.685,-31.751944444444444,25.63888888888889,234.91666666666666,328.17938888888887,0.7025582191780821,5.222222222222222,38.69444444444444,2.361111111111111,165750.55349760002,2.138888888888889,64.04609589041097,4.348597184170472,2021,13352000.0,115902.77777777778
1105,SOUTH DAKOTA,TODD,46121,10.306681610626816,39.96181818181818,-31.099999999999998,18.90909090909091,234.24242424242425,440.4161818181818,0.7845829804898299,3.787878787878788,49.303030303030305,4.0606060606060606,171349.6405666909,1.4242424242424243,59.661784973017845,4.7103217932752175,2021,1779000.0,16704.225352112677
1106,SOUTH DAKOTA,TRIPP,46123,10.599396281800392,40.206250000000004,-29.291785714285712,21.214285714285715,227.75,378.15189285714285,0.7765683953033268,3.7857142857142856,41.67857142857143,2.232142857142857,169401.48609188572,3.821428571428571,60.373957925636006,4.45275885518591,2021,4770000.0,66806.72268907563
1107,SOUTH DAKOTA,TURNER,46125,9.966133561643836,36.811875,-31.981875,7.875,222.6875,521.1850625,0.6169594178082192,1.625,61.375,4.625,162896.1140376,7.6875,67.12907534246575,4.100150171232877,2021,20662000.0,137197.87516600266
1108,SOUTH DAKOTA,WALWORTH,46129,8.78057409713574,37.07272727272727,-33.78363636363636,16.5,238.0,321.3285,0.6856227895392278,2.7727272727272725,44.31818181818182,2.0454545454545454,162389.61431214545,3.909090909090909,62.714769613947695,4.421955417185554,2021,7140000.0,65324.79414455627
1109,SOUTH DAKOTA,YANKTON,46135,10.438703196347031,37.166666666666664,-31.8,7.916666666666666,219.16666666666666,471.8358333333333,0.6315963470319634,0.8333333333333333,54.5,5.083333333333333,163892.59853760002,7.416666666666667,66.84388127853882,3.9360171232876713,2021,11941000.0,90599.39301972685
1110,TEXAS,AUSTIN,48015,20.735277397260276,35.574999999999996,-11.930833333333332,11.625,84.875,1130.0415833333334,0.6739125570776255,0.0,82.33333333333333,13.541666666666666,159563.9293776,3.3333333333333335,76.28254566210046,4.672415525114155,2021,461000.0,5238.636363636364
1111,TEXAS,BELL,48027,19.513912711054477,37.20209302325581,-16.623488372093025,24.162790697674417,104.5813953488372,666.0891627906976,0.7948306467027715,0.023255813953488372,65.18604651162791,6.813953488372093,168023.46021387907,5.395348837209302,70.97710098757565,3.4544231920993944,2021,7702000.0,70595.78368469294
1112,TEXAS,BEXAR,48029,20.72404827136334,36.77285714285714,-12.019761904761904,24.261904761904763,85.73809523809524,861.4330238095238,0.8814075668623613,0.47619047619047616,68.23809523809524,9.428571428571429,169219.4011776,2.857142857142857,69.38860404435746,3.010637703848663,2021,448000.0,6062.246278755074
1113,TEXAS,BURLESON,48051,20.33368378995434,36.846666666666664,-15.027500000000002,26.75,95.20833333333333,914.014375,0.7547907534246575,0.0,77.83333333333333,9.75,159166.6499376,4.125,73.33623287671233,4.094578310502283,2021,1288000.0,9900.076863950808
1114,TEXAS,CALDWELL,48055,20.62009315068493,36.890499999999996,-13.16,25.8,91.85,993.67435,0.791285205479452,0.0,76.35,10.85,161427.7645056,5.15,72.43224657534246,3.542756301369863,2021,572000.0,6292.6292629262925
1115,TEXAS,CARSON,48065,14.8753,38.862,-25.072499999999998,24.1,191.45,315.86935,1.0243539726027397,11.35,34.6,2.6,194782.9277376,0.1,54.08413698630137,4.986708219178082,2021,6039000.0,27400.181488203267
1116,TEXAS,COLEMAN,48083,18.325407436399217,37.818285714285715,-16.82542857142857,28.942857142857143,131.8,459.79054285714284,0.9814435225048924,1.8285714285714285,44.05714285714286,4.114285714285714,185685.54354102857,1.1714285714285715,62.61803522504893,3.455212759295499,2021,112700.0,2150.763358778626
1117,TEXAS,COLLIN,48085,18.5135,36.222,-18.6315,19.75,120.7,882.3034,0.8345523287671233,0.05,74.4,9.85,164592.2599776,2.05,67.67593150684931,3.605418219178082,2021,941000.0,17297.79411764706
1118,TEXAS,COLORADO,48089,20.84062465753425,36.02028571428571,-11.420285714285713,13.428571428571429,83.91428571428571,1043.4140571428572,0.7064028180039139,0.0,78.77142857142857,11.2,159076.84840045715,3.4571428571428573,75.41915459882583,4.789160939334638,2021,852000.0,10094.786729857819
1119,TEXAS,DALLAM,48111,13.355842465753424,39.78916666666667,-25.366388888888892,25.694444444444443,218.36111111111111,230.1431388888889,1.0389263318112634,14.5,33.44444444444444,1.5,201569.6623776,0.24999999999999997,50.527404870624046,4.730424429223745,2021,12900000.0,86403.21500334896
1120,TEXAS,DEAF SMITH,48117,14.261684931506851,39.75666666666667,-23.81361111111111,19.25,205.19444444444446,288.09294444444447,1.0298851598173515,12.36111111111111,34.833333333333336,2.5,200974.6325376,0.0,51.99853881278539,4.7611096651445965,2021,5296000.0,27200.821777092966
1121,TEXAS,DEWITT,48123,21.25488536409517,36.99526315789473,-10.659210526315789,27.184210526315788,76.13157894736842,946.1140263157895,0.7855413121845711,0.0,71.05263157894737,11.0,163688.46993549474,3.0789473684210527,73.46675558759912,4.8904542898341745,2021,410000.0,3860.640301318267
1122,TEXAS,ELLIS,48139,19.087647488584476,36.781,-17.540666666666667,21.4,109.23333333333333,765.3184666666666,0.7850632876712328,0.0,67.03333333333333,7.566666666666666,166644.50492160002,2.0,70.50910502283105,3.706139817351598,2021,2967000.0,41906.77966101695
1123,TEXAS,FALLS,48145,19.451666509211147,36.74620689655172,-17.37448275862069,20.93103448275862,102.75862068965517,752.5664137931035,0.7527357581483232,0.0,65.72413793103448,7.655172413793103,167707.59572656552,4.310344827586207,72.26069910250354,3.826997732640529,2021,6139000.0,65100.74231177095
1124,TEXAS,FAYETTE,48149,20.705552511415526,36.65121212121212,-12.603939393939394,19.757575757575758,89.33333333333333,1092.0035454545455,0.7368160232461602,0.0,81.72727272727273,13.15151515151515,160175.83070487273,4.181818181818182,74.18758821087587,3.9201063511830636,2021,711000.0,6977.428851815505
1125,TEXAS,FORT BEND,48157,21.210261599646486,35.08032258064516,-10.36741935483871,9.548387096774194,72.03225806451613,1282.670935483871,0.6712178524083076,0.0,88.38709677419355,15.129032258064516,153016.11630534194,3.096774193548387,76.72030932390632,5.400882633672117,2021,2053000.0,15600.303951367781
1126,TEXAS,FRIO,48163,22.132739726027395,38.25,-10.142083333333334,76.41666666666667,73.375,501.72641666666664,1.1461812785388128,1.3333333333333333,41.458333333333336,6.0,185267.55677760002,0.7916666666666666,64.27683789954338,3.452382876712329,2021,947000.0,6411.645226811104
1127,TEXAS,GILLESPIE,48171,18.441422048271363,35.17809523809524,-15.676666666666666,2.4761904761904763,111.71428571428571,557.5004285714285,0.7938301369863013,0.0,56.61904761904762,5.571428571428571,176918.55701760002,5.0476190476190474,68.37829093281148,3.644147292889759,2021,109400.0,1430.0653594771243
1128,TEXAS,GLASSCOCK,48173,17.678998630136984,38.074,-19.6815,27.7,146.2,329.8194,1.1171027397260274,5.75,32.45,2.95,201226.6643616,0.7000000000000001,55.89667123287671,4.2323994520547945,2021,111400.0,649.9416569428238
1129,TEXAS,GOLIAD,48175,21.624646996838777,36.75115384615385,-10.062692307692307,21.384615384615383,66.76923076923077,1011.5743846153846,0.7480346680716543,0.0,70.61538461538461,11.807692307692308,161471.67856836924,2.269230769230769,74.92737618545837,5.419963645943098,2021,186200.0,2800.0
1130,TEXAS,GONZALES,48177,20.94206626314113,36.72976744186046,-11.30906976744186,24.069767441860463,85.51162790697674,975.7121162790697,0.7811181905065308,0.046511627906976744,72.18604651162791,10.511627906976743,164553.2106436465,4.1395348837209305,73.21185727938834,4.162598789423383,2021,414000.0,4330.543933054393
1131,TEXAS,GRAY,48179,14.90123698630137,37.372,-23.735,15.7,191.35,395.8032,0.9543945205479452,6.05,37.4,4.05,193137.80952960002,0.25,56.40605479452054,4.748500547945206,2021,1122000.0,5250.350959288723
1132,TEXAS,GRAYSON,48181,17.981689497716896,37.014242424242425,-20.30727272727273,19.606060606060606,126.84848484848484,1040.9309393939393,0.8270673308426734,0.0,72.6969696969697,12.424242424242424,168054.0583994182,2.787878787878788,67.18717310087173,3.4392065587380656,2021,1152000.0,17401.812688821752
1133,TEXAS,GUADALUPE,48187,20.600915851272017,36.765,-12.004285714285714,16.892857142857142,89.57142857142857,999.5056428571429,0.776326712328767,0.0,73.89285714285714,11.357142857142858,165240.2177033143,3.857142857142857,72.57344422700587,3.3776622309197655,2021,1946000.0,20702.127659574468
1134,TEXAS,HALE,48189,15.073539726027397,39.0212,-20.8604,15.88,194.08,319.48856,0.9908853698630137,5.32,35.28,2.96,200809.63791360002,0.0,54.977183561643834,4.301884383561644,2021,3597000.0,25101.186322400557
1135,TEXAS,HARTLEY,48205,13.883060882800608,40.150555555555556,-25.084166666666665,27.52777777777778,211.22222222222223,261.07716666666664,1.0602896499238965,15.916666666666666,33.19444444444444,1.5,201820.2086976,0.05555555555555555,50.47872907153729,4.447467351598173,2021,14252000.0,79798.43225083986
1136,TEXAS,HAYS,48209,19.81470058708415,36.45928571428571,-14.336785714285714,11.785714285714286,96.75,933.1151071428571,0.7589879647749511,0.0,74.53571428571429,11.0,162946.44612617145,4.857142857142857,72.0625048923679,3.271529843444227,2021,300000.0,3260.8695652173915
1137,TEXAS,HIDALGO,48215,23.3983033992897,38.035,-5.3261111111111115,49.148148148148145,42.48148148148148,759.4042222222222,0.8939619482496194,0.0,44.05555555555556,9.185185185185185,184430.7819776,2.5555555555555554,73.77837138508372,5.808522831050228,2021,2054000.0,19903.100775193798
1138,TEXAS,HILL,48217,19.108019569471626,36.978857142857144,-17.49,23.37142857142857,110.6,702.4737142857143,0.787478277886497,0.0,64.02857142857142,6.6,169838.05060388573,2.4857142857142858,70.5881095890411,3.6160780430528376,2021,8641000.0,88899.17695473251
1139,TEXAS,HUNT,48231,18.141702054794518,35.60208333333333,-18.902916666666666,10.25,125.0,904.1919583333333,0.7527578767123287,0.0,73.95833333333333,10.791666666666666,163434.6936576,1.7916666666666667,70.26157534246575,3.529263698630137,2021,320000.0,6425.702811244981
1140,TEXAS,HUTCHINSON,48233,15.16300410958904,40.4215,-24.332,37.8,193.65,340.00105,1.0876609589041095,16.4,40.3,2.8,195589.6670016,0.25,52.48561643835617,4.575002191780822,2021,5114000.0,23298.405466970387
1141,TEXAS,JACKSON,48239,21.433478473581214,36.066785714285714,-9.885000000000002,12.821428571428571,69.75,1361.4985,0.7238381604696673,0.0,74.57142857142857,14.142857142857142,160376.87278902857,3.0,75.43046966731897,5.969289432485323,2021,9191000.0,79096.38554216867
1142,TEXAS,JOHNSON,48251,18.982135544340302,37.7378947368421,-18.834736842105265,27.894736842105264,113.36842105263158,701.7374736842105,0.8625762076423936,0.0,64.3157894736842,6.842105263157895,170154.7252870737,1.5789473684210527,67.5535976928623,3.5929215573179523,2021,620000.0,10801.393728222996
1143,TEXAS,LAMAR,48277,17.71235616438356,36.5984,-20.934,18.92,133.24,829.979,0.7617986849315068,0.0,74.72,8.64,162931.22784,1.84,69.82158904109589,3.3900966575342464,2021,1254000.0,19502.332814930018
1144,TEXAS,LAVACA,48285,21.08305520963055,37.119090909090914,-11.281818181818181,26.848484848484848,81.0,990.3394545454546,0.7706818596928185,0.0,71.36363636363636,10.848484848484848,161145.96551214546,4.0,73.75974263179742,4.875036695724367,2021,155800.0,1979.6696315120712
1145,TEXAS,LEE,48287,20.184390937829296,36.636923076923075,-14.36076923076923,22.384615384615383,95.76923076923077,1099.4007307692307,0.7250526870389884,0.0,75.88461538461539,12.5,159188.26779913847,4.923076923076923,74.15708113804004,3.639408535300316,2021,30100.0,350.0
1146,TEXAS,LIPSCOMB,48295,14.61021506849315,38.475,-25.342,28.85,197.2,318.51855,0.9418149315068494,7.95,37.1,2.55,192074.9089536,0.1,57.65254794520548,4.73959506849315,2021,729000.0,4170.480549199085
1147,TEXAS,MATAGORDA,48321,21.52409220231823,33.535961538461535,-8.735961538461538,1.0961538461538463,53.26923076923077,1417.8095384615385,0.6204691780821918,0.0,75.36538461538461,16.057692307692307,162042.09469144617,3.153846153846154,78.1877502634352,6.426505110642783,2021,4046000.0,38903.846153846156
1148,TEXAS,MCLENNAN,48309,19.373816237888406,37.03121951219512,-16.567560975609755,24.609756097560975,107.95121951219512,687.4532926829268,0.8026111593718678,0.0,65.39024390243902,6.658536585365854,169675.64586052683,3.975609756097561,70.34694286668895,3.6990173738723686,2021,6035000.0,50000.0
1149,TEXAS,MEDINA,48325,20.654809741248098,36.553333333333335,-12.349722222222223,29.38888888888889,86.63888888888889,558.6765,0.9784350076103501,0.4444444444444444,49.30555555555556,5.583333333333333,178241.8649376,1.8055555555555556,66.02144596651446,2.8833111872146118,2021,2024000.0,25300.0
1150,TEXAS,MILAM,48331,19.985138428262438,37.50157894736842,-16.88078947368421,33.13157894736842,98.78947368421052,772.9961842105263,0.796066258111031,0.0,69.42105263157895,8.868421052631579,162148.18507654738,4.7368421052631575,71.85821196827686,3.7746235039653926,2021,3972000.0,35495.978552278815
1151,TEXAS,MOORE,48341,14.357708219178082,40.313,-25.2445,30.4,201.2,309.4825,1.0488597260273973,14.25,37.3,2.25,199080.19157760002,0.3,52.06209589041096,4.610211780821918,2021,10070000.0,46405.52995391705
1152,TEXAS,NAVARRO,48349,19.329507570295604,36.48026315789474,-17.91,19.42105263157895,105.15789473684211,761.1921578947369,0.7733545782263879,0.0,67.84210526315789,6.7368421052631575,167521.35355654737,3.4473684210526314,71.34823359769285,3.9689969718817593,2021,1875000.0,20695.3642384106
1153,TEXAS,NUECES,48355,22.73801940639269,36.11666666666667,-8.110000000000001,22.583333333333332,46.875,714.3099166666667,0.7209188356164384,0.0,57.583333333333336,7.375,171358.78001760002,2.5,77.25748858447488,6.421891095890411,2021,762000.0,10200.803212851406
1154,TEXAS,OCHILTREE,48357,14.432597260273972,38.677,-25.368000000000002,32.4,198.1,344.0855,1.001358082191781,10.8,37.35,3.5,194065.7450976,0.4,55.11095890410959,4.821906438356164,2021,6718000.0,29699.381078691426
1155,TEXAS,SAN PATRICIO,48409,22.171306351183063,35.017272727272726,-8.795454545454545,8.727272727272727,51.5,851.5520909090909,0.607213200498132,0.0,64.18181818181819,9.772727272727273,168772.9967266909,3.227272727272727,79.91540473225405,6.301743586550436,2021,1622000.0,18102.678571428572
1156,TEXAS,SHERMAN,48421,14.076936986301371,40.5105,-26.164499999999997,34.35,205.9,279.827,1.0595528767123288,16.5,34.85,2.2,199457.46452160002,0.75,51.946917808219176,4.795013698630137,2021,18378000.0,87681.29770992366
1157,TEXAS,SWISHER,48437,14.810368493150683,37.977,-22.425,15.55,196.9,319.9951,0.9880539726027397,4.95,40.5,2.6,197941.1168736,0.0,54.88187671232876,4.510716027397261,2021,780000.0,4148.936170212766
1158,TEXAS,TOM GREEN,48451,18.424618395303327,37.55795918367347,-18.42204081632653,30.24489795918367,132.16326530612244,366.03591836734694,1.0574090578697233,4.755102040816326,38.51020408163265,2.9183673469387754,192394.4759988245,1.6122448979591837,60.115610847078564,3.7396897400055913,2021,460000.0,4181.818181818182
1159,TEXAS,TRAVIS,48453,20.02147143334447,37.17390243902439,-15.007073170731706,23.682926829268293,97.63414634146342,913.0643902439025,0.7904551286334782,0.0,71.09756097560975,11.097560975609756,162472.33709174636,5.341463414634147,71.62341463414634,3.069805479452055,2021,1108000.0,14205.128205128205
1160,TEXAS,UVALDE,48463,20.449158512720157,36.506,-11.732285714285714,24.65714285714286,83.48571428571428,411.05685714285715,0.962508336594912,0.19999999999999998,41.25714285714286,3.6857142857142855,180396.8348873143,1.9714285714285713,65.9195459882583,3.1193145205479453,2021,1483000.0,14003.777148253068
1161,TEXAS,VICTORIA,48469,21.46387795765878,36.59878787878788,-10.026060606060607,18.454545454545453,69.03030303030303,1263.9116666666666,0.7305935242839353,0.0,75.18181818181819,14.636363636363637,159391.86093032727,3.3636363636363638,75.29769198837693,5.827674802822748,2021,3536000.0,35502.00803212851
1162,TEXAS,WALLER,48473,20.899749771689496,36.501999999999995,-12.094,18.933333333333334,82.73333333333333,1196.8983333333333,0.7109786301369864,0.0,84.0,14.533333333333333,158089.9280256,3.8,75.21417351598173,4.814338082191781,2021,272000.0,2890.5419766206164
1163,TEXAS,WHARTON,48481,20.9729698630137,35.117000000000004,-10.24375,5.8,74.4,1235.24115,0.6623768493150685,0.0,79.95,13.55,157319.7624576,3.0749999999999997,76.90779452054795,5.613299452054794,2021,12084000.0,87501.81028240405
1164,TEXAS,WILLACY,48489,23.211744292237444,36.34916666666667,-5.9175,26.25,39.583333333333336,681.0859166666667,0.7560205479452055,0.0,45.0,7.416666666666667,174753.13541760002,1.1666666666666665,77.24219178082193,6.64500296803653,2021,298000.0,3278.327832783278
1165,TEXAS,WILLIAMSON,48491,19.759356816699285,37.35095238095238,-15.85404761904762,22.714285714285715,101.38095238095238,766.2283333333334,0.7968510763209393,0.0,64.83333333333333,9.023809523809524,164697.9898176,5.190476190476191,71.12958904109588,3.400242139595564,2021,9624000.0,98004.0733197556
1166,ARKANSAS,ARKANSAS,05001,17.436318400592373,37.29486486486487,-14.881081081081081,36.027027027027025,141.6216216216216,938.2262702702702,0.8102068863383932,0.0,76.83783783783784,11.432432432432433,142423.87364523244,18.486486486486488,67.73462421325435,5.417911218067382,2022,10127000.0,53895.68919638105
1167,ARKANSAS,ASHLEY,05003,17.89999589041096,37.069,-13.169999999999998,23.95,138.15,1138.0846999999999,0.7480132876712329,0.0,76.85,13.35,145922.2116768,18.1,69.47791780821917,5.026012876712329,2022,5541000.0,33602.183141297755
1168,ARKANSAS,CHICOT,05017,17.93019908675799,36.67333333333333,-13.012,15.933333333333334,133.93333333333334,1123.3622666666668,0.7375413698630138,0.0,78.93333333333334,13.466666666666667,146506.45970880002,17.46666666666667,69.95609132420091,5.587480913242009,2022,5142000.0,29001.692047377324
1169,ARKANSAS,CLAY,05021,15.34311301369863,36.949375,-18.84,17.25,169.125,1171.8613125,0.6505989726027397,0.0,76.75,14.8125,139900.6610928,22.1875,70.32256849315068,4.905726883561644,2022,6102000.0,31100.91743119266
1170,ARKANSAS,CONWAY,05029,16.171780821917807,39.29066666666667,-16.160666666666668,35.266666666666666,164.46666666666667,968.04,0.7633316894977169,0.06666666666666667,76.93333333333334,10.4,140194.03020480002,22.53333333333333,67.49393607305936,2.9892224657534245,2022,360000.0,2540.5786873676784
1171,ARKANSAS,CRITTENDEN,05035,16.569936488169365,37.143181818181816,-17.150909090909092,16.272727272727273,150.72727272727272,1051.6656363636364,0.7217435865504358,0.0,85.86363636363636,11.727272727272727,139591.45149643638,21.5,69.16261519302616,5.31255703611457,2022,2516000.0,16097.248880358284
1172,ARKANSAS,CROSS,05037,16.175490410958904,37.245,-17.568,18.1,161.5,967.4264,0.7206931506849314,0.0,82.5,10.8,141021.5302368,21.3,68.75756164383561,5.512025479452055,2022,4994000.0,28701.149425287356
1173,ARKANSAS,DESHA,05041,17.694686757990866,36.83866666666667,-14.063333333333333,21.7,137.16666666666666,1039.4792,0.776843196347032,0.0,79.96666666666667,12.666666666666666,144188.75004480002,17.866666666666667,68.5556712328767,5.440714063926941,2022,5588000.0,33601.924233313286
1174,ARKANSAS,DREW,05043,17.690712328767123,37.498000000000005,-13.849,25.7,138.05,1175.84585,0.7549169863013698,0.0,80.7,13.7,144625.7213568,18.05,68.96734246575343,4.866614246575343,2022,2130000.0,11601.307189542484
1175,ARKANSAS,GREENE,05055,15.511245521601687,37.26461538461538,-18.666153846153847,20.0,166.76923076923077,1101.4495384615384,0.6772897787144362,0.0,78.38461538461539,16.153846153846153,140505.82339126154,22.846153846153847,69.65896733403582,5.0613178082191785,2022,4539000.0,26101.20759056929
1176,ARKANSAS,INDEPENDENCE,05063,15.504555321390937,38.60230769230769,-18.26153846153846,22.884615384615387,166.19230769230768,1106.0342692307693,0.6969334035827186,0.0,77.8076923076923,13.461538461538462,140486.98520049232,22.423076923076923,67.94462592202318,3.8237214963119075,2022,1170000.0,8187.543736878936
1177,ARKANSAS,JACKSON,05067,15.585857534246575,36.5225,-17.773500000000002,14.2,166.9,1095.7464,0.6530401369863014,0.0,79.05,14.2,141443.6603328,22.35,70.17171232876711,5.201667123287671,2022,2751000.0,17301.88679245283
1178,ARKANSAS,JEFFERSON,05069,17.392042074363992,37.31857142857143,-14.804285714285713,35.142857142857146,142.03571428571428,915.005,0.8095974559686889,0.0,78.89285714285714,10.571428571428571,142926.22786422857,18.071428571428573,67.06122309197652,5.031473776908023,2022,5964000.0,32697.36842105263
1179,ARKANSAS,LAFAYETTE,05073,18.25529623287671,40.308125000000004,-13.196875,42.0,127.0,1009.1486875,0.8272494863013699,1.1875,71.25,12.6875,144895.37057280002,15.3125,67.91811643835617,4.243887328767123,2022,1557000.0,10400.801603206413
1180,ARKANSAS,LAWRENCE,05075,15.45827701674277,37.342777777777776,-18.485555555555557,19.88888888888889,168.05555555555554,1149.9613333333334,0.6527633181126332,0.1111111111111111,76.72222222222223,15.833333333333332,141255.2744928,22.38888888888889,70.3127397260274,4.783038356164384,2022,1543000.0,9601.742377100187
1181,ARKANSAS,LEE,05077,16.515551859099805,37.04357142857143,-16.14,17.57142857142857,155.07142857142858,1062.8609999999999,0.6615401174168297,0.0,80.64285714285714,13.785714285714285,141712.99474422858,19.928571428571427,72.03270058708415,5.43620156555773,2022,7000000.0,38802.660753880264
1182,ARKANSAS,LINCOLN,05079,17.597624266144816,37.02928571428571,-14.496428571428572,30.5,138.35714285714286,983.3282857142857,0.8030273972602741,0.0,79.64285714285714,11.928571428571429,144276.40992137144,18.785714285714285,67.35825831702545,5.082853228962818,2022,2993000.0,16100.053792361485
1183,ARKANSAS,LONOKE,05085,16.70274444969296,37.26,-15.507241379310344,28.620689655172413,155.68965517241378,941.3614827586207,0.7613832782239018,0.0,78.34482758620689,11.206896551724139,140976.1346638345,19.896551724137932,67.89537080774681,5.080058573453,2022,6469000.0,37698.1351981352
1184,ARKANSAS,MISSISSIPPI,05093,16.052398585947856,37.01774193548387,-17.9741935483871,15.387096774193548,158.7741935483871,1054.3177096774193,0.7166817498895272,0.0,85.70967741935483,11.548387096774194,138949.2862708645,22.451612903225808,68.46191780821917,5.2742798939460895,2022,2984000.0,17100.28653295129
1185,ARKANSAS,MONROE,05095,16.664535388127856,37.36,-15.550416666666665,25.625,155.16666666666666,989.352375,0.7055002283105023,0.0,76.375,13.041666666666666,141696.4703328,19.708333333333332,70.86660958904109,5.532235388127854,2022,4174000.0,24800.95068330362
1186,ARKANSAS,PHILLIPS,05107,16.96189562948467,36.79571428571429,-15.194761904761904,18.19047619047619,147.28571428571428,965.3365238095238,0.6864797129810829,0.0,78.71428571428571,11.666666666666666,142985.8870642286,19.428571428571427,71.78473581213308,5.427847619047619,2022,4993000.0,29301.643192488264
1187,ARKANSAS,POINSETT,05111,15.970065068493149,37.13,-17.985625,17.0625,161.75,990.814375,0.7172065068493151,0.0,80.875,11.3125,140836.3995528,22.0,68.6569006849315,5.563708732876712,2022,4555000.0,26699.882766705745
1188,ARKANSAS,PRAIRIE,05117,16.577256700416914,37.19913043478261,-15.699130434782608,24.869565217391305,155.52173913043478,981.7231304347827,0.7242936271590232,0.0,77.34782608695652,12.08695652173913,141564.38113627827,21.0,69.43922572960095,5.420758189398452,2022,5200000.0,27600.849256900212
1189,ARKANSAS,ST. FRANCIS,05123,16.413892237442923,37.51733333333333,-16.798,18.866666666666667,156.73333333333332,1034.0333333333333,0.7059870319634703,0.0,79.06666666666666,13.2,141602.3317728,20.066666666666666,69.98544292237443,5.4898,2022,4603000.0,25501.385041551246
1190,ARKANSAS,WHITE,05145,15.893412069603851,37.968648648648646,-16.96081081081081,23.27027027027027,164.1891891891892,1038.0399459459459,0.7083354313217326,0.0,82.05405405405405,12.054054054054054,139456.28980955677,23.054054054054056,68.40987782302851,4.315408737504628,2022,1189000.0,7272.17125382263
1191,ARKANSAS,WOODRUFF,05147,16.048472602739725,36.7165,-16.756999999999998,16.3,163.4,1009.1658,0.6795564383561643,0.0,80.4,11.65,141461.9110368,21.65,70.24117808219178,5.545797534246575,2022,2744000.0,18100.263852242744
1192,ARKANSAS,YELL,05149,16.529707060063224,38.98230769230769,-16.813846153846153,34.64102564102564,155.46153846153845,1021.7581538461538,0.8449721812434141,4.17948717948718,73.46153846153847,13.333333333333334,142136.19028356925,20.94871794871795,64.32571127502635,2.450629574991219,2022,268000.0,1859.8195697432338
1193,CALIFORNIA,IMPERIAL,06025,23.259608561643837,44.21875,-2.2395625,142.05625,95.4125,51.059375,2.307396455479452,145.88125,5.31875,0.375,186389.7401808,12.0,33.62530136986302,3.8975931678082194,2022,122200.0,920.1807228915662
1194,CALIFORNIA,SACRAMENTO,06067,16.147349315068492,45.4945,-2.47625,59.9,181.875,280.982975,1.130447808219178,28.975,24.325,2.725,162218.1372768,16.475,57.48906164383562,4.366456164383561,2022,501000.0,2699.3534482758623
1195,CALIFORNIA,SUTTER,06101,16.328510273972604,43.20083333333333,-3.07375,61.708333333333336,181.79166666666666,260.94475,1.179845890410959,31.375,25.416666666666668,2.458333333333333,161497.39574880002,16.166666666666668,56.223025114155256,4.381840068493151,2022,45500.0,340.05979073243645
1196,KANSAS,ALLEN,20001,13.613760273972602,38.1175,-20.62875,26.375,193.625,773.178125,0.7325897260273972,0.5,69.625,7.125,141850.5222528,15.5,66.18215753424657,3.990225,2022,2039000.0,30800.60422960725
1197,KANSAS,ANDERSON,20003,13.49891095890411,38.26166666666666,-21.162499999999998,27.666666666666668,195.58333333333334,735.9441666666667,0.776104794520548,1.1666666666666665,68.25,6.75,140640.18641280002,14.916666666666666,63.61792237442923,4.056846347031963,2022,2971000.0,39403.183023872676
1198,KANSAS,ATCHISON,20005,12.080255707762557,36.733333333333334,-21.84,9.666666666666666,208.33333333333334,578.1746666666667,0.6207041095890411,0.0,58.833333333333336,4.5,134803.19897280002,18.166666666666668,66.5516894977169,3.8500552511415527,2022,9146000.0,62902.33837689133
1199,KANSAS,BARBER,20007,14.63445205479452,43.222142857142856,-19.368571428571432,64.10714285714286,193.60714285714286,373.92675,1.0869196673189823,23.25,45.42857142857143,2.1785714285714284,157744.8541728,14.178571428571429,55.00512720156555,4.593479941291585,2022,599000.0,3350.111856823266
1200,KANSAS,BARTON,20009,13.071275342465755,42.353500000000004,-22.1735,51.3,207.75,410.81080000000003,0.9664008219178082,18.4,47.35,3.7,154717.6271328,13.95,57.13442465753424,4.879243287671233,2022,3250000.0,24904.21455938697
1201,KANSAS,BOURBON,20011,14.072244292237443,38.89,-20.789166666666667,34.583333333333336,188.66666666666666,755.7838333333333,0.7918808219178082,1.9166666666666667,71.5,6.833333333333333,139359.4820928,16.416666666666668,64.01216894977169,3.726603652968037,2022,957000.0,10899.772209567198
1202,KANSAS,BROWN,20013,11.7967100456621,36.75666666666667,-22.991666666666664,7.083333333333333,207.75,654.1055,0.6235739726027397,0.0,58.0,6.666666666666667,136939.0429728,18.416666666666668,65.87958904109588,4.1338764840182645,2022,23456000.0,119186.9918699187
1203,KANSAS,BUTLER,20015,13.71493302891933,39.38027777777778,-21.077222222222222,36.02777777777778,191.83333333333334,678.0465,0.8762710806697108,8.416666666666666,56.888888888888886,7.611111111111111,147347.4527328,16.416666666666668,60.879467275494676,4.484066438356164,2022,4111000.0,58394.88636363636
1204,KANSAS,CHASE,20017,13.501669863013698,38.986000000000004,-21.512999999999998,32.55,192.75,727.297,0.8835560273972602,8.5,59.4,7.15,144621.4432608,15.0,59.50701369863014,4.5368395890410955,2022,548000.0,5111.940298507462
1205,KANSAS,CHAUTAUQUA,20019,14.834180365296803,40.87916666666667,-19.395,48.0,185.41666666666666,620.3994166666666,0.9230856164383561,7.583333333333334,61.0,5.5,146140.2268128,14.583333333333334,60.34018264840183,3.9951376712328766,2022,78800.0,2689.419795221843
1206,KANSAS,CHEROKEE,20021,14.337993150684932,39.3925,-20.3625,29.583333333333332,187.83333333333334,678.6886666666667,0.7454554794520548,1.5833333333333335,69.83333333333333,4.833333333333333,142016.6802528,15.666666666666666,66.61963470319635,3.5304093607305935,2022,1901000.0,50291.0052910053
1207,KANSAS,CHEYENNE,20023,11.310261252446184,41.36607142857143,-25.625714285714285,53.285714285714285,239.75,287.80442857142856,1.058559001956947,31.964285714285715,38.535714285714285,1.7142857142857142,155188.95456137144,13.642857142857142,50.981614481409004,4.57908385518591,2022,6619000.0,60724.77064220184
1208,KANSAS,CLAY,20027,12.455770547945205,38.199375,-22.36375,24.5625,204.625,511.294,0.7590260273972603,1.3125,57.125,3.625,144680.7961728,16.0,62.59801369863014,4.222150684931507,2022,7752000.0,50899.54038082731
1209,KANSAS,CLOUD,20029,12.560012176560122,38.638888888888886,-23.06722222222222,30.055555555555554,203.94444444444446,494.01666666666665,0.8264677321156773,5.666666666666667,52.27777777777778,4.722222222222222,146893.1039328,16.055555555555557,60.03150684931507,4.431186301369863,2022,6317000.0,54598.0985306828
1210,KANSAS,COFFEY,20031,13.186027397260274,37.380833333333335,-21.026666666666667,21.25,195.75,715.8450833333334,0.7361294520547945,0.16666666666666666,64.75,6.333333333333333,142475.1949728,15.083333333333334,64.30956621004566,4.168838127853881,2022,2283000.0,27506.024096385543
1211,KANSAS,COWLEY,20035,14.385242009132421,40.590833333333336,-20.279166666666665,38.791666666666664,187.29166666666666,693.8187916666667,0.9035364155251142,8.625,56.916666666666664,7.583333333333333,149315.2313328,15.666666666666666,60.37675799086758,4.342502397260274,2022,1298000.0,23303.411131059245
1212,KANSAS,DICKINSON,20041,12.949208767123286,38.346399999999996,-21.9776,30.88,199.56,644.17504,0.810752,5.52,57.48,6.84,146079.7829856,16.16,62.005709589041096,4.333449534246576,2022,1815000.0,15796.344647519581
1213,KANSAS,DONIPHAN,20043,11.801445205479453,36.66166666666667,-22.435833333333335,8.666666666666666,211.41666666666666,632.4923333333334,0.6207977168949772,0.0,58.5,4.916666666666667,134565.6572928,18.083333333333332,66.53358447488586,3.827012100456621,2022,16915000.0,86610.34306195597
1214,KANSAS,DOUGLAS,20045,12.75972602739726,37.08,-20.92375,12.5,203.0,742.893,0.645275,0.0,66.875,8.0,137441.3552928,16.625,67.21184931506849,3.6568157534246577,2022,2578000.0,23204.320432043205
1215,KANSAS,EDWARDS,20047,13.448027397260272,41.182,-21.834,55.666666666666664,205.66666666666666,308.47180000000003,1.0427998173515982,24.066666666666666,43.46666666666667,2.6,157714.7215968,15.533333333333333,55.15004566210045,4.999457351598173,2022,9745000.0,66202.44565217392
1216,KANSAS,ELK,20049,14.371639269406394,40.32333333333333,-20.004166666666666,39.0,187.33333333333334,645.6884166666666,0.885218493150685,6.0,62.583333333333336,5.583333333333333,146197.9736928,15.166666666666666,60.841369863013696,4.219659360730594,2022,369000.0,4511.002444987776
1217,KANSAS,ELLIS,20051,12.515058219178083,40.405,-23.157083333333333,52.5,214.875,331.9737083333333,0.973048401826484,19.083333333333332,40.416666666666664,2.5416666666666665,153791.39033280002,12.25,55.08772831050228,4.797133105022831,2022,224000.0,3051.771117166212
1218,KANSAS,FINNEY,20055,12.677389115142539,41.04756756756757,-22.435405405405405,57.972972972972975,218.72972972972974,220.04786486486486,1.0656874490929285,26.18918918918919,32.72972972972973,1.0,160238.42951117837,13.45945945945946,52.72650129581637,4.795382376897446,2022,13609000.0,92201.8970189702
1219,KANSAS,FORD,20057,13.476639921722114,41.74714285714286,-22.17178571428571,59.07142857142857,207.07142857142858,246.78532142857142,1.102704011741683,30.928571428571427,41.107142857142854,0.6428571428571428,159936.5206985143,14.392857142857142,52.76332681017612,5.178067514677104,2022,6282000.0,34900.0
1220,KANSAS,GEARY,20061,12.872739726027397,38.48111111111111,-22.275555555555556,30.22222222222222,203.88888888888889,632.7418888888889,0.8100858447488585,2.5555555555555554,60.0,6.222222222222222,144002.2568928,16.77777777777778,61.52228310502284,4.237783866057839,2022,1804000.0,12002.661343978709
1221,KANSAS,GOVE,20063,12.250401174168296,42.24928571428571,-23.4425,56.57142857142857,224.0,223.3220357142857,1.0602358121330724,26.535714285714285,31.142857142857142,1.5357142857142858,158562.86406994288,13.071428571428571,51.90039138943249,4.678111252446184,2022,2957000.0,50895.00860585198
1222,KANSAS,GRAHAM,20065,12.222236301369863,41.95375,-23.86125,52.833333333333336,218.625,267.92470833333334,0.9914003424657535,23.833333333333332,36.458333333333336,1.8333333333333333,155738.1536928,12.208333333333334,53.886986301369866,4.767182762557078,2022,2440000.0,46299.81024667931
1223,KANSAS,GRANT,20067,13.018397260273973,41.88166666666667,-21.644166666666667,65.16666666666667,219.91666666666666,209.77325,1.1505326484018263,32.25,28.916666666666668,1.3333333333333333,163169.2664928,12.833333333333334,50.67022831050229,4.594993150684931,2022,8029000.0,35199.47391494959
1224,KANSAS,GRAY,20069,13.033828767123287,41.005,-22.244999999999997,55.95,213.95,197.3534,1.0816694520547945,26.9,35.75,0.6,161077.08962880002,14.0,52.50305479452055,5.027460273972602,2022,12543000.0,63702.38699847638
1225,KANSAS,GREELEY,20071,11.656426369863013,41.071875,-23.910625,44.9375,229.875,295.83693750000003,1.036208904109589,22.875,36.875,2.0,160609.8959928,12.9375,50.5483904109589,4.672233219178082,2022,1812000.0,35599.21414538311
1226,KANSAS,GREENWOOD,20073,13.719446727549466,38.77611111111111,-20.757777777777775,32.47222222222222,192.36111111111111,667.2405555555556,0.8120340182648402,2.5277777777777777,61.30555555555556,6.333333333333333,145094.31881280002,15.194444444444445,62.810372907153734,4.2866769406392695,2022,434000.0,6955.128205128205
1227,KANSAS,HAMILTON,20075,12.177653698630138,40.931599999999996,-22.633200000000002,53.72,225.52,209.16448,1.081010410958904,28.48,32.32,0.92,162107.65206720002,12.4,50.73408219178082,4.439992547945205,2022,1347000.0,17793.923381770146
1228,KANSAS,HARVEY,20079,13.568742465753425,40.108,-21.309,41.8,194.6,562.915,0.9079279452054795,12.3,54.0,4.4,149148.50950080002,14.9,59.68654794520548,4.5145142465753425,2022,7205000.0,66100.91743119266
1229,KANSAS,HASKELL,20081,12.989246575342465,40.8275,-21.979166666666668,56.916666666666664,216.0,189.26891666666666,1.0995495433789955,27.25,32.416666666666664,0.5,162243.6128928,13.083333333333334,52.17230593607306,4.888675342465754,2022,10704000.0,67490.5422446406
1230,KANSAS,JEFFERSON,20087,12.380593607305936,37.03916666666667,-21.69666666666667,12.583333333333334,204.58333333333334,708.4618333333333,0.6177237442922374,0.08333333333333333,63.75,6.25,136313.55377280002,16.583333333333332,67.68308219178083,3.704199086757991,2022,5966000.0,45403.34855403348
1231,KANSAS,JOHNSON,20091,13.177251141552512,37.03,-21.35083333333333,18.916666666666668,195.33333333333334,777.7961666666666,0.7125363013698631,0.25,68.0,8.25,134399.8218528,18.25,65.04858447488584,3.5417431506849315,2022,867000.0,8687.374749498998
1232,KANSAS,KINGMAN,20095,14.275742987606002,42.37380952380953,-20.70285714285714,60.857142857142854,193.57142857142858,412.47390476190475,1.0532344422700588,22.095238095238095,47.666666666666664,1.9523809523809523,154627.77483565715,14.380952380952381,55.939843444227,4.808791650358773,2022,758000.0,5839.75346687211
1233,KANSAS,KIOWA,20097,13.764047488584474,41.720666666666666,-21.334666666666667,53.93333333333333,200.66666666666666,333.035,1.0558527853881279,21.6,44.666666666666664,1.8,158311.3055328,14.466666666666667,54.459799086758,5.053317260273973,2022,3905000.0,26402.974983096687
1234,KANSAS,LABETTE,20099,14.788303652968036,41.05833333333333,-19.934166666666666,44.583333333333336,181.58333333333334,683.3878333333333,0.8795445205479452,8.166666666666666,69.33333333333333,6.0,142315.0727328,14.916666666666666,62.77417808219178,3.8188799086757994,2022,693000.0,25018.050541516248
1235,KANSAS,LANE,20101,12.565674657534245,41.08375,-22.99875,58.0,217.6875,211.403125,1.0669385273972603,26.25,31.625,1.0,159116.70851280002,13.4375,51.94243150684931,4.933897945205479,2022,568000.0,8068.181818181817
1236,KANSAS,LEAVENWORTH,20103,12.753687214611872,37.4,-21.393333333333334,17.25,203.33333333333334,678.2196666666666,0.6744011415525114,0.0,66.41666666666667,5.916666666666666,134544.5807328,17.083333333333332,65.88710045662101,3.537440410958904,2022,2584000.0,20000.0
1237,KANSAS,LINN,20107,13.682600456621005,38.12166666666666,-20.748333333333335,29.0,195.08333333333334,735.7930833333334,0.7649200913242009,1.75,69.33333333333333,7.166666666666667,137969.8057728,16.416666666666668,64.45506849315068,3.600370776255708,2022,1241000.0,14396.75174013921
1238,KANSAS,LYON,20111,13.194084474885846,38.15708333333333,-21.3175,26.458333333333332,197.625,769.7042083333333,0.78852899543379,2.4583333333333335,65.25,8.708333333333334,142647.4690128,15.041666666666666,62.301792237442925,4.2764700913242,2022,1306000.0,20000.0
1239,KANSAS,MARION,20115,13.345801643835616,39.0864,-21.6804,36.6,195.56,593.10228,0.8850254246575343,10.36,55.4,4.68,147399.7717728,15.36,60.04623561643836,4.62223002739726,2022,4481000.0,61806.89655172414
1240,KANSAS,MARSHALL,20117,11.859391552511415,37.780833333333334,-23.804166666666664,12.5,209.04166666666666,634.918375,0.6973421232876712,0.125,57.208333333333336,6.541666666666666,141066.86309280002,17.291666666666668,63.415376712328765,4.160392579908676,2022,21501000.0,139798.43953185953
1241,KANSAS,MEADE,20119,13.762343607305937,42.077083333333334,-21.083333333333332,63.416666666666664,206.04166666666666,260.69125,1.1411126712328767,31.041666666666668,39.541666666666664,1.3333333333333333,162349.1436528,12.916666666666666,51.269303652968034,4.737953652968037,2022,13684000.0,68798.39115133233
1242,KANSAS,MIAMI,20121,13.237264840182648,37.385,-21.673333333333332,22.666666666666668,197.08333333333334,753.0211666666667,0.7192141552511416,0.8333333333333334,70.91666666666667,6.416666666666666,136170.95705280002,18.083333333333332,65.06664383561645,3.5413431506849316,2022,1379000.0,14796.137339055793
1243,KANSAS,MITCHELL,20123,12.532601217656012,40.01777777777777,-23.240555555555556,43.94444444444444,207.88888888888889,517.638,0.8694850837138509,10.166666666666666,51.666666666666664,5.388888888888888,148614.5778528,16.555555555555557,59.21082191780822,4.339169863013699,2022,2366000.0,27900.943396226416
1244,KANSAS,MORRIS,20127,13.059251141552512,38.32888888888889,-22.252222222222223,30.444444444444443,198.88888888888889,659.1055,0.8420952815829528,3.555555555555556,60.888888888888886,5.388888888888889,144875.0639328,16.166666666666668,60.382009132420094,4.581753424657534,2022,1638000.0,16396.396396396394
1245,KANSAS,MORTON,20129,13.264182648401825,41.192,-20.404666666666667,60.733333333333334,215.53333333333333,231.60513333333333,1.1843603652968038,32.2,26.333333333333332,2.1333333333333333,165361.0403808,12.0,48.428602739726024,4.69933497716895,2022,3681000.0,23401.144310235217
1246,KANSAS,NEOSHO,20133,14.20514611872146,40.395,-19.858333333333334,34.083333333333336,185.58333333333334,796.7058333333333,0.7926470319634703,2.1666666666666665,71.33333333333333,8.083333333333334,142244.9094528,15.333333333333334,64.50296803652968,3.847463470319635,2022,1468000.0,28897.637795275594
1247,KANSAS,NESS,20135,12.748954011741683,41.087857142857146,-22.480357142857144,57.214285714285715,217.07142857142858,252.1829285714286,1.0299997064579256,22.678571428571427,34.42857142857143,0.9285714285714286,157586.92114422857,13.321428571428571,53.62925636007828,4.841350587084149,2022,424000.0,7695.099818511797
1248,KANSAS,NORTON,20137,11.83606301369863,42.0855,-24.468,49.1,220.5,294.2595,0.9443265753424657,22.0,40.55,1.95,154870.1218368,12.3,55.056232876712336,4.696309452054794,2022,3607000.0,71709.74155069584
1249,KANSAS,OSAGE,20139,13.051455479452056,37.5875,-21.140625,21.625,200.625,687.51575,0.7396124999999999,0.4375,65.8125,6.0625,140220.7876728,14.5625,63.801078767123286,4.125318493150685,2022,2141000.0,26205.63035495716
1250,KANSAS,OSBORNE,20141,12.145119863013699,40.16291666666667,-23.77125,41.125,214.875,455.43833333333333,0.8607485159817351,10.208333333333334,52.166666666666664,3.958333333333333,151260.31349280002,14.5,58.62586757990867,4.4531972602739724,2022,2378000.0,31496.688741721853
1251,KANSAS,PAWNEE,20145,13.201804305283757,41.88761904761905,-22.076190476190476,54.42857142857143,208.23809523809524,341.55290476190476,1.0196504892367906,21.904761904761905,44.238095238095234,2.761904761904762,156875.0495328,15.142857142857142,55.648454011741684,4.881367253750815,2022,6363000.0,50904.0
1252,KANSAS,PHILLIPS,20147,11.74603310502283,41.30125,-24.8025,43.041666666666664,220.54166666666666,405.4230416666667,0.8815208904109589,13.291666666666666,46.125,3.75,152822.2764528,13.208333333333334,56.92255707762557,4.407576141552512,2022,4179000.0,69303.48258706467
1253,KANSAS,PRATT,20151,13.967691324200914,42.346000000000004,-20.958000000000002,56.666666666666664,198.26666666666668,358.38966666666664,1.0528003652968037,21.4,46.06666666666666,1.5333333333333332,157445.08102080002,14.466666666666667,55.398575342465755,4.934431415525114,2022,8462000.0,48299.08675799087
1254,KANSAS,RAWLINS,20153,11.666594911937377,42.12392857142857,-25.304642857142856,55.42857142857143,229.60714285714286,234.31135714285713,1.048887084148728,31.678571428571427,35.5,0.5357142857142857,156959.6475785143,12.785714285714286,51.45393346379648,4.759350293542075,2022,1705000.0,50000.0
1255,KANSAS,RENO,20155,13.803383561643834,41.6578125,-21.1653125,54.25,197.75,421.3285625,0.9998698630136986,18.84375,45.21875,2.34375,153577.0105128,15.1875,57.007919520547944,4.756154280821917,2022,6084000.0,41900.826446281
1256,KANSAS,REPUBLIC,20157,12.033436834094369,39.47833333333333,-23.938888888888886,22.444444444444443,208.27777777777777,478.13955555555555,0.7978549467275494,4.111111111111111,50.94444444444444,3.611111111111111,146361.34649280002,16.27777777777778,60.012100456621006,4.34617503805175,2022,19265000.0,121699.3051168667
1257,KANSAS,RICE,20159,13.290732420091325,41.620000000000005,-21.69066666666667,50.266666666666666,205.06666666666666,447.54926666666665,0.955235799086758,17.533333333333335,49.2,3.533333333333333,153544.8738528,15.533333333333333,58.293150684931504,4.795711780821918,2022,3862000.0,32896.08177172061
1258,KANSAS,RILEY,20161,12.475750933997508,38.29,-22.592727272727274,23.0,206.63636363636363,590.2425,0.7544012453300124,1.409090909090909,59.31818181818182,4.818181818181818,142440.59556916365,16.272727272727273,62.762453300124534,4.01975803237858,2022,3601000.0,24200.268817204298
1259,KANSAS,ROOKS,20163,12.277883561643835,40.887499999999996,-23.766666666666666,48.416666666666664,216.16666666666666,383.86816666666664,0.9337167808219178,17.208333333333332,44.166666666666664,4.041666666666667,153499.57397280002,12.666666666666666,55.711723744292236,4.6057652968036535,2022,1225000.0,29097.387173396673
1260,KANSAS,SALINE,20169,13.192356164383561,39.67666666666666,-21.686,40.93333333333333,200.4,542.6051333333334,0.8726664840182647,10.4,53.333333333333336,5.666666666666667,149001.2712288,15.266666666666666,60.34140639269407,4.457219543378995,2022,896000.0,8640.308582449374
1261,KANSAS,SCOTT,20171,12.277607876712327,40.475625,-23.03125,55.75,220.5,227.620375,1.0727690068493152,27.3125,33.0,1.0625,160251.14051280002,13.3125,51.62440068493151,4.762944178082192,2022,1933000.0,45589.622641509435
1262,KANSAS,SEDGWICK,20173,14.113191273465246,40.95074074074074,-20.58185185185185,47.55555555555556,191.11111111111111,535.9313333333333,0.9528337899543379,15.481481481481481,53.59259259259259,4.703703703703703,150097.15513280002,15.518518518518519,59.067153729071535,4.391093860984272,2022,6764000.0,49300.29154518951
1263,KANSAS,SEWARD,20175,13.580445205479453,41.652499999999996,-20.9775,66.66666666666667,209.58333333333334,235.83291666666668,1.1680593607305938,33.916666666666664,34.416666666666664,1.6666666666666667,163305.3572928,12.25,50.54139269406393,4.768310273972602,2022,11927000.0,56499.28943628612
1264,KANSAS,SHAWNEE,20177,12.973019178082192,38.443999999999996,-21.25,21.933333333333334,202.73333333333332,702.2455333333334,0.7352575342465753,1.4,64.8,6.333333333333333,138887.5999968,15.866666666666667,64.17808219178082,3.9048679452054795,2022,3864000.0,32497.89739276703
1265,KANSAS,SHERMAN,20181,11.191388454011742,40.965357142857144,-25.4025,46.92857142857143,237.42857142857142,247.12264285714286,1.0230058708414873,26.25,35.285714285714285,0.7857142857142857,157660.6249728,13.178571428571429,51.3911252446184,4.825144324853229,2022,12628000.0,125902.29312063809
1266,KANSAS,SMITH,20183,11.760514840182648,40.415,-24.249583333333334,41.833333333333336,217.0,432.18041666666664,0.884758105022831,12.208333333333334,47.041666666666664,3.875,151000.64585280002,14.875,57.07115296803653,4.397499200913242,2022,9095000.0,92995.9100204499
1267,KANSAS,STEVENS,20189,13.307556164383561,40.98133333333333,-21.063333333333333,58.8,212.4,256.6264,1.1439156164383562,26.866666666666667,29.4,2.6666666666666665,164721.4960608,12.0,50.21943378995434,4.709532602739726,2022,17729000.0,106098.144823459
1268,KANSAS,SUMNER,20191,14.772658512720158,42.0875,-19.832142857142856,59.32142857142857,185.03571428571428,563.4687142857143,1.0216996086105674,22.928571428571427,52.25,6.357142857142857,151659.14458422858,15.107142857142858,58.16196673189824,4.405707045009785,2022,1827000.0,36909.09090909091
1269,KANSAS,WABAUNSEE,20197,12.870647440519106,38.22210526315789,-22.138947368421054,23.63157894736842,203.73684210526315,726.963947368421,0.7745253064167268,1.2105263157894735,62.26315789473684,7.526315789473684,142352.34970964212,16.842105263157894,62.23385724585436,4.318661571737564,2022,2552000.0,21302.170283806343
1270,KANSAS,WALLACE,20199,11.507636986301371,40.950833333333335,-24.603333333333335,45.208333333333336,231.625,280.4658333333333,1.0318650684931505,21.958333333333332,37.291666666666664,1.375,158638.74317280002,13.083333333333334,50.730388127853885,4.619441780821918,2022,6005000.0,78496.73202614379
1271,KANSAS,WASHINGTON,20201,11.820777397260274,37.61708333333333,-23.603333333333335,13.041666666666666,210.0,600.8261666666666,0.6941119863013698,0.7083333333333333,53.708333333333336,6.666666666666667,144489.22217280001,16.375,63.91494292237443,4.234975342465754,2022,16011000.0,107096.98996655518
1272,KANSAS,WICHITA,20203,11.970773972602741,41.261874999999996,-23.573125,50.6875,224.8125,275.864375,1.0489249999999999,23.125,35.6875,1.4375,160565.84873280002,13.0,51.6016095890411,4.689424828767123,2022,5288000.0,74900.84985835695
1273,KANSAS,WILSON,20205,14.232335616438355,39.9475,-19.844166666666666,35.666666666666664,187.5,723.4126666666666,0.812337899543379,2.5833333333333335,68.5,7.666666666666667,144022.0300128,15.0,64.04294520547946,3.928764383561644,2022,2533000.0,41592.7750410509
1274,KANSAS,WOODSON,20207,13.597664383561645,38.08125,-20.767500000000002,27.25,193.375,652.093875,0.7437866438356164,1.0,65.0,4.625,143883.0023328,15.125,65.64845890410959,4.059593493150685,2022,1262000.0,19905.36277602524
1275,NORTH DAKOTA,ADAMS,38001,5.983826484018265,37.46787878787879,-31.639393939393937,10.272727272727273,271.3939393939394,367.37624242424243,0.5716697384806974,0.9090909090909092,42.27272727272727,2.484848484848485,129915.22500916364,14.242424242424242,64.56392694063926,5.075680531340805,2022,1939000.0,33202.05479452055
1276,NORTH DAKOTA,BARNES,38003,4.756993721461187,35.78354166666667,-32.860625,1.6458333333333333,250.85416666666666,521.3125,0.4012022831050228,0.0,66.04166666666667,2.875,120186.37385280001,20.791666666666668,72.27675228310503,5.290537614155252,2022,14504000.0,105101.44927536232
1277,NORTH DAKOTA,BENSON,38005,3.797454545454545,34.966,-34.86563636363637,0.9272727272727272,261.1818181818182,493.66409090909093,0.3844047322540473,0.0,63.58181818181818,4.109090909090909,117253.99851316365,16.927272727272726,72.67073972602739,5.207650510585305,2022,4803000.0,37203.71804802479
1278,NORTH DAKOTA,BILLINGS,38007,5.645923428170003,37.635897435897434,-31.6774358974359,9.076923076923077,269.0,294.3066153846154,0.5629683175272217,0.41025641025641024,34.30769230769231,1.717948717948718,125951.57856664616,14.35897435897436,64.9619459079733,5.034275096592905,2022,331000.0,5525.876460767947
1279,NORTH DAKOTA,BOTTINEAU,38009,3.280547488584475,35.571333333333335,-38.1155,1.6666666666666665,271.7,540.8283833333334,0.3811491780821918,0.0,69.11666666666666,4.35,115111.28436480001,16.4,72.00639269406392,4.7916936529680365,2022,1884000.0,17096.188747731398
1280,NORTH DAKOTA,BOWMAN,38011,6.392019025875189,38.282222222222224,-31.87083333333333,14.305555555555555,265.8611111111111,253.86969444444443,0.6317585235920853,4.138888888888889,34.166666666666664,2.0555555555555554,130872.7734528,13.555555555555555,62.559642313546426,5.141837519025875,2022,1477000.0,24094.61663947798
1281,NORTH DAKOTA,BURLEIGH,38015,4.688897882938979,36.13530303030303,-32.488484848484845,3.287878787878788,261.45454545454544,446.96036363636364,0.4645487754254878,0.07575757575757576,60.60606060606061,3.8484848484848486,123120.90874734546,16.060606060606062,68.75395184723952,4.920045911166459,2022,6003000.0,66997.76785714286
1282,NORTH DAKOTA,CASS,38017,4.900412785388128,37.05050000000001,-34.0975,2.05,248.55,503.66858333333334,0.4208818721461187,0.26666666666666666,71.31666666666666,1.7166666666666668,118178.9659008,20.366666666666667,71.31326484018265,4.917316347031963,2022,45587000.0,260944.47624499144
1283,NORTH DAKOTA,DICKEY,38021,5.11076795350768,35.550303030303034,-32.377272727272725,1.4545454545454546,248.75757575757575,555.6118787878788,0.4051826484018265,0.09090909090909091,65.03030303030303,3.878787878787879,123473.60284189091,18.09090909090909,72.3891905354919,5.0603006226650065,2022,16319000.0,106799.73821989528
1284,NORTH DAKOTA,DIVIDE,38023,3.7290698981383916,34.59564102564103,-34.91897435897436,1.6666666666666665,281.3076923076923,370.5114102564103,0.436781875658588,0.0,40.0,3.9743589743589745,116033.31936664616,14.461538461538462,69.62255005268705,4.972698138391289,2022,85000.0,1180.5555555555557
1285,NORTH DAKOTA,DUNN,38025,5.271125244618395,37.50119047619047,-30.879047619047622,6.738095238095238,268.39285714285717,436.58158333333336,0.5225980104370516,0.17857142857142858,48.726190476190474,4.511904761904762,122584.95048137143,15.821428571428571,66.60353555120679,4.961419569471624,2022,2127000.0,27695.3125
1286,NORTH DAKOTA,EDDY,38027,4.075811643835616,35.68,-35.194375,1.8125,258.5,548.5465625,0.4074546232876712,0.0,61.5,5.4375,119054.6328528,17.3125,71.73207191780821,5.165164726027397,2022,3560000.0,28298.887122416534
1287,NORTH DAKOTA,EMMONS,38029,5.344586594911938,35.73125,-31.156785714285714,4.517857142857143,258.7857142857143,432.571875,0.5017549412915852,0.375,56.892857142857146,2.839285714285714,126428.1458585143,16.142857142857142,67.7668639921722,4.9127268101761254,2022,12596000.0,130799.58463136034
1288,NORTH DAKOTA,FOSTER,38031,4.466565068493151,35.44625,-33.9075,1.5625,254.0,543.60775,0.4203866438356164,0.0,63.875,4.4375,120044.91077280001,16.6875,71.34756849315069,5.280191952054794,2022,7398000.0,56003.02800908403
1289,NORTH DAKOTA,GRAND FORKS,38035,4.299098039215687,36.84294117647059,-35.03431372549019,2.2549019607843137,255.0392156862745,531.4264901960785,0.40563427343540154,0.0196078431372549,72.0,2.764705882352941,114818.42054456471,19.235294117647058,71.53717432178351,5.040256406124094,2022,13133000.0,86401.31578947368
1290,NORTH DAKOTA,GRANT,38037,5.591151859099804,37.36842857142857,-31.290285714285716,6.728571428571429,267.42857142857144,427.08484285714286,0.5445289236790606,0.0,52.385714285714286,3.3,127181.88677622858,16.585714285714285,65.39899412915851,4.954884031311154,2022,3705000.0,50000.00000000001
1291,NORTH DAKOTA,GRIGGS,38039,4.480068493150685,37.57,-34.6305,3.1,252.25,518.5885,0.4453530136986302,0.0,68.1,3.15,118953.0538848,17.45,70.61352054794521,5.321169452054795,2022,4170000.0,28798.34254143646
1292,NORTH DAKOTA,HETTINGER,38041,5.492378767123287,37.60975,-31.82375,7.0,276.15,439.90642499999996,0.5246961643835617,0.39999999999999997,44.45,3.475,128044.8034128,15.175,66.0448904109589,5.049952534246575,2022,1954000.0,27598.870056497177
1293,NORTH DAKOTA,KIDDER,38043,4.2757729941291585,35.19979591836734,-33.32367346938776,1.5714285714285712,261.14285714285717,476.04102040816326,0.43520553536483086,0.02040816326530612,62.51020408163265,3.63265306122449,123415.64347239184,15.387755102040817,70.20955549343024,4.987078277886497,2022,3802000.0,32804.141501294216
1294,NORTH DAKOTA,LAMOURE,38045,5.022102117061021,35.06575757575758,-32.632121212121206,0.696969696969697,251.45454545454547,487.34739393939395,0.40452370278123706,0.0,62.60606060606061,2.696969696969697,122418.05639825456,19.484848484848484,72.11955168119552,5.221999584889996,2022,16296000.0,113560.9756097561
1295,NORTH DAKOTA,LOGAN,38047,4.702463926940639,34.519,-32.03933333333334,0.5333333333333333,262.9,456.05153333333334,0.4255724200913242,0.0,62.266666666666666,3.4,124392.52601280001,17.8,70.8583287671233,5.197617351598173,2022,4544000.0,40900.0900090009
1296,NORTH DAKOTA,MCHENRY,38049,4.175168569254186,35.88930555555556,-36.17930555555555,2.5,264.5,485.24266666666665,0.43553854642313544,0.013888888888888888,63.708333333333336,3.013888888888889,116922.39929280001,16.458333333333332,69.74505707762557,4.908897108066971,2022,5705000.0,51396.3963963964
1297,NORTH DAKOTA,MCINTOSH,38051,4.622554033485541,34.19555555555556,-31.63666666666667,0.3333333333333333,262.8888888888889,503.29251851851853,0.4131924911212582,0.0,60.03703703703704,4.2592592592592595,127503.12505280001,16.85185185185185,71.30205986808727,5.122157787924911,2022,5839000.0,57301.27576054956
1298,NORTH DAKOTA,MCKENZIE,38053,5.309489159745443,37.56291338582677,-32.5559842519685,9.275590551181102,266.2204724409449,332.9527716535433,0.5406401035487003,1.173228346456693,37.39370078740158,2.9291338582677167,121709.1724808315,15.26771653543307,66.57644482795816,4.809251386042498,2022,390000.0,3260.8695652173915
1299,NORTH DAKOTA,MCLEAN,38055,4.636257478333799,34.99081632653061,-32.9184693877551,2.204081632653061,266.3469387755102,446.3401530612245,0.4492418786692759,0.0,58.08163265306123,3.7346938775510203,118583.98840300408,16.693877551020407,69.50599105395582,5.032935728263908,2022,8747000.0,86603.9603960396
1300,NORTH DAKOTA,MERCER,38057,5.0481929223744295,36.28875,-31.765,4.6875,268.625,463.27616666666665,0.4810493721461187,0.0,56.0,4.520833333333333,120733.83035280001,17.208333333333332,68.20173515981736,4.898350399543379,2022,2752000.0,32000.0
1301,NORTH DAKOTA,MORTON,38059,5.291489684766463,36.840963855421684,-30.626385542168677,5.759036144578313,265.144578313253,468.42051807228916,0.5147351048027727,0.0963855421686747,60.602409638554214,4.325301204819278,124033.98249472772,17.072289156626507,66.46679650107278,4.8853919458656545,2022,4387000.0,50599.7693194925
1302,NORTH DAKOTA,MOUNTRAIL,38061,4.132346017250127,34.528765432098766,-34.55506172839506,2.111111111111111,271.641975308642,467.35529629629633,0.43055085405039745,0.024691358024691357,50.53086419753086,4.7407407407407405,117272.80419946667,15.864197530864198,70.66858785726366,5.077615153052596,2022,444000.0,5217.391304347826
1303,NORTH DAKOTA,NELSON,38063,3.796970185334408,35.26558823529412,-35.12,1.1176470588235294,258.4117647058824,578.3246176470589,0.3886040290088638,0.0,70.52941176470588,4.0,117163.01380574118,18.352941176470587,72.60534246575342,5.2830705076551165,2022,2087000.0,15703.536493604213
1304,NORTH DAKOTA,PEMBINA,38067,3.848400782778865,37.899142857142856,-34.004285714285714,2.257142857142857,261.65714285714284,587.4614,0.35732931506849314,0.19999999999999998,65.62857142857143,4.457142857142857,109848.96862765714,18.8,73.7653072407045,4.751325557729942,2022,2203000.0,15099.383139136395
1305,NORTH DAKOTA,PIERCE,38069,3.6192362178416304,35.66804878048781,-35.91390243902439,1.3902439024390243,268.1951219512195,439.94451219512194,0.40248947544269964,0.0,65.70731707317073,3.024390243902439,116752.29567523903,15.878048780487806,71.55473438022052,5.039652322084865,2022,2239000.0,19202.401372212695
1306,NORTH DAKOTA,RAMSEY,38071,3.7262165934349962,34.88981132075472,-36.88132075471698,0.5094339622641509,260.8867924528302,535.5675660377358,0.35934494701473246,0.0,60.283018867924525,4.113207547169811,115866.56216676228,19.150943396226417,74.16272421814422,5.175048746446111,2022,3203000.0,24600.61443932412
1307,NORTH DAKOTA,RANSOM,38073,5.298026255707763,36.32208333333333,-33.24333333333333,2.5416666666666665,246.125,475.8162916666667,0.3993494292237443,0.16666666666666666,64.75,1.625,119241.03977280001,20.75,73.05022831050228,5.087138584474886,2022,12305000.0,71499.12841371296
1308,NORTH DAKOTA,RICHLAND,38077,5.605401826484018,37.56574074074074,-33.423148148148144,3.962962962962963,241.59259259259258,448.90592592592594,0.45481187214611873,0.7222222222222222,62.2962962962963,1.9629629629629628,118465.31849280001,18.0,70.92223744292237,4.898482191780822,2022,34601000.0,226002.61267145656
1309,NORTH DAKOTA,SARGENT,38081,5.675205479452056,36.14666666666667,-32.60875,3.4166666666666665,241.08333333333334,490.20279166666666,0.41354988584474883,0.20833333333333331,63.583333333333336,2.208333333333333,118803.16061280001,19.958333333333332,73.10543378995433,5.064146461187215,2022,15626000.0,97297.63387297634
1310,NORTH DAKOTA,SHERIDAN,38083,4.178037573385518,35.38428571428572,-33.41885714285714,1.1714285714285713,263.6857142857143,483.2086857142857,0.4340164383561644,0.0,63.457142857142856,4.085714285714285,118911.14519451429,16.114285714285714,69.59926418786692,5.220468023483366,2022,2567000.0,22797.51332149201
1311,NORTH DAKOTA,SLOPE,38087,6.027335440814893,37.95384615384616,-32.04820512820513,11.76923076923077,268.0,269.1491794871795,0.5928074464348437,1.9743589743589745,32.07692307692308,2.41025641025641,129308.31781587693,13.333333333333334,63.9275588338602,5.132367404285213,2022,707000.0,12807.971014492752
1312,NORTH DAKOTA,STARK,38089,5.450646294344924,37.76051282051282,-31.383333333333333,7.128205128205128,271.6666666666667,425.9385128205128,0.5366308394801546,0.15384615384615385,44.794871794871796,3.8461538461538463,125509.72630818462,15.307692307692308,65.48861257463997,5.112411520899192,2022,2927000.0,39500.67476383266
1313,NORTH DAKOTA,STEELE,38091,4.614676712328767,35.8395,-32.6105,1.75,250.85,532.30145,0.4347721917808219,0.0,68.95,3.25,118336.22095680001,19.85,70.7727808219178,5.297765068493151,2022,12036000.0,77802.19780219781
1314,NORTH DAKOTA,STUTSMAN,38093,4.632178408349641,35.078809523809525,-32.28738095238095,1.0119047619047619,255.75,533.9192857142857,0.4199055446836269,0.0,61.833333333333336,4.2023809523809526,122313.05554422858,17.642857142857142,71.19226027397261,5.264357077625571,2022,21237000.0,159197.90104947524
1315,NORTH DAKOTA,TRAILL,38097,4.5390420743639925,38.46107142857143,-35.651428571428575,2.0357142857142856,251.21428571428572,476.13007142857145,0.42203532289628176,0.07142857142857142,73.14285714285714,2.107142857142857,117053.28778422858,17.964285714285715,71.02052837573386,4.895178375733855,2022,14188000.0,82201.62224797219
1316,NORTH DAKOTA,WALSH,38099,3.9042204827136335,36.451904761904764,-34.30571428571428,1.7619047619047619,260.0,579.7379047619047,0.35686405740378346,0.0,67.5952380952381,4.476190476190476,113724.0025385143,18.452380952380953,73.86842139595565,5.005489171559034,2022,5440000.0,35301.75210902012
1317,NORTH DAKOTA,WARD,38101,4.069095595816762,34.825376344086024,-33.008709677419354,1.7526881720430108,266.6774193548387,530.0179247311828,0.4290953896008249,0.0,58.41935483870968,4.849462365591398,116375.04498054195,16.64516129032258,70.05626159964649,5.168506377964354,2022,3226000.0,32003.968253968254
1318,NORTH DAKOTA,WELLS,38103,4.13576194824962,35.001555555555555,-33.666222222222224,1.0666666666666667,260.4222222222222,477.14042222222224,0.40914398782343986,0.022222222222222223,58.44444444444444,4.555555555555555,119473.28230080001,15.555555555555555,71.07749771689498,5.237509345509893,2022,13612000.0,92598.63945578231
1319,SOUTH DAKOTA,AURORA,46003,8.401169863013699,38.927499999999995,-28.372000000000003,8.65,234.55,336.95365,0.6292180821917809,0.3,41.35,3.55,134874.1456128,15.6,62.36830136986301,4.649805616438356,2022,8387000.0,77299.53917050692
1320,SOUTH DAKOTA,BEADLE,46005,7.802584474885844,38.50527777777778,-28.39611111111111,6.638888888888889,236.11111111111111,370.7093888888889,0.570653805175038,0.1388888888888889,49.27777777777778,4.0,130948.58513280001,16.72222222222222,64.8122602739726,4.715507686453577,2022,22605000.0,176601.5625
1321,SOUTH DAKOTA,BON HOMME,46009,9.455954794520547,39.8995,-27.749000000000002,16.45,224.9,396.26855,0.689348904109589,1.4000000000000001,48.5,3.05,134789.4502848,16.7,61.024821917808225,4.580511917808219,2022,6112000.0,75456.79012345678
1322,SOUTH DAKOTA,BROOKINGS,46011,6.799108936725375,35.72714285714286,-29.225238095238097,2.142857142857143,239.57142857142858,430.1483333333333,0.4711979125896934,0.0,55.14285714285714,3.380952380952381,122893.30416137143,15.333333333333334,69.57296803652969,4.8745206784083495,2022,25801000.0,147518.58204688394
1323,SOUTH DAKOTA,BROWN,46013,6.277608121330725,36.316428571428574,-29.22142857142857,3.607142857142857,242.73214285714286,499.66476785714286,0.47419858121330727,0.5714285714285714,56.92857142857143,3.6785714285714284,125850.5436528,18.375,69.62555772994129,4.739714334637965,2022,37432000.0,243064.93506493507
1324,SOUTH DAKOTA,BRULE,46015,8.79704741833509,40.42115384615385,-27.870384615384616,16.26923076923077,233.3846153846154,290.85165384615385,0.6910617492096944,2.1923076923076925,37.76923076923077,2.576923076923077,137750.7885851077,15.846153846153847,60.30208640674394,4.671839831401475,2022,6685000.0,70000.0
1325,SOUTH DAKOTA,BUFFALO,46017,8.29561252446184,41.37714285714286,-28.26571428571429,14.857142857142858,235.5,331.1680714285714,0.6651839530332682,2.357142857142857,43.714285714285715,2.5,137350.8340128,15.5,61.394481409001955,4.715077495107632,2022,1476000.0,15702.127659574468
1326,SOUTH DAKOTA,BUTTE,46019,8.162373124592301,39.78261904761904,-30.170476190476194,27.071428571428573,254.77380952380952,323.30217857142856,0.7779664709719505,17.642857142857142,45.773809523809526,1.630952380952381,136777.05356708574,14.404761904761905,56.91794194390085,4.622450097847358,2022,160700.0,1479.7421731123388
1327,SOUTH DAKOTA,CAMPBELL,46021,6.450733770101251,37.659130434782604,-30.6504347826087,9.91304347826087,252.08695652173913,386.76852173913045,0.5688378796902919,0.5652173913043478,50.47826086956522,3.0,129112.08181106088,16.217391304347824,65.12644431209053,4.875662418106015,2022,8577000.0,71296.75810473815
1328,SOUTH DAKOTA,CHARLES MIX,46023,9.443242661448142,39.677321428571425,-27.181071428571432,15.982142857142858,227.03571428571428,323.257625,0.7119904109589041,2.142857142857143,38.05357142857143,3.0535714285714284,137399.81664137144,16.178571428571427,59.43845401174168,4.579653277886497,2022,12165000.0,124897.33059548253
1329,SOUTH DAKOTA,CLARK,46025,6.798435616438357,36.32966666666667,-29.612666666666666,2.433333333333333,237.56666666666666,418.62626666666665,0.49676995433789956,0.0,53.46666666666667,3.8666666666666667,125424.2871648,17.433333333333334,67.69416438356164,5.056870136986301,2022,19251000.0,119497.20670391062
1330,SOUTH DAKOTA,CLAY,46027,9.441908675799086,39.09,-28.024444444444445,13.333333333333334,225.88888888888889,341.99333333333334,0.685516894977169,1.0,54.55555555555556,1.3333333333333335,132035.8904928,17.444444444444443,61.25564687975647,4.69019299847793,2022,11357000.0,102500.0
1331,SOUTH DAKOTA,CODINGTON,46029,6.207403348554033,35.83166666666667,-29.445555555555554,2.111111111111111,240.5,412.71694444444444,0.4767601217656012,0.16666666666666666,53.833333333333336,3.388888888888889,122972.15369280001,17.555555555555557,68.76150684931507,5.0750948249619485,2022,15506000.0,83997.83315276273
1332,SOUTH DAKOTA,CORSON,46031,6.945620547945206,37.849000000000004,-30.028624999999998,15.0625,253.0,333.75955,0.6348107191780822,0.55,45.1125,2.6125000000000003,130972.3393248,15.95,62.0051095890411,4.94469493150685,2022,3420000.0,46594.00544959128
1333,SOUTH DAKOTA,DAVISON,46035,8.592977168949771,39.29333333333333,-27.90777777777778,8.88888888888889,231.11111111111111,335.9025555555556,0.6165607305936073,0.2222222222222222,43.55555555555556,3.2222222222222223,132283.97081280002,16.666666666666668,63.461400304414006,4.6048255707762555,2022,7611000.0,68198.9247311828
1334,SOUTH DAKOTA,DAY,46037,5.859077054794521,34.9925,-30.5815625,1.46875,241.3125,454.40228125,0.45426087328767123,0.0625,60.15625,1.96875,123640.16408280001,19.0625,70.13013698630137,5.221058818493151,2022,17367000.0,107802.60707635009
1335,SOUTH DAKOTA,DEUEL,46039,6.55516095890411,36.055,-29.22375,2.5625,235.6875,380.6313125,0.4830429794520548,0.25,59.5625,2.875,121056.8097528,15.5625,68.84080479452055,5.086194691780822,2022,12681000.0,74201.2873025161
1336,SOUTH DAKOTA,DOUGLAS,46043,8.818869240348693,38.623636363636365,-28.09909090909091,8.545454545454545,230.0,370.3855454545455,0.63960099626401,0.09090909090909091,39.81818181818182,3.3636363636363638,135360.4069728,16.636363636363637,62.03093399750934,4.606038107098381,2022,8133000.0,72101.06382978724
1337,SOUTH DAKOTA,EDMUNDS,46045,6.426327106683272,36.34757575757576,-29.09060606060606,4.848484848484849,246.87878787878788,468.5406060606061,0.4982068078040681,0.09090909090909091,59.303030303030305,3.696969696969697,128977.90832552729,16.575757575757574,67.75478621834786,4.829565213781652,2022,18888000.0,139497.78434268833
1338,SOUTH DAKOTA,FALL RIVER,46047,8.992347602739725,41.246249999999996,-29.293333333333333,31.791666666666668,256.875,263.8212916666667,0.8711975456621004,23.5625,43.916666666666664,1.2708333333333333,144960.0703128,14.75,53.43300799086758,4.08842950913242,2022,325000.0,2159.468438538206
1339,SOUTH DAKOTA,FAULK,46049,7.045791983764587,36.90888888888889,-28.98296296296296,6.592592592592593,240.40740740740742,474.52114814814814,0.5323480466768138,0.07407407407407407,54.51851851851852,4.222222222222222,130546.73049280001,17.11111111111111,65.9806697108067,4.774678538812785,2022,17231000.0,128397.91356184799
1340,SOUTH DAKOTA,GRANT,46051,6.4338303979125895,35.89904761904762,-28.737142857142857,3.333333333333333,233.66666666666666,406.94338095238095,0.4901274624918461,0.14285714285714285,56.14285714285714,3.0952380952380953,121969.81652708571,17.38095238095238,68.48953685583822,4.997740508806262,2022,16630000.0,104197.99498746867
1341,SOUTH DAKOTA,HAAKON,46055,8.640764161421695,42.22891891891892,-29.850945945945945,29.824324324324326,243.8918918918919,363.13683783783785,0.7639548315438727,8.95945945945946,41.0945945945946,2.9864864864864864,139215.6835565838,14.662162162162163,58.107286190299895,4.7369956312476855,2022,1316000.0,25503.875968992248
1342,SOUTH DAKOTA,HAMLIN,46057,6.805255707762558,35.21083333333333,-29.219166666666666,2.0,240.16666666666666,334.08566666666667,0.4982278538812786,0.0,49.333333333333336,1.6666666666666667,123864.6212928,17.666666666666668,67.89518264840183,4.980546575342466,2022,11884000.0,68298.85057471265
1343,SOUTH DAKOTA,HAND,46059,7.590675146771037,38.11261904761905,-29.116666666666667,7.333333333333333,236.95238095238096,425.6562619047619,0.5789787997390737,0.3571428571428571,52.04761904761905,3.619047619047619,133765.3952928,16.571428571428573,63.864761904761906,4.819664514024788,2022,20539000.0,169045.26748971193
1344,SOUTH DAKOTA,HANSON,46061,8.422493150684932,39.37555555555556,-28.082222222222224,7.777777777777778,230.88888888888889,332.2012222222222,0.5922529680365297,0.0,44.333333333333336,2.111111111111111,131638.64153280001,16.0,64.78365296803653,4.647567732115678,2022,8954000.0,83996.24765478424
1345,SOUTH DAKOTA,HUGHES,46065,8.428225364560317,40.73193548387097,-27.958064516129035,17.70967741935484,234.3548387096774,397.52029032258065,0.6631597878921786,2.6129032258064515,42.16129032258065,3.3870967741935485,138351.12123344516,14.903225806451612,61.63216968625718,4.900697392841361,2022,6577000.0,57896.126760563384
1346,SOUTH DAKOTA,HUTCHINSON,46067,8.839539465101108,38.99190476190476,-28.15,8.714285714285714,228.95238095238096,406.9294761904762,0.616206392694064,0.23809523809523808,50.857142857142854,3.428571428571429,132439.7113385143,16.476190476190474,63.484840182648405,4.690705544683627,2022,12456000.0,145005.8207217695
1347,SOUTH DAKOTA,HYDE,46069,7.586851924331377,40.239999999999995,-29.222380952380952,8.285714285714285,237.95238095238096,430.55114285714285,0.6017791258969342,1.0,50.61904761904762,3.4761904761904763,136359.3333270857,15.952380952380953,63.33313763861709,5.006676451402479,2022,7783000.0,58299.62546816479
1348,SOUTH DAKOTA,JERAULD,46073,7.95360502283105,39.94166666666667,-29.189166666666665,8.75,234.16666666666666,358.5804166666667,0.6188413242009132,0.25,44.833333333333336,4.583333333333333,134803.7339328,15.416666666666668,62.1370091324201,4.800498858447488,2022,4061000.0,41103.238866396765
1349,SOUTH DAKOTA,KINGSBURY,46077,7.370659817351599,36.225833333333334,-28.890833333333333,3.1666666666666665,236.0,339.91408333333334,0.5246617579908676,0.0,50.041666666666664,2.7916666666666665,126758.2692528,16.458333333333332,66.67222602739726,5.021169863013699,2022,21002000.0,142097.4289580514
1350,SOUTH DAKOTA,LAKE,46079,7.478670319634704,36.73066666666667,-29.27466666666667,2.8,235.06666666666666,407.593,0.5097727853881279,0.0,52.06666666666667,2.933333333333333,126466.2728928,15.2,67.25229223744292,5.049575890410959,2022,19699000.0,121899.75247524753
1351,SOUTH DAKOTA,LINCOLN,46083,8.562169863013699,37.6805,-28.6955,5.4,229.4,356.427,0.6034943835616439,0.45,54.65,2.2,129588.86623680001,15.9,63.84357534246575,4.75548698630137,2022,15809000.0,119403.32326283987
1352,SOUTH DAKOTA,LYMAN,46085,9.09410843141038,41.18746478873239,-28.26718309859155,24.971830985915492,232.28169014084506,337.11363380281693,0.7378331468261624,5.154929577464788,40.971830985915496,3.140845070422535,139349.1267384338,15.211267605633802,58.809261045726416,4.816838973567432,2022,3978000.0,48101.571946795644
1353,SOUTH DAKOTA,MARSHALL,46091,5.733182648401827,35.85125,-32.246249999999996,3.625,239.95833333333334,525.6512083333333,0.4588029680365297,0.4166666666666667,64.25,3.125,121383.16181280001,20.0,70.34908675799088,5.142584589041096,2022,12951000.0,78301.08827085853
1354,SOUTH DAKOTA,MCCOOK,46087,8.061764840182649,38.126666666666665,-28.999166666666667,4.75,232.0,386.12358333333333,0.5512865296803653,0.08333333333333333,49.166666666666664,3.0833333333333335,129893.6269728,14.916666666666666,65.99340182648402,4.861244063926941,2022,13257000.0,116801.76211453744
1355,SOUTH DAKOTA,MCPHERSON,46089,5.53857202158572,35.64939393939394,-31.296363636363637,3.1515151515151514,252.33333333333334,499.72748484848483,0.457218098796181,0.0,59.24242424242424,4.303030303030304,128154.40740916364,16.696969696969695,69.38462432544624,4.950131257783313,2022,8612000.0,68403.49483717236
1356,SOUTH DAKOTA,MELLETTE,46095,9.396051369863015,42.02575,-29.69325,29.1,235.625,365.14085,0.7967351369863014,9.85,44.125,2.65,141493.1472288,14.35,56.802513698630136,4.885948904109589,2022,692000.0,10500.758725341426
1357,SOUTH DAKOTA,MINER,46097,7.85758904109589,37.63733333333334,-28.419333333333334,5.266666666666667,233.06666666666666,364.4188,0.544972602739726,0.06666666666666667,44.2,3.466666666666667,129616.2688608,16.0,66.114100456621,4.867411506849315,2022,9746000.0,82803.738317757
1358,SOUTH DAKOTA,MINNEHAHA,46099,7.884778864970646,37.06047619047619,-29.07,2.8571428571428568,233.52380952380952,411.59561904761904,0.5441365949119374,0.23809523809523808,53.333333333333336,3.1904761904761902,128014.26754422858,15.19047619047619,65.99367253750816,4.755210697977821,2022,24770000.0,136699.77924944813
1359,SOUTH DAKOTA,PERKINS,46105,7.238758630136987,38.6369,-30.4362,18.74,257.9,322.77232,0.6690827671232877,3.99,42.38,1.86,133025.00529600002,13.76,60.75492876712328,4.94844704109589,2022,651000.0,12191.011235955057
1360,SOUTH DAKOTA,POTTER,46107,7.148629083245522,38.567692307692305,-28.779615384615383,7.884615384615385,241.1153846153846,423.914,0.5614567966280295,0.42307692307692313,51.65384615384615,2.9615384615384617,133844.69044356924,15.346153846153847,64.68741833508957,5.009868703898841,2022,13608000.0,100800.0
1361,SOUTH DAKOTA,ROBERTS,46109,6.356012696291346,37.82073170731707,-31.316829268292683,7.512195121951219,235.02439024390245,455.2709268292683,0.5099204143000334,0.9756097560975611,58.390243902439025,3.024390243902439,121006.41715036098,18.365853658536587,68.2278449716004,4.963590110257266,2022,19738000.0,126202.04603580562
1362,SOUTH DAKOTA,SANBORN,46111,8.177150684931506,38.57533333333333,-27.954,8.8,233.86666666666667,338.1786666666667,0.5912911415525114,0.06666666666666667,41.86666666666667,3.8,132055.3806048,16.866666666666667,64.10365296803653,4.628578264840183,2022,5340000.0,51296.829971181556
1363,SOUTH DAKOTA,SPINK,46115,7.225158675799086,37.08958333333333,-28.717916666666667,4.8125,237.54166666666666,411.511875,0.5130314497716896,0.1875,52.020833333333336,3.020833333333333,127824.1297128,18.229166666666668,67.6751598173516,4.662300228310502,2022,40495000.0,248435.58282208588
1364,SOUTH DAKOTA,SULLY,46119,7.868894977168949,40.219722222222224,-27.89361111111111,13.472222222222221,238.02777777777777,375.1097222222222,0.6145140030441401,1.9444444444444444,42.72222222222222,2.5833333333333335,136547.4668928,15.25,63.33266362252664,4.873495357686453,2022,15495000.0,116503.75939849624
1365,SOUTH DAKOTA,TRIPP,46123,9.387821428571428,41.59339285714286,-29.12607142857143,27.25,232.375,344.40173214285716,0.775935518590998,6.857142857142858,40.535714285714285,3.517857142857143,140284.1266642286,15.571428571428571,57.48985322896282,5.026422602739726,2022,2580000.0,48405.25328330207
1366,SOUTH DAKOTA,TURNER,46125,8.711549657534245,38.385,-28.935,4.4375,228.8125,358.1933125,0.6089171232876712,0.125,54.75,2.5,131327.09675280002,16.75,63.59135273972603,4.806847602739726,2022,13490000.0,127504.72589792061
1367,SOUTH DAKOTA,UNION,46127,9.237024979854956,38.53176470588235,-27.65235294117647,9.823529411764707,228.35294117647058,368.97923529411764,0.6392844480257857,0.5294117647058824,54.470588235294116,2.8235294117647056,132476.3851375059,17.470588235294116,63.634810636583396,4.73852602739726,2022,15084000.0,111899.10979228486
1368,SOUTH DAKOTA,WALWORTH,46129,7.058871731008717,37.89772727272727,-28.55727272727273,9.09090909090909,244.77272727272728,357.6465909090909,0.5841422166874222,0.40909090909090906,50.59090909090909,2.3181818181818183,130768.52031098182,16.181818181818183,63.85156911581569,5.010200871731009,2022,10590000.0,68102.89389067524
1369,SOUTH DAKOTA,YANKTON,46135,9.258472602739726,39.265,-28.285,11.083333333333334,225.33333333333334,401.66183333333333,0.6455036529680366,0.5,51.75,2.5833333333333335,133255.5935328,16.583333333333332,62.935,4.638553196347032,2022,8140000.0,78495.66055930569
1370,SOUTH DAKOTA,ZIEBACH,46137,7.903951101092423,41.47493670886076,-29.5853164556962,24.531645569620252,248.77215189873417,278.5724683544304,0.7000727934801456,4.227848101265823,41.848101265822784,1.6835443037974684,136358.25358748354,15.544303797468354,60.587463152418934,4.847233154152939,2022,762000.0,14007.35294117647
1371,TEXAS,BELL,48027,20.139642561325264,41.44372093023256,-11.098837209302326,79.76744186046511,107.32558139534883,479.38772093023255,1.144413698630137,19.97674418604651,43.372093023255815,4.930232558139535,155342.46490024187,16.27906976744186,62.313214399490285,3.8292378464479135,2022,4245000.0,71706.08108108108
1372,TEXAS,BEXAR,48029,21.116352250489236,41.486666666666665,-8.980714285714285,99.14285714285714,98.83333333333333,293.7918571428571,1.2003735812133072,6.8809523809523805,38.857142857142854,2.0952380952380953,152503.63186422858,14.476190476190476,61.1412915851272,3.3531996086105678,2022,350000.0,6603.773584905661
1373,TEXAS,BURLESON,48051,20.761369863013698,41.82416666666666,-10.286666666666667,81.70833333333333,96.20833333333333,604.792375,1.071018378995434,6.5,51.125,6.916666666666667,152427.0749328,19.25,65.35789954337899,4.318193493150685,2022,792000.0,8829.43143812709
1374,TEXAS,CALDWELL,48055,20.994268493150685,40.931,-9.306000000000001,93.15,95.65,523.6725,1.091522602739726,3.65,50.8,6.0,150846.9913728,16.85,64.74204109589041,3.8488590410958907,2022,284000.0,6977.886977886978
1375,TEXAS,CALHOUN,48057,21.70277568493151,34.8971875,-9.07125,9.21875,61.78125,656.7451875,0.6557297089041095,0.0,52.09375,7.8125,149302.92752280002,17.15625,76.58758561643836,6.7857708904109595,2022,1768000.0,23202.099737532808
1376,TEXAS,CAMERON,48061,22.941528060097216,36.25774193548387,-6.591612903225807,32.25806451612903,49.38709677419355,553.3864193548387,0.7769396376491383,0.0,50.096774193548384,6.741935483870968,146528.67303731613,19.806451612903224,76.14304021210782,7.129967830313743,2022,2401000.0,24803.719008264463
1377,TEXAS,COLLIN,48085,18.917101369863015,40.793,-12.435500000000001,64.55,123.15,715.17495,1.089953698630137,23.0,52.3,8.1,149686.98886080002,17.05,61.08717808219178,3.8696353424657532,2022,953000.0,15597.381342062194
1378,TEXAS,COLORADO,48089,20.976013307240702,40.296,-9.250857142857143,69.05714285714285,92.08571428571429,528.1545142857143,0.9326987866927593,0.5142857142857142,52.48571428571429,5.457142857142857,150134.03875337142,18.742857142857144,69.18168297455968,4.937766653620352,2022,667000.0,9866.863905325445
1379,TEXAS,COOKE,48097,18.226932648401828,43.094166666666666,-13.20375,65.54166666666667,136.54166666666666,740.5845,1.1250124429223745,27.958333333333332,49.291666666666664,10.125,151857.14525280002,16.291666666666668,58.83561643835616,3.697295547945205,2022,37200.0,580.3432137285492
1380,TEXAS,CORYELL,48099,19.912720808871494,40.53404761904762,-11.611904761904762,81.45238095238095,110.21428571428571,426.39440476190475,1.2436981735159818,33.976190476190474,40.26190476190476,4.428571428571429,157327.25293851428,14.666666666666666,58.51368558382257,3.69864168297456,2022,137200.0,3920.0
1381,TEXAS,DALLAM,48111,13.587593607305935,39.962500000000006,-20.37972222222222,35.611111111111114,197.80555555555554,143.55766666666668,1.1790873668188735,25.944444444444443,24.72222222222222,0.8333333333333333,169939.4476128,12.027777777777779,46.47974124809741,4.743689497716895,2022,9794000.0,76099.4560994561
1382,TEXAS,DEAF SMITH,48117,14.58016894977169,40.49527777777777,-18.413055555555555,37.583333333333336,183.36111111111111,219.12433333333334,1.2112445205479452,34.47222222222222,31.166666666666668,0.9722222222222222,171430.05281280002,12.472222222222221,47.70914764079147,4.82641301369863,2022,2201000.0,13101.190476190477
1383,TEXAS,DEWITT,48123,21.286989185291997,40.932105263157894,-8.423684210526316,86.78947368421052,91.86842105263158,500.410552631579,0.9939705839942322,0.8157894736842105,50.31578947368421,4.7105263157894735,152139.18352016842,18.44736842105263,67.80737563085798,5.056130930064888,2022,248000.0,4119.601328903655
1384,TEXAS,ELLIS,48139,19.59673881278539,40.86466666666667,-11.345,71.0,113.5,648.1683666666667,1.116253698630137,29.933333333333334,48.43333333333334,6.766666666666667,152862.7418208,15.366666666666667,62.07135159817352,3.9730602739726026,2022,2143000.0,35896.14740368509
1385,TEXAS,FALLS,48145,20.032216343882855,41.721034482758625,-10.908275862068965,78.0,107.24137931034483,526.7986896551724,1.106854133207369,17.448275862068964,47.03448275862069,6.137931034482759,155043.52048452414,17.344827586206897,63.566584789796885,4.146298346717052,2022,4169000.0,56798.365122615796
1386,TEXAS,FAYETTE,48149,20.93592694063927,41.233939393939394,-9.91969696969697,84.93939393939394,93.21212121212122,567.8592121212121,1.022753590701536,1.787878787878788,51.696969696969695,6.333333333333333,150557.55300916365,18.21212121212121,66.91420506434206,4.11980705687007,2022,358000.0,6438.848920863309
1387,TEXAS,FORT BEND,48157,21.09093857711003,38.97677419354839,-8.508709677419354,48.61290322580645,86.90322580645162,687.5140322580645,0.8372220945647372,0.0,60.32258064516129,6.32258064516129,146671.30438699355,17.838709677419356,71.46965974370305,5.510431462660185,2022,1396000.0,19202.20082530949
1388,TEXAS,GONZALES,48177,21.150221726664544,40.6246511627907,-8.801395348837211,91.34883720930233,94.18604651162791,424.39116279069765,1.0576797069130297,2.2093023255813953,45.93023255813954,3.6046511627906974,153055.76050582327,17.511627906976745,66.04934055431667,4.380311564192418,2022,224000.0,4000.0
1389,TEXAS,GRAY,48179,15.277608219178083,41.8515,-18.5785,44.75,175.55,330.21715,1.1857523287671232,29.0,39.0,1.7,166169.7894528,14.2,50.59773972602739,4.862289726027398,2022,627000.0,3800.0
1390,TEXAS,GRAYSON,48181,18.507392278953922,41.54848484848485,-12.808181818181819,63.96969696969697,129.57575757575756,734.3413333333333,1.1143932752179329,25.272727272727273,50.06060606060606,9.666666666666666,150017.45535098182,17.424242424242426,59.78984640929846,3.7705870485678705,2022,968000.0,17600.0
1391,TEXAS,GUADALUPE,48187,21.03440410958904,40.90678571428572,-8.878214285714286,91.0,96.60714285714286,427.05635714285717,1.1083840508806262,3.0,44.67857142857143,4.214285714285714,152130.3402528,15.428571428571429,64.12101761252447,3.730144422700587,2022,680000.0,20298.507462686568
1392,TEXAS,HALE,48189,15.583355616438356,40.5952,-17.2332,54.12,175.44,229.85556,1.2556644383561644,45.48,34.2,1.84,170383.12735680002,13.28,49.11160547945206,4.4795966027397265,2022,2263000.0,19798.775153105864
1393,TEXAS,HAYS,48209,20.331528375733853,40.03892857142857,-10.202142857142858,83.53571428571429,102.35714285714286,429.28925,1.0973949119373776,5.142857142857143,49.857142857142854,4.285714285714286,150305.51084708574,16.714285714285715,63.25302348336595,3.591226614481409,2022,72800.0,2418.6046511627906
1394,TEXAS,HIDALGO,48215,22.879328767123287,39.49,-8.873148148148148,78.12962962962963,62.31481481481482,401.2731851851852,0.997728564180619,0.0,41.648148148148145,2.925925925925926,153988.9679328,17.72222222222222,70.42592592592592,6.190902536783359,2022,2948000.0,32502.756339581036
1395,TEXAS,HILL,48217,19.690150293542075,40.40942857142857,-11.496571428571428,74.65714285714286,112.45714285714286,580.9984,1.1456582387475538,31.4,41.4,7.428571428571429,155596.65579565716,15.257142857142856,61.73587475538161,3.958190136986301,2022,4218000.0,64792.626728110605
1396,TEXAS,HUTCHINSON,48233,15.40906301369863,42.822,-18.188,63.25,179.45,238.6943,1.3031931506849315,40.55,34.2,1.2,166041.1035648,12.9,47.206712328767125,4.631719178082192,2022,3053000.0,17200.0
1397,TEXAS,JACKSON,48239,21.38701663405088,39.01107142857143,-8.230357142857143,51.464285714285715,86.17857142857143,565.9626428571429,0.8488675146771038,0.0,52.035714285714285,5.892857142857142,149339.67054994288,17.571428571428573,71.71227984344422,6.07337084148728,2022,3924000.0,68601.3986013986
1398,TEXAS,JIM WELLS,48249,22.13244788564622,39.702173913043474,-7.442608695652174,82.65217391304348,80.73913043478261,431.5555652173913,0.9518738534842167,0.0,43.391304347826086,4.565217391304348,151390.12872584347,15.956521739130434,69.97153067301964,5.870665157832043,2022,569000.0,4900.947459086994
1399,TEXAS,LAMAR,48277,18.263845479452055,41.0408,-13.519200000000001,64.8,133.96,685.62792,1.0041365479452056,15.48,55.96,8.24,145956.93393600002,18.64,63.513698630136986,3.6272394520547944,2022,404000.0,9308.755760368664
1400,TEXAS,LAVACA,48285,21.13961809879618,41.414545454545454,-9.219696969696969,85.0909090909091,91.36363636363636,518.5639393939393,0.9654465753424657,0.42424242424242425,51.60606060606061,5.303030303030303,149675.46320552728,18.696969696969695,68.63724366957244,5.011595599833956,2022,110200.0,1909.8786828422876
1401,TEXAS,LEE,48287,20.63476923076923,41.69615384615384,-10.477307692307694,83.1923076923077,96.07692307692308,608.8350384615385,1.054317913593256,5.923076923076923,52.0,6.884615384615385,151742.6245728,18.46153846153846,65.86848261327714,3.8930982086406747,2022,22000.0,419.8473282442748
1402,TEXAS,LIMESTONE,48293,20.100295558322955,41.28515151515152,-11.02818181818182,78.39393939393939,105.51515151515152,592.7311515151515,1.1468953092569532,25.21212121212121,51.87878787878788,6.333333333333333,152701.02495098184,17.303030303030305,62.10858447488585,4.031688584474886,2022,1363000.0,12702.702702702703
1403,TEXAS,MATAGORDA,48321,21.36430821917808,35.104615384615386,-8.586153846153847,17.115384615384617,73.03846153846153,720.5200576923077,0.7150034246575342,0.0,54.13461538461539,9.057692307692308,148558.1257728,17.076923076923077,74.89106954689146,6.466886037934668,2022,3547000.0,39498.8864142539
1404,TEXAS,MCLENNAN,48309,20.00592181757434,40.87341463414634,-11.346341463414634,82.60975609756098,110.17073170731707,495.8450243902439,1.174470965586368,27.5609756097561,43.36585365853659,6.439024390243903,155560.9366508488,15.804878048780488,61.37889074507183,4.065298496491814,2022,2032000.0,33202.61437908497
1405,TEXAS,MILAM,48331,20.484265320836336,41.458684210526314,-10.756842105263157,82.26315789473685,101.07894736842105,600.637447368421,1.1257084354722424,14.5,46.973684210526315,7.368421052631579,152924.35807174738,18.0,63.694073540014415,4.0457742609949525,2022,2366000.0,33800.0
1406,TEXAS,MOORE,48341,14.635153424657535,41.199,-19.438499999999998,50.35,185.95,241.49525,1.231384109589041,32.05,29.85,1.35,169301.71385280002,12.95,47.22054794520548,4.672213150684931,2022,4359000.0,29897.119341563783
1407,TEXAS,NAVARRO,48349,19.863326604181687,40.826578947368425,-10.82736842105263,72.55263157894737,108.55263157894737,621.9186578947368,1.1178612833453496,27.184210526315788,49.473684210526315,6.973684210526316,152482.59646332634,16.18421052631579,62.62518385003605,4.1805002883922135,2022,544000.0,8447.2049689441
1408,TEXAS,OCHILTREE,48357,14.646052054794522,42.69,-19.465,60.15,184.75,185.71665000000002,1.222845890410959,34.7,30.400000000000002,0.55,165870.1883808,12.1,48.8967397260274,4.93629602739726,2022,5248000.0,28599.455040871933
1409,TEXAS,PARMER,48369,14.599635616438357,40.816500000000005,-18.116,37.1,185.1,213.5042,1.2086445205479452,34.95,29.45,1.7000000000000002,172936.83703680002,12.15,47.76138356164383,4.582593287671233,2022,472000.0,5267.857142857143
1410,TEXAS,ROBERTSON,48395,20.524744560838034,42.09911764705882,-10.57294117647059,81.52941176470588,101.6470588235294,608.5527058823529,1.1449551974214343,17.5,48.588235294117645,7.882352941176471,152838.8644692706,19.235294117647058,62.7846091861402,4.138099194198227,2022,520000.0,6103.286384976525
1411,TEXAS,SAN PATRICIO,48409,21.60054794520548,36.220454545454544,-9.465454545454547,15.0,77.31818181818181,480.89604545454546,0.6440298879202988,0.0,50.09090909090909,3.909090909090909,148586.6458237091,15.772727272727273,77.55777085927771,6.518228393524284,2022,715000.0,20487.106017191978
1412,TEXAS,SHERMAN,48421,14.385372602739727,41.673,-19.1435,58.8,188.95,172.3399,1.2461828767123286,33.6,27.55,1.15,168293.35327680002,12.2,46.842547945205474,4.839793424657534,2022,12726000.0,73306.45161290323
1413,TEXAS,TOM GREEN,48451,19.37071792004473,40.781020408163265,-11.815714285714286,90.71428571428571,117.65306122448979,218.83661224489796,1.463432317584568,65.28571428571429,27.06122448979592,1.4693877551020407,170151.15404218776,13.714285714285714,50.68331003634331,3.9696256080514396,2022,569000.0,5398.481973434535
1414,TEXAS,VICTORIA,48469,21.463896222498963,39.32939393939394,-8.13030303030303,66.93939393939394,88.18181818181819,520.9294848484849,0.8770178497301785,0.0,53.18181818181818,4.878787878787879,148370.15242734546,18.606060606060606,71.10419261104192,5.979934744707347,2022,2519000.0,33903.09555854643
1415,TEXAS,WALLER,48473,21.070175342465756,40.48466666666666,-9.095333333333334,70.2,91.46666666666667,651.5395333333333,0.9422964383561644,0.4666666666666667,57.0,7.733333333333333,150556.8940128,19.066666666666666,68.9347397260274,4.967184840182648,2022,117300.0,1948.5049833887042
1416,TEXAS,WHARTON,48481,20.88417123287671,38.67675,-8.440000000000001,40.2,89.65,668.2926,0.7986525342465753,0.0,54.05,7.4,149722.6267008,18.05,72.6347602739726,5.708283356164383,2022,6637000.0,85749.35400516796
1417,TEXAS,WILLIAMSON,48491,20.250513372472277,41.017857142857146,-10.844285714285714,78.02380952380952,103.35714285714286,553.0086904761905,1.1059258969341161,10.095238095238095,46.57142857142857,6.523809523809524,153875.61696137144,16.476190476190474,63.26173515981735,3.714268623613829,2022,4343000.0,83199.2337164751
1418,TEXAS,WILSON,48493,21.39257436399217,41.521428571428565,-7.9382142857142854,104.21428571428571,95.92857142857143,329.56957142857146,1.1568400195694717,3.892857142857143,37.92857142857143,3.142857142857143,154536.88512137142,15.178571428571429,63.40491193737769,4.083249119373777,2022,245000.0,4803.921568627451
