,State,County,FIPS Code,Avg Temperature (C),Max Temperature (C),Min Temperature (C),Heat_Stress_Day,Cold_Stress_Day,Precipitation (mm),Vapor Pressure Deficit (kPa),Drought_Stress_Day,Wet_Day,Heavy_Rain_Day,Solar Radiation (MJ m**-2 day**-1),Low_Light_Day,Relative Humidity (%),Wind Speed (m s**-1),Year,"PRODUCTION, MEASURED IN 480 LB BALES",harvested_area
0,ARKANSAS,ASHLEY,05003,18.603198630136987,35.7955,-8.312,3.7,108.8,1844.63675,0.683657397260274,0.0,113.0,23.2,122775.89929920001,11.2,73.30917808219178,5.0775728767123285,2017,55700.0,49.16151809355693
1,ARKANSAS,CHICOT,05017,18.66969315068493,35.024,-8.272,1.2,100.93333333333334,1869.6808666666668,0.6410575342465753,0.0,112.33333333333333,25.666666666666668,127958.4117792,9.2,74.42241095890411,5.543903744292237,2017,34400.0,34.57286432160804
2,ARKANSAS,CLAY,05021,16.135537671232875,35.58625,-11.329375,3.375,149.125,1388.5965625,0.6163301369863013,0.0,104.3125,13.9375,130721.4042192,7.6875,72.69482876712328,4.815941095890411,2017,85400.0,63.73134328358209
3,ARKANSAS,CRAIGHEAD,05031,16.50629109589041,35.524375,-13.3525,2.3125,141.375,1640.139375,0.6062046232876712,0.0,103.4375,18.3125,127721.68531920001,11.5,73.54979452054795,5.196780821917808,2017,163000.0,138.72340425531914
4,ARKANSAS,CRITTENDEN,05035,17.549454545454545,34.651818181818186,-13.142272727272728,0.6363636363636364,126.04545454545455,1664.0784545454546,0.6700692403486924,0.0,110.95454545454545,19.59090909090909,127458.8586301091,11.181818181818182,71.80613947696139,5.111983437110834,2017,46400.0,40.63047285464098
5,ARKANSAS,DESHA,05041,18.31058904109589,35.169666666666664,-9.128666666666668,2.7666666666666666,113.76666666666667,1682.9831333333334,0.6646026484018265,0.0,113.23333333333333,20.766666666666666,125195.1566112,9.5,73.1715890410959,5.489270684931507,2017,40100.0,35.61278863232682
6,ARKANSAS,DREW,05043,18.332315068493152,35.597,-8.496500000000001,3.1,117.3,1674.4731,0.6942613698630138,0.0,109.9,19.6,124914.3053472,10.95,72.17306849315068,4.902166849315068,2017,18600.0,16.460176991150444
7,ARKANSAS,JEFFERSON,05069,17.776995107632093,35.60357142857143,-11.829642857142858,3.428571428571429,129.28571428571428,1674.127392857143,0.6940039138943248,0.0,98.82142857142857,20.535714285714285,128384.22883062858,5.892857142857142,71.77657534246576,5.07401457925636,2017,11600.0,11.25121241513094
8,ARKANSAS,LEE,05077,17.37400195694716,35.66428571428572,-13.952857142857143,5.142857142857142,132.42857142857142,1581.3546428571428,0.6628477495107632,0.0,105.42857142857143,16.642857142857142,132428.74551634287,6.642857142857142,72.69297455968689,5.409999412915852,2017,108400.0,88.77968877968878
9,ARKANSAS,LINCOLN,05079,17.963514677103717,34.83214285714286,-12.094285714285714,0.9999999999999999,125.57142857142857,1779.6664285714285,0.6719982387475538,0.0,103.5,19.785714285714285,127787.72261348572,7.357142857142858,72.48076320939334,5.143745009784736,2017,42300.0,38.52459016393443
10,ARKANSAS,MISSISSIPPI,05093,17.06313035793195,34.81,-14.970967741935485,0.4838709677419355,132.61290322580646,1592.071193548387,0.6418242156429518,0.0,112.3225806451613,18.516129032258064,121588.1800992,14.741935483870968,72.46866106937694,5.030343879805567,2017,238000.0,193.1818181818182
11,ARKANSAS,PHILLIPS,05107,17.65559817351598,35.562380952380956,-13.038571428571428,4.285714285714286,126.52380952380952,1605.4937142857143,0.6501630789302022,0.0,109.52380952380952,18.523809523809526,130841.4604649143,5.285714285714286,73.45208088714938,5.497604174820613,2017,59900.0,57.10200190657769
12,ARKANSAS,POINSETT,05111,16.91381506849315,35.52625,-15.513125,3.375,137.1875,1494.5609375,0.6579796232876712,0.0,104.875,18.25,128116.4166792,11.0,72.13917808219178,5.39285051369863,2017,54200.0,42.71079590228526
13,ARKANSAS,ST. FRANCIS,05123,17.238544292237442,35.63333333333333,-13.4,4.0,135.8,1643.9968,0.6749121461187214,0.0,106.66666666666667,19.733333333333334,130595.5027872,7.4,71.97543378995434,5.378296073059361,2017,62800.0,55.62444641275465
14,CALIFORNIA,FRESNO,06019,13.847216965226552,37.512269230769235,-4.800653846153846,44.465384615384615,209.68076923076924,747.1501346153847,1.0859386828240252,40.41538461538462,50.67307692307692,8.95,165754.76932910772,4.580769230769231,52.5831612223393,3.1726399157007377,2017,17000.0,12.292118582791034
15,CALIFORNIA,KINGS,06031,17.96719580983078,42.20470588235294,-4.504313725490196,84.11764705882352,168.35294117647058,244.54790196078432,1.304865914585012,57.1764705882353,37.294117647058826,0.3137254901960784,165131.5622789647,1.5098039215686274,56.54783239323126,3.3394631211388663,2017,60500.0,60.43956043956044
16,CALIFORNIA,MERCED,06047,17.109834964122633,40.97892857142857,-1.9647619047619047,56.714285714285715,168.35714285714286,437.5050357142857,1.1470481735159817,34.57142857142857,48.035714285714285,2.3333333333333335,162734.1763289143,5.214285714285714,58.559096542726685,3.867429941291585,2017,53800.0,42.90271132376395
17,CALIFORNIA,TULARE,06107,13.202325136161084,35.97753012048193,-5.502650602409639,36.0,219.4156626506024,513.7168493975904,1.0423662485558673,30.337349397590362,44.72289156626506,5.457831325301205,173522.81421698316,2.6686746987951806,50.33238488199373,2.7614286185839245,2017,44000.0,32.909498878085266
18,KANSAS,PRATT,20151,13.709532420091325,39.48666666666667,-15.910666666666666,20.266666666666666,195.93333333333334,849.4598666666667,0.7894471232876712,3.8666666666666667,60.8,11.466666666666667,136386.69203520002,4.8,63.59764383561644,4.744771689497717,2017,48000.0,42.93381037567084
19,KANSAS,SUMNER,20191,15.144909980430528,40.98892857142857,-14.344285714285714,25.821428571428573,179.64285714285714,963.4118928571429,0.7740994129158513,3.7142857142857144,75.57142857142857,12.25,135156.4684992,4.392857142857143,66.58638943248533,4.223260176125245,2017,35600.0,29.991575400168493
20,TEXAS,ARMSTRONG,48011,15.568472602739726,39.265499999999996,-14.267,22.55,183.35,743.24465,1.0187513698630137,6.4,63.7,7.3,159098.6459232,4.05,56.086780821917806,4.312379589041096,2017,28200.0,39.77433004231312
21,TEXAS,AUSTIN,48015,21.462980593607305,37.9025,-6.392499999999999,21.75,66.45833333333333,1781.5931666666668,0.7378562785388127,0.0,107.33333333333333,18.125,130645.63429920001,10.125,75.67204337899544,4.768161073059361,2017,5840.0,5.209634255129349
22,TEXAS,BAILEY,48017,15.032309589041095,40.833,-19.5105,16.2,201.9,640.69035,1.0401817808219178,12.7,57.25,7.1000000000000005,168751.4262912,1.25,55.06634246575342,4.4113813698630135,2017,109500.0,138.95939086294416
23,TEXAS,BAYLOR,48023,18.758731506849315,39.3015,-13.579500000000001,50.05,133.45,900.274,1.1614138356164383,13.35,55.4,9.450000000000001,155934.6930432,5.5,57.611219178082195,4.110412876712329,2017,14600.0,20.221606648199447
24,TEXAS,BEE,48025,22.575217852408304,39.339999999999996,-5.134838709677419,51.45161290322581,51.54838709677419,1078.964935483871,0.8658798939460892,0.22580645161290322,105.93548387096774,12.193548387096774,126075.77129403871,8.451612903225806,73.60830755634113,5.427693592576227,2017,31130.0,26.882556131260795
25,TEXAS,BELL,48027,20.564017840076456,39.37069767441861,-9.37860465116279,46.02325581395349,95.30232558139535,1277.2152558139535,0.9379308059891686,1.6046511627906976,85.95348837209302,12.116279069767442,132730.5869159442,5.674418604651162,68.25621535520867,3.5102067537432307,2017,13100.0,16.253101736972706
26,TEXAS,BORDEN,48033,18.19224109589041,42.9585,-11.16,46.65,144.45,383.23875,1.2902643835616439,24.65,49.05,2.95,161503.2637632,4.1,52.45964383561644,3.8512669863013698,2017,29190.0,67.56944444444444
27,TEXAS,BOSQUE,48035,19.715714085001757,38.48307692307693,-10.523846153846154,33.05128205128205,110.0,1076.7137948717948,0.8994739726027398,1.7692307692307692,83.74358974358974,13.435897435897436,138122.3540315077,5.461538461538462,68.01486476993327,3.500855426765016,2017,2350.0,4.795918367346939
28,TEXAS,BRISCOE,48045,16.26270684931507,41.446,-15.193000000000001,32.45,172.45,787.7813,1.0548475342465753,10.45,63.0,9.25,159562.8796032,3.4,56.614479452054795,4.075489863013698,2017,52300.0,61.45710928319624
29,TEXAS,BURLESON,48051,20.915166666666668,38.58375,-7.9075,39.5,82.125,1541.457375,0.8027309360730595,0.08333333333333333,96.75,15.666666666666666,130134.1214592,9.708333333333334,73.45914383561644,4.2607550228310505,2017,30380.0,25.833333333333332
30,TEXAS,CALDWELL,48055,21.17899315068493,38.9625,-7.264,49.6,77.0,1222.59865,0.8244095890410958,0.0,103.4,12.5,126697.7395872,11.6,73.1414794520548,3.5316841095890408,2017,4840.0,8.848263254113345
31,TEXAS,CALHOUN,48057,22.825949486301372,34.119375,-3.930625,1.53125,34.125,1512.6955625,0.6393756849315069,0.0,102.28125,15.0625,136448.41714920002,8.25,79.08107876712329,6.8127347602739725,2017,43210.0,37.09012875536481
32,TEXAS,CAMERON,48061,24.09673707467963,38.07322580645161,-0.7687096774193548,29.419354838709676,25.193548387096772,864.6831612903226,0.7834640742377376,0.2903225806451613,76.58064516129032,8.64516129032258,137781.60310823226,4.709677419354839,77.45609368095448,7.33106557666814,2017,134600.0,147.9120879120879
33,TEXAS,CARSON,48065,15.13892191780822,39.672000000000004,-14.9715,24.55,184.9,745.1123,1.0157690410958904,9.75,64.2,8.35,157274.9497152,5.15,56.34686301369863,4.971217397260274,2017,170400.0,170.22977022977022
34,TEXAS,CASTRO,48069,14.844572602739726,41.5615,-19.4525,16.6,198.9,798.071,0.9672894520547946,10.15,61.85,8.1,164630.2408992,2.1,57.71102739726028,4.53935904109589,2017,154800.0,141.6285452881976
35,TEXAS,CHILDRESS,48075,17.29335102739726,40.91875,-17.6775,52.6875,164.5625,957.4045625,1.1269602739726028,16.4375,56.625,14.0,154058.6101392,5.75,56.83821917808219,3.945855650684931,2017,58400.0,74.39490445859873
36,TEXAS,COCHRAN,48079,15.69420205479452,41.244375,-17.509999999999998,18.1875,195.6875,432.5185,1.1345188356164384,14.8125,49.625,4.25,171210.7910592,1.9375,52.60789383561644,4.501042979452055,2017,119700.0,159.6
37,TEXAS,COLLINGSWORTH,48087,16.42262876712329,40.237,-16.872,43.7,175.55,983.7513,1.0455617808219178,12.8,60.05,14.6,154243.8787392,3.7,58.17083561643835,4.157670684931507,2017,95700.0,118.29419035846725
38,TEXAS,CONCHO,48095,19.265158356164385,39.418800000000005,-10.0084,43.88,121.48,703.74012,1.1230202739726027,9.0,64.8,8.08,152905.8220704,6.32,60.6926794520548,3.657440328767123,2017,40100.0,62.75430359937402
39,TEXAS,CROSBY,48107,16.921093150684932,41.6485,-14.362,29.75,163.1,579.2462,1.1554519178082192,14.65,59.35,6.1,161033.0589792,2.9,53.68282191780822,4.3064616438356165,2017,305100.0,426.7132867132867
40,TEXAS,DAWSON,48115,17.37576712328767,42.5985,-11.5985,33.4,158.95,378.68985,1.2090295890410958,15.05,44.8,2.95,168883.30379520002,2.6,53.67139726027398,3.9762942465753426,2017,343200.0,572.9549248747913
41,TEXAS,DEAF SMITH,48117,14.875886605783865,40.287222222222226,-17.64388888888889,17.666666666666668,194.11111111111111,852.51975,1.0265479452054795,12.333333333333334,66.41666666666667,9.444444444444445,165485.2960992,1.6944444444444444,55.36641552511415,4.900203196347032,2017,59400.0,73.97260273972603
42,TEXAS,DICKENS,48125,17.44875479452055,41.8125,-13.0575,42.9,157.0,537.1618,1.2008421917808219,16.8,58.3,3.7,161743.9421952,2.6,53.5537397260274,4.2407756164383565,2017,41100.0,58.547008547008545
43,TEXAS,DONLEY,48129,15.653239726027397,40.4015,-14.7715,28.8,184.95,842.8323,0.9773571232876712,5.35,62.95,10.8,157545.27241920002,2.6,58.16438356164384,4.146934931506849,2017,35450.0,38.32432432432432
44,TEXAS,EL PASO,48141,19.39488747553816,41.394285714285715,-6.128928571428572,35.17857142857143,139.75,313.9538928571429,1.6971650684931505,63.57142857142857,37.642857142857146,2.142857142857143,187812.82229348572,0.32142857142857145,37.97109589041096,3.1158461839530336,2017,18100.0,12.287847929395792
45,TEXAS,ELLIS,48139,19.66269771689498,37.46033333333333,-9.096666666666668,18.033333333333335,106.26666666666667,1132.2519666666667,0.8200361643835616,0.06666666666666667,82.46666666666667,13.5,129411.1168992,5.533333333333333,69.76581735159817,3.808279817351598,2017,34600.0,48.324022346368714
46,TEXAS,FANNIN,48147,18.533583333333333,36.03375,-15.5375,8.916666666666666,122.625,1217.9795416666666,0.7582240867579909,0.0,74.70833333333333,15.833333333333334,132411.8090592,6.416666666666666,70.27199771689497,3.521513584474886,2017,14500.0,14.370664023785926
47,TEXAS,FISHER,48151,18.39495479452055,41.1575,-12.279,47.45,137.2,782.1424,1.1665058904109589,14.75,57.45,7.95,158582.2495392,3.95,57.2106301369863,4.108694794520548,2017,51090.0,117.1788990825688
48,TEXAS,FLOYD,48153,16.150169863013698,41.556400000000004,-16.5032,22.0,170.4,654.7276,1.0662614794520546,11.68,66.6,6.72,159090.78438720002,2.52,55.76735342465753,4.616042191780822,2017,338000.0,358.81104033970274
49,TEXAS,FORT BEND,48157,21.919391073795847,36.37032258064516,-6.0519354838709685,5.741935483870968,56.96774193548387,2102.675677419355,0.7208812196199734,0.0,109.6774193548387,21.677419354838708,131426.32624629678,9.0,75.9615377817057,5.565453380468405,2017,69690.0,74.61456102783725
50,TEXAS,FRIO,48163,22.24577168949772,40.431666666666665,-7.222916666666666,86.375,77.79166666666667,1099.0409583333333,1.2047980593607306,7.75,72.33333333333333,10.541666666666666,139041.7278192,6.375,64.49050228310502,3.3130744292237444,2017,20340.0,12.501536570374924
51,TEXAS,GAINES,48165,16.56060578386606,41.386944444444445,-12.225833333333334,27.61111111111111,186.33333333333334,482.93355555555553,1.1759418569254185,15.277777777777779,49.55555555555556,5.611111111111111,170148.3650592,2.1666666666666665,53.51052511415525,3.9121542617960423,2017,380200.0,464.22466422466425
52,TEXAS,GARZA,48169,17.951661643835617,42.688,-12.8115,47.6,152.0,457.9383,1.2777289041095892,23.05,54.6,3.5,161188.8848352,4.0,52.24820547945206,3.950802739726027,2017,58800.0,84.60431654676259
53,TEXAS,GLASSCOCK,48173,18.744457534246575,41.9505,-12.405,43.95,133.55,391.4101,1.2994439726027398,24.95,45.4,2.8,166855.62798720002,1.95,53.876534246575346,4.3043304109589045,2017,120700.0,207.74526678141137
54,TEXAS,GRAY,48179,15.187112328767125,39.142,-14.162,21.8,186.15,716.37785,0.9713694520547945,5.7,67.45,7.55,153756.55811520002,4.3,57.774849315068494,4.701478493150685,2017,75100.0,73.7721021611002
55,TEXAS,HALE,48189,15.571864109589042,42.0196,-17.5304,17.080000000000002,186.4,689.72236,1.004476602739726,7.5600000000000005,63.92,7.5200000000000005,160293.8076192,2.36,57.126279452054796,4.4927414794520555,2017,422300.0,461.53005464480873
56,TEXAS,HALL,48191,17.01748630136986,42.9005,-16.4575,51.7,171.95,862.1441,1.1231456164383562,19.95,59.85,13.15,155236.54691520002,5.0,56.95743835616438,3.702927123287671,2017,91500.0,126.38121546961327
57,TEXAS,HANSFORD,48195,14.960042465753425,40.888999999999996,-16.9805,38.95,196.0,843.8088,1.0422139726027397,15.85,66.75,9.85,154324.1568672,3.55,56.21221917808219,4.7348604109589045,2017,175200.0,158.55203619909503
58,TEXAS,HARDEMAN,48197,17.933181996086105,39.669047619047625,-16.012857142857143,53.523809523809526,153.0952380952381,817.3391428571429,1.1883569471624267,18.285714285714285,56.61904761904762,9.809523809523808,153046.13703634287,4.857142857142857,55.34473581213307,4.168773907371167,2017,27550.0,27.71629778672032
59,TEXAS,HARTLEY,48205,14.121058599695587,39.407222222222224,-16.953333333333333,24.47222222222222,208.97222222222223,859.1615277777778,0.9816145357686453,13.805555555555555,66.41666666666667,11.472222222222221,159896.1050592,1.7777777777777777,56.297975646879756,4.482824581430745,2017,38650.0,43.870601589103295
60,TEXAS,HASKELL,48207,18.843990410958902,39.626999999999995,-12.955000000000002,61.6,136.95,932.7873,1.239852602739726,23.7,58.4,11.6,158336.2575072,5.1,56.013561643835615,4.043877945205479,2017,113400.0,185.9016393442623
61,TEXAS,HAYS,48209,20.688294520547945,38.50035714285714,-7.938214285714286,30.928571428571427,80.78571428571429,1031.6079285714286,0.8628057729941292,0.8571428571428571,93.67857142857143,10.535714285714286,128166.3909792,8.5,70.3952446183953,3.3449090019569474,2017,3110.0,5.623869801084991
62,TEXAS,HIDALGO,48215,24.166900050735666,41.63703703703704,-1.712962962962963,100.88888888888889,35.888888888888886,777.4338888888889,1.1261558599695585,1.3888888888888888,79.18518518518519,8.277777777777779,138982.1679392,5.185185185185185,70.07728564180618,6.14675098934551,2017,119100.0,94.97607655502392
63,TEXAS,HILL,48217,19.774014872798436,38.47257142857143,-9.818,31.37142857142857,110.37142857142857,1116.3758857142857,0.8619726810176125,0.9142857142857143,84.94285714285714,13.485714285714286,131378.7809952,5.8,69.4426771037182,3.741481017612524,2017,35100.0,35.418768920282545
64,TEXAS,HOCKLEY,48219,16.05044931506849,42.193,-16.8245,20.6,185.7,492.05920000000003,1.1138564383561644,13.65,53.5,5.2,165383.8458912,1.35,53.97367123287671,4.430951369863014,2017,191000.0,282.5443786982249
65,TEXAS,HOWARD,48227,18.426857534246576,42.489,-11.172,45.5,136.35,398.89175,1.268508082191781,23.0,45.8,3.55,165100.69969920002,2.1,54.00039726027397,3.934934520547945,2017,81900.0,226.86980609418282
66,TEXAS,HUTCHINSON,48233,15.363447945205479,41.262,-15.4445,41.55,191.25,732.6414,1.0741245205479453,18.95,65.15,8.15,155983.1133312,4.55,55.82908219178083,4.4704136986301375,2017,43400.0,61.911554921540656
67,TEXAS,JACKSON,48239,21.806765166340508,36.705714285714286,-5.636428571428572,11.142857142857142,60.92857142857143,1615.4839285714286,0.6459207436399217,0.0,115.85714285714286,16.5,133472.57508205716,8.785714285714285,78.94837573385519,6.064734540117416,2017,70400.0,71.91011235955057
68,TEXAS,JIM WELLS,48249,23.135062537224538,39.969565217391306,-5.2330434782608695,72.21739130434783,49.391304347826086,1135.6359130434782,0.9676263251935676,0.5652173913043478,100.04347826086956,12.434782608695652,136831.52812006956,8.304347826086957,72.26282310899344,5.763257176891007,2017,23600.0,36.875
69,TEXAS,JONES,48253,18.90237123287671,39.816500000000005,-12.529,55.55,132.9,794.88995,1.2033354794520548,20.6,63.05,9.35,154123.4293632,7.0,57.5214794520548,4.057538904109589,2017,75190.0,158.62869198312237
70,TEXAS,KNOX,48275,18.594542465753424,40.245,-14.234,68.6,146.75,786.749,1.2810976712328765,29.6,58.2,9.1,159212.78334720002,4.35,54.415,4.003228630136987,2017,38450.0,43.74288964732651
71,TEXAS,LAMAR,48277,18.37385095890411,35.716800000000006,-14.5624,5.84,122.92,1627.62608,0.7416961095890412,0.0,84.36,20.32,124726.5588384,6.4399999999999995,70.54307945205478,3.531953863013699,2017,18140.0,17.71484375
72,TEXAS,LAMB,48279,15.191461917808219,41.861999999999995,-18.651600000000002,17.92,199.44,619.505,1.011072,10.32,57.12,6.5200000000000005,164394.9543456,1.8,56.77283287671233,4.381439671232877,2017,264700.0,283.40471092077087
73,TEXAS,LUBBOCK,48303,16.430130136986303,42.314,-15.397,22.1,176.6,578.7154,1.11457301369863,12.25,57.5,5.6,161884.41693120002,2.55,54.40260273972603,4.336233561643835,2017,333000.0,431.34715025906735
74,TEXAS,LYNN,48305,17.022,42.416,-15.0575,28.65,168.0,494.1431,1.190702602739726,14.65,50.0,5.2,164709.8826912,2.6,53.076410958904106,4.314922876712329,2017,318800.0,501.25786163522014
75,TEXAS,MARTIN,48317,18.20011917808219,42.331,-10.4955,40.5,142.55,421.21605,1.2645180821917807,20.9,48.55,4.1,168087.21981120002,3.05,53.787068493150684,3.9034391780821918,2017,92100.0,167.45454545454547
76,TEXAS,MATAGORDA,48321,22.29767650158061,33.44423076923077,-4.5819230769230765,0.6153846153846153,46.57692307692308,1829.8419615384616,0.6242244467860907,0.0,105.75,18.01923076923077,132387.22006227693,7.173076923076923,79.10516859852476,6.532085616438356,2017,103950.0,96.87791239515377
77,TEXAS,MCCULLOCH,48307,19.278945753424658,39.4168,-8.9124,41.24,119.44,668.36464,1.044980602739726,4.36,65.68,7.04,149911.431696,5.4,63.44130410958904,3.416477150684931,2017,7190.0,12.504347826086956
78,TEXAS,MCLENNAN,48309,20.141619779485467,39.16024390243902,-10.242682926829268,42.80487804878049,107.29268292682927,1278.7479512195123,0.9003220180420983,1.5365853658536586,86.92682926829268,14.682926829268293,134983.93976359026,6.780487804878049,69.12761109254929,3.752871901102573,2017,16760.0,17.716701902748415
79,TEXAS,MEDINA,48325,21.088039573820396,38.80777777777777,-7.3925,47.0,85.47222222222223,1084.4576944444445,1.005090791476408,1.75,91.0,10.694444444444445,131615.24809920002,6.777777777777778,67.03898782343987,3.014779452054795,2017,60000.0,37.59398496240601
80,TEXAS,MILAM,48331,20.610888248017304,39.002105263157894,-9.073947368421052,44.473684210526315,91.65789473684211,1337.8089736842105,0.8513643835616438,0.34210526315789475,89.52631578947368,11.789473684210526,129557.69358972632,9.368421052631579,71.41702235039654,3.8816749098774332,2017,20220.0,25.627376425855513
81,TEXAS,MITCHELL,48335,18.609132876712327,43.048500000000004,-11.088,59.65,142.45,555.6812,1.2565647945205478,26.75,54.75,6.1,160364.2914432,2.55,55.68120547945205,3.907256575342466,2017,50940.0,96.84410646387833
82,TEXAS,MOORE,48341,14.538256164383561,39.7875,-15.5475,28.1,198.35,833.5738,0.9962345205479453,13.35,61.45,10.6,160592.3839872,2.4,56.54864383561644,4.604125342465753,2017,127300.0,104.1734860883797
83,TEXAS,MOTLEY,48345,17.207560547945207,42.242,-14.37,45.36,160.2,593.09328,1.1634432876712328,18.52,61.72,6.04,159068.8443168,3.8000000000000003,54.95547397260274,4.304652931506849,2017,11050.0,14.276485788113694
84,TEXAS,NAVARRO,48349,19.883984138428264,37.40289473684211,-8.112105263157895,19.105263157894736,99.39473684210526,1283.6717105263158,0.802135400144196,0.05263157894736842,86.39473684210526,15.657894736842104,128367.06771183158,6.447368421052632,70.94656813266042,4.140159913482337,2017,25000.0,33.96739130434783
85,TEXAS,NOLAN,48353,18.09393287671233,40.197,-10.654,26.55,132.1,668.492,1.064659315068493,6.9,60.7,6.25,158640.4874592,3.75,59.06764383561644,4.363458904109589,2017,77000.0,130.7300509337861
86,TEXAS,NUECES,48355,23.120981735159816,37.23166666666666,-4.100416666666667,37.166666666666664,44.458333333333336,1280.0877916666666,0.8167315068493152,0.0,103.16666666666667,13.916666666666666,136042.19737920002,10.0,75.63848173515981,6.739042579908676,2017,301930.0,267.43135518157663
87,TEXAS,OCHILTREE,48357,15.12304383561644,40.326,-16.6395,38.9,193.4,890.7515,1.0113302739726029,13.65,70.3,10.45,152361.2486592,3.35,57.528424657534245,4.731276164383561,2017,108000.0,95.65987599645705
88,TEXAS,PARMER,48369,14.808971232876713,40.634,-19.3625,15.6,198.4,896.9907,1.0049638356164383,12.4,62.75,10.4,165947.69488320002,1.2,55.623999999999995,4.622861780821918,2017,120400.0,120.03988035892323
89,TEXAS,PECOS,48371,19.459267876353728,42.024188481675395,-10.01109947643979,46.47643979057592,122.50785340314137,477.0525445026178,1.4090997059456356,31.51832460732984,52.27225130890052,3.905759162303665,175511.6701398283,3.303664921465969,50.44632432044754,3.9449047837624613,2017,18100.0,13.753799392097264
90,TEXAS,RANDALL,48381,14.900991780821919,40.0905,-16.310499999999998,20.4,194.65,901.2456999999999,0.9815432876712329,8.55,65.95,10.6,161237.4757632,3.1,57.40754794520548,4.72035,2017,21250.0,20.631067961165048
91,TEXAS,REAGAN,48383,18.949368949771692,42.11933333333333,-12.472333333333333,45.03333333333333,133.9,524.8448666666667,1.2790475799086758,22.966666666666665,45.9,5.566666666666666,169461.63616320002,3.2666666666666666,55.38011872146118,4.348161004566211,2017,55000.0,78.79656160458453
92,TEXAS,REEVES,48389,19.19026457925636,42.95161904761905,-10.926380952380953,66.36190476190477,142.54285714285714,422.7190095238095,1.532099595564253,52.161904761904765,44.93333333333333,3.6857142857142855,176694.1841952,2.895238095238095,47.13230006523157,3.407421500326158,2017,11700.0,10.0
93,TEXAS,REFUGIO,48391,22.498699137493656,36.031851851851854,-6.232962962962962,9.88888888888889,52.55555555555556,1244.3884074074074,0.7000963977676307,0.0,102.77777777777777,11.555555555555555,136881.7599392,8.185185185185185,77.73295788939625,6.5553149670218165,2017,107670.0,81.26037735849057
94,TEXAS,ROBERTS,48393,15.666012328767124,39.53,-14.764000000000001,33.85,183.2,768.5914,1.040882602739726,10.75,64.0,8.8,152860.7115072,5.6,56.657479452054794,4.587657260273972,2017,7890.0,9.483173076923077
95,TEXAS,ROBERTSON,48395,20.249189363416598,38.12441176470588,-9.086764705882352,28.147058823529413,93.38235294117646,1594.799117647059,0.7593214343271556,0.029411764705882353,94.11764705882354,15.852941176470589,127160.37199567059,9.735294117647058,73.56194198227236,4.066594037066881,2017,29100.0,31.056563500533617
96,TEXAS,RUNNELS,48399,18.953891506849313,41.163999999999994,-10.8708,56.8,136.6,710.92092,1.1623319452054794,17.28,65.04,7.68,151013.4509088,6.36,59.47549589041096,3.555406356164384,2017,80560.0,165.08196721311475
97,TEXAS,SAN PATRICIO,48409,22.916323785803236,37.475,-5.597272727272728,31.363636363636363,47.95454545454545,1234.0237272727272,0.8015235367372354,0.0,105.27272727272727,11.5,134823.48859374545,8.590909090909092,75.67199252801993,6.631483063511831,2017,256800.0,220.99827882960412
98,TEXAS,SCHLEICHER,48413,18.37515778792491,38.571851851851854,-10.674074074074074,18.666666666666668,134.7037037037037,750.1902962962963,0.993265854895992,4.222222222222222,53.0,8.25925925925926,158358.54425920002,4.481481481481481,62.8682496194825,3.8369086757990867,2017,13540.0,21.45800316957211
99,TEXAS,SCURRY,48415,18.180553424657536,42.242000000000004,-11.0095,44.4,140.35,542.42235,1.2239424657534246,20.4,56.9,5.2,157892.8686912,3.15,54.64290410958904,4.154088767123288,2017,59720.0,127.88008565310493
100,TEXAS,SHERMAN,48421,14.215149315068492,39.367000000000004,-17.599,28.75,203.25,821.03445,0.9816995890410959,12.35,61.95,10.75,158497.16454720002,2.5,56.87067123287672,4.67430904109589,2017,112200.0,100.17857142857143
101,TEXAS,STARR,48427,24.06362176560122,41.21416666666667,-2.693611111111111,114.05555555555556,37.833333333333336,714.8355277777778,1.2680800608828007,3.8055555555555554,67.30555555555556,9.36111111111111,149669.0308992,4.361111111111111,66.28931506849315,4.748827929984779,2017,9640.0,10.211864406779661
102,TEXAS,SWISHER,48437,15.065649315068494,40.838,-17.8445,18.6,191.75,802.6048,0.9508553424657534,5.45,66.25,9.2,160113.4903872,2.3,58.61115068493151,4.531279315068494,2017,202400.0,193.12977099236642
103,TEXAS,TAYLOR,48441,18.571231506849315,39.2665,-11.244,33.65,126.95,800.7393500000001,1.0834902739726027,8.5,68.6,9.5,153004.9433472,5.65,59.67876712328767,4.223342054794521,2017,26000.0,49.808429118773944
104,TEXAS,TERRY,48445,16.087550684931507,42.1585,-15.916999999999998,24.1,192.5,504.21155,1.123481506849315,10.25,50.25,6.2,169024.93240320001,1.4,54.25949315068493,4.209650821917808,2017,263400.0,390.22222222222223
105,TEXAS,TOM GREEN,48451,19.07966843723791,41.26,-10.999387755102042,51.69387755102041,134.69387755102042,622.2719795918367,1.210879060665362,18.489795918367346,57.57142857142857,7.3061224489795915,155627.85725838368,4.755102040816326,57.957265865250214,3.791789488398099,2017,162600.0,202.7431421446384
106,TEXAS,TRAVIS,48453,20.959730704978284,39.497317073170734,-8.151219512195121,47.68292682926829,83.04878048780488,1124.2018048780487,0.9292853324423656,2.731707317073171,88.85365853658537,12.292682926829269,131278.66438407806,8.731707317073171,69.1464951553625,3.0889383227530907,2017,2730.0,4.690721649484536
107,TEXAS,UPTON,48461,19.565860273972604,42.330333333333336,-11.903666666666668,52.3,122.86666666666666,411.1274,1.3958394520547945,30.5,49.43333333333333,3.1,173892.9550752,2.7,52.144456621004565,4.398071689497717,2017,12430.0,19.79299363057325
108,TEXAS,UVALDE,48463,20.99230528375734,39.21171428571429,-6.851999999999999,54.05714285714286,83.17142857142856,983.4530571428571,1.0287454403131115,3.914285714285714,80.2,8.371428571428572,135636.44092662857,7.6,66.24491585127201,3.0041883365949116,2017,47590.0,29.160539215686274
109,TEXAS,WHARTON,48481,21.702468493150686,37.204750000000004,-6.07,10.7,62.9,1764.280825,0.6943360958904109,0.0,105.95,18.525,138365.28479520002,8.125,77.2592602739726,5.756512191780821,2017,135880.0,140.8082901554404
110,TEXAS,WHEELER,48483,15.436075342465752,39.555,-14.407999999999998,36.65,188.65,786.9501,0.9807421917808219,9.75,65.4,8.75,151817.47341120002,3.3000000000000003,59.224616438356165,4.370163287671233,2017,18670.0,26.979768786127167
111,TEXAS,WILBARGER,48487,18.15249420442571,39.66153846153846,-14.61423076923077,51.46153846153846,145.92307692307693,920.1832692307693,1.129518440463646,12.923076923076923,58.69230769230769,11.846153846153847,151276.82880073847,5.153846153846153,58.0749736564805,4.096195468914647,2017,65100.0,79.77941176470588
112,TEXAS,WILLACY,48489,24.135511415525112,40.06916666666667,-1.7191666666666665,56.666666666666664,31.916666666666668,793.95225,0.9355424657534247,0.4166666666666667,80.58333333333333,8.0,136290.1912992,4.833333333333333,74.04143835616438,7.212021917808219,2017,116060.0,136.06096131301288
113,TEXAS,WILLIAMSON,48491,20.621822570123943,39.59023809523809,-8.931428571428572,43.595238095238095,90.38095238095238,1149.4404285714286,0.9211767775603392,1.8095238095238095,83.9047619047619,11.952380952380953,134517.81235062858,7.214285714285714,68.95771037181996,3.3729237442922373,2017,35600.0,39.16391639163916
114,TEXAS,WILSON,48493,21.754307240704502,39.638928571428565,-7.430714285714286,57.32142857142857,68.46428571428571,1354.2773928571428,0.8933601761252447,0.10714285714285714,102.64285714285714,15.785714285714286,131919.9288192,9.357142857142858,71.96195694716242,3.693069373776908,2017,6250.0,5.625562556255626
115,TEXAS,YOAKUM,48501,15.68920205479452,41.035,-17.655,20.25,201.6875,442.7833125,1.136084589041096,15.6875,45.875,4.875,170854.0098192,1.6875,53.160256849315076,4.21874845890411,2017,147700.0,174.1745283018868
116,ARKANSAS,ASHLEY,05003,17.938471232876715,37.177,-13.4215,18.55,130.85,2248.671,0.6746254794520549,0.0,114.6,29.95,137547.1357632,10.9,74.4898904109589,5.173853698630137,2018,45200.0,43.33652924256951
117,ARKANSAS,CHICOT,05017,17.842027397260274,36.04266666666667,-13.774666666666667,7.933333333333334,128.33333333333334,2334.5894,0.6417550684931507,0.0,117.13333333333334,30.066666666666666,141049.2110112,11.133333333333333,75.27472146118721,5.594795616438356,2018,32700.0,32.7
118,ARKANSAS,CLAY,05021,15.50797089041096,35.909375,-15.62875,5.4375,170.6875,2093.188,0.5821556506849316,0.0,116.75,23.625,137832.45081120002,10.5625,75.62845890410959,4.83951147260274,2018,87600.0,70.02398081534773
119,ARKANSAS,CRAIGHEAD,05031,15.800464041095891,36.05875,-16.166249999999998,4.0625,163.875,2145.63525,0.543621404109589,0.0,122.25,29.9375,134109.9359712,11.0625,77.18845890410958,5.18761147260274,2018,182100.0,147.4493927125506
120,ARKANSAS,CRITTENDEN,05035,16.747941469489415,35.942727272727275,-14.929545454545455,5.5,150.1818181818182,2050.782409090909,0.6608706102117061,0.0,120.13636363636364,28.136363636363637,133013.3573821091,16.681818181818183,73.89681195516812,5.1051417185554175,2018,55800.0,46.65551839464883
121,ARKANSAS,DESHA,05041,17.575964383561644,36.165333333333336,-14.234333333333334,9.566666666666666,132.56666666666666,2182.939,0.6458137899543379,0.0,115.7,30.666666666666668,137932.6198752,14.066666666666666,75.43992694063927,5.523991506849315,2018,44900.0,40.41404140414041
122,ARKANSAS,DREW,05043,17.57808767123288,36.4975,-14.592500000000001,5.55,134.9,2184.73695,0.6526993150684932,0.0,114.1,29.5,136892.8860192,12.85,74.41872602739726,4.996766301369863,2018,18200.0,16.867469879518072
123,ARKANSAS,JEFFERSON,05069,17.068552837573385,36.04,-15.707857142857142,11.071428571428571,144.96428571428572,2192.8832857142856,0.6495664383561643,0.0,113.46428571428571,31.142857142857142,137613.18226834288,11.5,74.73297455968688,5.1012114481409,2018,16700.0,16.666666666666668
124,ARKANSAS,LEE,05077,16.696238747553817,36.06785714285714,-13.970714285714285,6.642857142857142,150.21428571428572,2019.278857142857,0.6068111545988258,0.0,118.07142857142857,27.785714285714285,136186.07119405715,13.857142857142858,76.25743639921723,5.391638356164384,2018,98000.0,91.84629803186505
125,ARKANSAS,LINCOLN,05079,17.31244227005871,35.96071428571428,-15.907857142857143,5.428571428571429,139.21428571428572,2173.6342142857143,0.6504428571428571,0.0,114.85714285714286,29.0,137908.28424548573,12.214285714285714,74.79176125244618,5.194655772994129,2018,43200.0,40.63969896519285
126,ARKANSAS,MISSISSIPPI,05093,16.279962881131244,35.71677419354839,-15.680645161290323,4.451612903225806,156.5483870967742,2025.6436129032259,0.6425323906319046,0.0,124.35483870967742,29.516129032258064,129652.35191442582,16.322580645161292,74.24922669023421,5.074063720724702,2018,254000.0,213.08724832214764
127,ARKANSAS,PHILLIPS,05107,17.039222439660794,35.830000000000005,-14.817142857142859,7.428571428571428,142.14285714285714,2307.662333333333,0.5933102413568166,0.0,117.42857142857143,31.61904761904762,137595.73923977144,11.523809523809524,76.88744944553164,5.488134768427919,2018,64800.0,62.9126213592233
128,ARKANSAS,POINSETT,05111,16.170979452054794,36.000625,-15.6425,6.3125,159.3125,2119.865125,0.6020207191780822,0.0,120.625,29.25,134343.9433512,13.0625,75.66787671232878,5.370079452054794,2018,51200.0,44.599303135888505
129,ARKANSAS,ST. FRANCIS,05123,16.552480365296802,36.21933333333333,-14.467333333333332,7.2,153.33333333333334,1919.3202,0.6297386301369863,0.0,117.8,25.2,135947.7852192,13.133333333333333,75.31130593607305,5.377596894977169,2018,58200.0,57.05882352941177
130,CALIFORNIA,KINGS,06031,17.85730969648133,39.73764705882353,-2.9976470588235293,77.80392156862744,163.23529411764707,202.56264705882353,1.3346188020413645,55.76470588235294,27.80392156862745,1.2745098039215685,175014.38292649412,0.11764705882352941,53.73465484824067,3.1198633360193395,2018,30800.0,16.2532981530343
131,CALIFORNIA,MERCED,06047,16.98581343770385,38.8675,-1.9133333333333333,49.73809523809524,164.76190476190476,363.51965476190475,1.1602014677103718,35.45238095238095,32.535714285714285,3.571428571428571,173603.60109462857,1.119047619047619,56.70005218525766,3.666720417482061,2018,38200.0,20.828789531079607
132,CALIFORNIA,TULARE,06107,12.978117016009243,33.03156626506024,-8.534096385542169,34.27710843373494,215.13855421686748,425.801343373494,1.0630316388843044,31.3855421686747,39.69879518072289,4.0843373493975905,178792.98104107953,1.4337349397590362,48.36167684436375,2.544931770919294,2018,41500.0,23.119777158774372
133,KANSAS,HARPER,20077,14.27492602739726,37.95,-19.555333333333333,36.93333333333333,193.06666666666666,1088.5572666666667,0.7794268493150684,0.7999999999999999,73.66666666666667,13.4,152505.9189792,2.933333333333333,65.92345205479452,4.338949771689498,2018,22100.0,22.713257965056528
134,KANSAS,KINGMAN,20095,13.81066927592955,37.45333333333333,-19.78,24.285714285714285,197.0,1055.9519523809524,0.754185518590998,0.9047619047619049,74.0,11.571428571428571,147750.22015405714,4.142857142857142,66.06157860404436,4.605662622309198,2018,16200.0,15.182755388940956
135,KANSAS,PRATT,20151,13.245274885844749,37.22,-20.122666666666664,22.666666666666668,203.8,988.1906666666666,0.7742787214611873,0.8666666666666667,71.13333333333334,10.4,151998.4606752,4.466666666666667,64.92657534246575,4.735836529680365,2018,61900.0,57.103321033210335
136,KANSAS,SUMNER,20191,14.082772994129158,37.82857142857143,-19.27035714285714,20.178571428571427,191.10714285714286,1111.426,0.696371722113503,0.17857142857142855,76.85714285714286,13.5,143414.51520548572,3.7142857142857144,68.49713307240704,4.147094716242662,2018,70300.0,63.96724294813467
137,TEXAS,AUSTIN,48015,20.54340410958904,39.31125,-9.462916666666667,38.875,91.58333333333333,1343.5220833333333,0.7523875570776256,0.2916666666666667,116.66666666666667,15.458333333333334,135461.8317312,7.125,75.02582191780822,4.904792579908676,2018,5140.0,6.039952996474736
138,TEXAS,BAILEY,48017,14.647490410958904,39.12,-16.453,36.25,202.05,378.954,1.127659315068493,29.5,44.4,2.6,178967.6024832,0.2,51.864958904109585,4.384692328767123,2018,57200.0,63.34440753045404
139,TEXAS,BAYLOR,48023,18.027849315068494,42.043,-14.203,70.89999999999999,155.15,840.24355,1.1771445205479452,34.6,61.65,10.7,163930.5365472,5.45,57.9415205479452,4.165972465753425,2018,5900.0,10.0
140,TEXAS,BEE,48025,21.556419796730005,38.85709677419354,-2.587741935483871,52.516129032258064,76.45161290322581,1247.6846129032258,0.800304286345559,0.0,95.25806451612902,12.612903225806452,136559.7654679742,8.225806451612902,74.01285019885108,5.51493946089262,2018,25100.0,31.893265565438373
141,TEXAS,BELL,48027,19.652586811086334,43.04093023255814,-12.206744186046512,67.37209302325581,120.5813953488372,947.548,0.9548355527237975,15.069767441860465,85.37209302325581,11.023255813953488,141701.9699767814,8.162790697674419,68.40182860783689,3.6209311882765207,2018,10420.0,18.945454545454545
142,TEXAS,BRISCOE,48045,16.005490410958902,40.933,-15.682999999999998,53.55,183.6,475.2526,1.1729142465753424,29.45,48.3,3.4,171049.3587072,2.55,52.86782191780822,4.159889452054794,2018,42300.0,55.221932114882506
143,TEXAS,BURLESON,48051,19.79871575342466,39.90916666666667,-9.2125,49.541666666666664,108.75,1465.9949583333332,0.7610874429223744,1.0833333333333333,105.375,18.166666666666668,133203.4275312,6.5,74.50392694063927,4.361514611872146,2018,26000.0,27.513227513227513
144,TEXAS,CALDWELL,48055,20.20929863013699,40.011,-7.339499999999999,64.4,99.25,1091.35715,0.8102257534246575,0.9500000000000001,101.65,9.950000000000001,134343.7032672,6.4,73.01336986301371,3.607408904109589,2018,4000.0,7.920792079207921
145,TEXAS,CALHOUN,48057,21.81796917808219,33.3821875,-4.0884375,5.28125,50.3125,1663.83359375,0.5781697773972603,0.0,108.71875,18.65625,142607.2947012,3.8125,80.17698630136987,6.764330821917809,2018,44500.0,41.05166051660517
146,TEXAS,CAMERON,48061,23.274443658859923,37.178709677419356,-0.7732258064516129,37.483870967741936,35.54838709677419,901.8211935483871,0.7280452496685816,0.0,87.74193548387096,7.419354838709677,148929.8820099097,5.419354838709678,78.5109412284578,7.664766946531153,2018,102400.0,98.93719806763285
147,TEXAS,CARSON,48065,15.009021917808218,41.138,-16.6845,36.65,198.2,292.31135,1.1343442465753424,25.65,39.95,1.75,168931.5465312,0.9500000000000001,52.03194520547945,5.175653287671233,2018,99000.0,91.83673469387755
148,TEXAS,CASTRO,48069,14.623246575342465,39.82,-15.6565,31.5,203.3,450.75195,1.081265205479452,22.2,50.1,3.85,175292.83552320002,0.9,53.20120547945205,4.627042465753425,2018,105500.0,89.40677966101696
149,TEXAS,CHILDRESS,48075,16.977635273972602,43.105624999999996,-14.381875,77.25,176.875,600.3929375,1.2243667808219179,37.875,51.0625,6.4375,164440.3476312,2.0625,53.90522260273973,3.9974212328767122,2018,49500.0,78.07570977917982
150,TEXAS,COCHRAN,48079,15.31006506849315,39.713125,-16.18125,40.375,195.625,310.9201875,1.232485102739726,38.5625,42.0625,1.4375,181163.6162712,0.0,49.20186643835617,4.5180054794520546,2018,77800.0,127.54098360655738
151,TEXAS,COLLIN,48085,18.257150684931506,40.415499999999994,-11.925,36.05,131.9,1464.17525,0.8465320547945205,9.95,96.6,17.1,142438.5352512,11.75,68.83434246575342,3.5852402739726026,2018,3260.0,2.707641196013289
152,TEXAS,COLLINGSWORTH,48087,16.024457534246576,42.4985,-15.8145,64.1,184.25,652.5859,1.1147317808219177,29.849999999999998,54.5,7.1,166789.3794912,1.55,55.45484931506849,4.1701820547945205,2018,88800.0,133.13343328335833
153,TEXAS,COLORADO,48089,20.546008610567515,39.446571428571424,-8.393714285714285,44.885714285714286,91.65714285714286,1305.9139714285714,0.7558545596868884,0.05714285714285714,116.57142857142857,14.542857142857143,134055.54383862857,6.257142857142857,75.0985518590998,5.0187559295499025,2018,7100.0,6.666666666666667
154,TEXAS,CONCHO,48095,18.7947298630137,41.40520000000001,-10.113999999999999,67.08,135.76,764.4638,1.183423123287671,32.4,55.52,8.76,162001.6314912,4.52,59.20695890410959,3.798448,2018,28300.0,53.700189753320686
155,TEXAS,CROSBY,48107,16.586735616438354,40.845,-15.959,57.75,179.0,458.22865,1.2651509589041097,45.5,43.5,4.6,171541.8097632,1.1,50.77553424657534,4.378216438356164,2018,195800.0,346.5486725663717
156,TEXAS,DALLAM,48111,13.0099299847793,40.074444444444445,-16.390277777777776,22.11111111111111,220.77777777777777,356.0011944444444,1.0133472602739726,8.972222222222221,44.55555555555556,2.1944444444444446,171820.0552512,0.7777777777777778,52.933325722983255,4.852707153729071,2018,53200.0,81.09756097560975
157,TEXAS,DAWSON,48115,17.14117123287671,41.3485,-14.503499999999999,68.65,172.85,328.4421,1.319014520547945,52.65,37.9,2.7,176575.7372832,0.25,50.93458904109589,4.09071602739726,2018,149100.0,186.8421052631579
158,TEXAS,DEAF SMITH,48117,14.597232115677322,38.72555555555555,-15.57638888888889,30.805555555555557,203.44444444444446,455.61255555555556,1.122633713850837,23.72222222222222,51.02777777777778,3.666666666666667,176108.9193312,0.5555555555555556,51.2879604261796,4.904172070015221,2018,49900.0,54.59518599562363
159,TEXAS,DICKENS,48125,17.1100095890411,41.238,-15.572,72.05,174.35,513.78155,1.2972578082191781,49.25,49.5,5.95,171865.6265952,1.75,51.17465753424658,4.258094520547945,2018,23700.0,59.54773869346734
160,TEXAS,DONLEY,48129,15.43086301369863,41.739,-15.956,47.9,191.2,448.19445,1.0960035616438355,24.9,47.05,3.35,169677.99198720002,1.6,54.156589041095884,4.207079452054795,2018,24190.0,28.525943396226417
161,TEXAS,ELLIS,48139,18.89448584474886,41.77766666666666,-10.633999999999999,55.86666666666667,129.9,1212.0379,0.8820642922374429,12.733333333333333,86.4,14.833333333333334,139900.6180512,11.1,69.21144292237443,3.9690747945205476,2018,36000.0,55.214723926380366
162,TEXAS,FALLS,48145,19.47583089277279,42.33689655172414,-12.529655172413793,67.96551724137932,120.89655172413794,1011.5731034482759,0.8843557864903165,11.344827586206897,89.13793103448276,12.344827586206897,138219.75620292415,8.517241379310345,70.72194615021257,4.16831355692017,2018,20970.0,24.78723404255319
163,TEXAS,FANNIN,48147,17.848211187214613,41.91958333333333,-13.191250000000002,41.458333333333336,144.25,1338.6009583333332,0.82804600456621,7.875,98.29166666666667,17.458333333333332,140409.1389312,7.5,69.83062785388127,3.5918715753424655,2018,9630.0,17.932960893854748
164,TEXAS,FLOYD,48153,15.841926575342466,39.8652,-16.2132,42.84,182.84,406.67992,1.1696967671232876,33.44,48.68,2.04,171171.7659936,1.6800000000000002,52.567978082191786,4.696519890410959,2018,274700.0,326.6349583828775
165,TEXAS,FORT BEND,48157,21.0155713654441,37.15806451612904,-7.6332258064516125,21.161290322580644,78.58064516129032,1543.2392258064517,0.7037108263367212,0.0,121.0,18.548387096774192,137461.13653378066,6.774193548387097,76.38539107379584,5.540134158197083,2018,69700.0,74.54545454545455
166,TEXAS,FRIO,48163,21.362833333333334,41.768750000000004,-4.1033333333333335,93.33333333333333,92.83333333333333,790.6854166666667,1.0946518264840182,10.375,74.70833333333333,8.583333333333334,146157.2747712,3.9583333333333335,66.6187214611872,3.4625466894977173,2018,22000.0,19.383259911894275
167,TEXAS,GAINES,48165,16.205513698630135,40.82805555555555,-14.30777777777778,53.80555555555556,187.08333333333334,418.91225000000003,1.2492506849315068,40.72222222222222,40.083333333333336,3.5833333333333335,179114.17245120002,0.0,51.410844748858445,3.8760506849315064,2018,247900.0,465.97744360902254
168,TEXAS,GARZA,48169,17.57248904109589,42.575,-15.1035,74.85,170.95,434.2204,1.3586745205479451,55.55,40.15,4.55,171078.5359872,2.9,50.06724657534246,4.008537123287671,2018,29600.0,57.47572815533981
169,TEXAS,GLASSCOCK,48173,18.339675342465753,40.7935,-12.6155,74.95,150.95,422.792,1.3400457534246575,61.05,40.7,3.85,173348.8480512,2.55,53.46094520547945,4.52145904109589,2018,28900.0,34.160756501182036
170,TEXAS,GRAY,48179,14.963427397260274,40.9315,-16.950499999999998,33.55,195.4,356.95035,1.0693331506849315,18.2,45.65,2.1,166328.2212192,1.35,54.03361643835616,4.84610794520548,2018,29200.0,37.29246487867177
171,TEXAS,GUADALUPE,48187,20.403818982387477,39.864285714285714,-5.945357142857143,64.85714285714286,94.75,1050.1155714285715,0.8562626223091977,1.2857142857142856,102.92857142857143,9.964285714285714,135827.19182262858,7.285714285714286,71.42428571428572,3.440182485322896,2018,3270.0,4.794721407624634
172,TEXAS,HALE,48189,15.254798904109588,40.1976,-16.0808,35.88,191.52,430.91628000000003,1.1148863561643836,27.44,47.6,4.16,172119.30615360002,1.24,53.429490410958905,4.559391890410959,2018,364600.0,381.78010471204186
173,TEXAS,HALL,48191,16.652113698630135,42.6045,-14.6615,76.15,182.45,611.1383,1.2138961643835615,38.7,52.3,6.1,166838.9735232,2.5999999999999996,53.740821917808226,3.720920273972603,2018,112200.0,153.06957708049114
174,TEXAS,HANSFORD,48195,14.533360273972601,42.1565,-17.792499999999997,41.9,205.75,414.5023,1.0983846575342466,19.5,45.95,3.9,168128.59893120002,0.15000000000000002,53.334712328767125,4.891189589041096,2018,154900.0,121.015625
175,TEXAS,HARDEMAN,48197,17.610977168949773,43.06095238095238,-13.74,83.33333333333333,169.23809523809524,528.0743333333334,1.264746640574038,44.333333333333336,51.476190476190474,4.571428571428571,161430.0136169143,2.666666666666667,53.68777560339204,4.32043666014351,2018,26000.0,27.083333333333332
176,TEXAS,HARTLEY,48205,13.697901065449011,40.80111111111111,-15.529166666666669,31.25,215.05555555555554,375.51019444444444,1.0730908675799087,15.0,45.22222222222222,3.2222222222222223,172515.76125120002,0.7777777777777778,51.87846270928463,4.52957792998478,2018,54100.0,46.67817083692839
177,TEXAS,HASKELL,48207,18.324297260273973,42.572,-14.2065,85.25,154.75,963.5432,1.3084665753424658,57.8,61.0,12.65,167862.9292992,4.7,55.14278082191781,4.175738630136986,2018,45500.0,87.83783783783784
178,TEXAS,HIDALGO,48215,23.477832572298325,40.657407407407405,-0.29962962962962963,96.70370370370371,44.333333333333336,1077.2637592592594,1.0386810755961442,0.2222222222222222,79.22222222222223,8.574074074074074,148014.7484512,3.5370370370370368,71.33167427701675,6.358200608828007,2018,104400.0,105.45454545454545
179,TEXAS,HILL,48217,19.052483757338553,42.51457142857143,-10.777142857142858,72.71428571428571,130.25714285714287,1121.619542857143,0.9261950684931507,18.257142857142856,81.05714285714285,13.314285714285715,141246.03843977142,10.342857142857143,69.33808219178083,3.8754277103718198,2018,23000.0,46.84317718940937
180,TEXAS,HOCKLEY,48219,15.67752191780822,40.2315,-16.5275,44.95,191.2,439.772,1.21964698630137,41.95,45.0,3.25,175423.55613120002,0.05,50.806794520547946,4.453154931506849,2018,258500.0,297.8110599078341
181,TEXAS,HUNT,48231,18.281236301369862,40.66958333333333,-10.948333333333332,38.625,132.625,1471.8800416666668,0.7964962328767122,8.75,106.375,18.291666666666668,136762.71189120002,7.208333333333333,71.42147260273973,3.7513552511415527,2018,10700.0,14.381720430107526
182,TEXAS,HUTCHINSON,48233,15.056486301369864,42.527499999999996,-17.0395,51.75,202.55,367.34755,1.1666378082191782,30.85,40.6,3.05,168123.1211712,0.25,52.10267123287671,4.566944383561644,2018,52500.0,50.43227665706052
183,TEXAS,JACKSON,48239,20.994586105675147,37.683571428571426,-6.022142857142858,29.392857142857142,82.07142857142857,1443.8921785714285,0.6749658512720157,0.0,120.39285714285714,15.357142857142858,137475.8571826286,3.7857142857142856,77.82901174168298,6.122962230919764,2018,94000.0,115.05507955936352
184,TEXAS,JIM WELLS,48249,22.090094103633113,39.74913043478261,-2.992173913043479,74.04347826086956,65.43478260869566,1161.109304347826,0.8716194163192377,0.0,90.78260869565217,12.0,143717.65109467827,5.260869565217392,73.44698034544372,5.898663490172722,2018,22500.0,34.77588871715611
185,TEXAS,JONES,48253,18.45532465753425,42.1825,-13.359,84.25,151.9,908.46575,1.308010684931507,57.95,58.85,12.6,162306.44248320002,6.05,55.616767123287666,4.178635890410959,2018,45300.0,76.52027027027027
186,TEXAS,KNOX,48275,18.13466575342466,43.882,-14.111500000000001,90.45,164.55,820.0113,1.3440080821917808,62.8,58.9,9.05,168434.0138592,3.1500000000000004,54.18754794520549,4.149397123287671,2018,29200.0,43.323442136498514
187,TEXAS,LAMAR,48277,17.66542794520548,41.406000000000006,-13.294400000000001,41.08,147.04,1290.2634,0.8050675068493152,5.08,101.8,14.8,135565.703568,9.08,70.06024109589042,3.6058799999999995,2018,12100.0,11.245353159851302
188,TEXAS,LAMB,48279,14.916064657534246,40.1364,-16.196399999999997,37.8,198.96,432.07792,1.1191590136986302,28.56,46.76,3.52,176175.4063392,0.32,52.95615342465753,4.425625643835617,2018,167900.0,192.3253150057274
189,TEXAS,LUBBOCK,48303,16.098708219178082,40.5805,-16.0595,55.2,185.55,440.6728,1.235881506849315,46.7,44.5,4.7,171889.6060512,0.5,51.47750684931507,4.435384794520548,2018,284100.0,378.8
190,TEXAS,LYNN,48305,16.683115068493148,41.148,-15.977,62.65,178.35,376.5182,1.295951506849315,51.45,38.85,4.1,174387.7929312,0.45,50.62361643835616,4.400490410958905,2018,232300.0,414.82142857142856
191,TEXAS,MARTIN,48317,17.90189589041096,41.9085,-13.133500000000002,79.4,162.3,385.2971,1.3463461643835617,60.6,40.9,4.2,173669.1324192,0.8,52.26397260273972,4.041284794520548,2018,22200.0,38.3419689119171
192,TEXAS,MATAGORDA,48321,21.42026923076923,34.335,-5.012499999999999,6.0,63.82692307692308,1593.448173076923,0.5845569546891465,0.0,108.96153846153847,18.826923076923077,139594.70417427694,3.807692307692308,79.95562697576396,6.4823529504741835,2018,107900.0,125.17401392111368
193,TEXAS,MCCULLOCH,48307,18.76313205479452,41.7984,-9.683200000000001,71.48,137.76,951.16688,1.137893589041096,32.4,58.12,11.76,158067.8781984,4.28,61.576131506849315,3.4840319999999996,2018,5100.0,19.172932330827066
194,TEXAS,MCLENNAN,48309,19.359417975275644,43.564390243902444,-12.184390243902438,74.95121951219512,126.82926829268293,1104.9479024390243,0.9388551954560641,16.609756097560975,85.53658536585365,13.731707317073171,141619.6982697366,9.512195121951219,69.2619445372536,3.904353625125293,2018,14680.0,22.515337423312882
195,TEXAS,MEDINA,48325,20.359782343987824,41.00888888888889,-7.088055555555555,71.47222222222221,100.22222222222223,1118.3050555555556,0.9855047184170471,8.222222222222221,98.22222222222223,11.833333333333334,138647.3805312,6.25,67.41077625570776,3.0507036529680365,2018,56650.0,37.91834002677376
196,TEXAS,MILAM,48331,19.636815428983418,41.830263157894734,-9.60578947368421,63.973684210526315,116.92105263157895,1135.695157894737,0.8472047584715212,6.447368421052631,96.76315789473684,12.342105263157894,134858.28002172633,7.868421052631579,71.95090122566691,4.071977144917087,2018,23700.0,35.00738552437223
197,TEXAS,MITCHELL,48335,18.336865753424657,41.7565,-13.1975,87.6,155.1,515.47825,1.3566764383561642,66.55,44.8,5.8500000000000005,169828.3016352,3.5,53.69095890410959,4.109040136986301,2018,9600.0,19.161676646706585
198,TEXAS,MOORE,48341,14.227761643835615,40.995,-16.5865,37.85,208.2,409.47315000000003,1.0987276712328766,20.15,42.4,4.05,170953.5415392,0.8,52.40979452054795,4.667345479452055,2018,86500.0,75.41412380122057
199,TEXAS,MOTLEY,48345,16.829123287671234,41.465199999999996,-15.2984,70.6,174.4,532.35428,1.2501768767123287,43.24,54.8,4.64,169082.4038688,2.6,52.253282191780826,4.291669260273973,2018,13400.0,28.94168466522678
200,TEXAS,NAVARRO,48349,18.989737563085797,41.25657894736842,-10.370263157894737,57.57894736842105,123.8157894736842,1322.0806578947368,0.8519501802451334,12.131578947368421,89.39473684210526,16.07894736842105,138608.52590804212,10.605263157894736,70.87232876712329,4.291895385724586,2018,20000.0,32.31017770597738
201,TEXAS,NOLAN,48353,17.688110958904108,40.064,-13.4305,54.5,149.6,760.1092,1.1773297260273972,35.75,53.55,10.5,168535.1571552,4.95,56.39421917808219,4.493611232876712,2018,18600.0,25.203252032520325
202,TEXAS,NUECES,48355,22.08003881278539,37.783750000000005,-2.34625,28.375,60.0,1347.662375,0.7116317351598174,0.0,102.125,14.375,143697.7511712,5.791666666666667,77.26223744292237,6.82270102739726,2018,230600.0,270.33997655334116
203,TEXAS,OCHILTREE,48357,14.641797260273973,42.332499999999996,-18.0235,41.25,200.75,459.98985,1.0575397260273973,18.95,47.95,4.35,166341.5350272,0.85,54.99372602739726,4.836373150684931,2018,108600.0,93.29896907216495
204,TEXAS,PARMER,48369,14.369841095890411,38.048,-16.1905,28.65,205.1,413.2581,1.0743627397260274,21.8,51.5,2.9,177058.35169920002,1.05,52.32502739726027,4.590577260273973,2018,140800.0,116.26754748142031
205,TEXAS,RANDALL,48381,14.825880821917808,40.187,-15.755500000000001,40.15,202.8,349.7973,1.131905205479452,26.6,45.0,2.7,172654.8378912,1.0,52.10598630136987,4.911215342465753,2018,9550.0,10.0
206,TEXAS,REAGAN,48383,18.480140639269408,41.01566666666667,-10.723666666666666,69.0,145.06666666666666,506.42086666666665,1.2934155251141553,55.93333333333333,48.666666666666664,5.4,173793.1406112,1.9666666666666668,55.3893607305936,4.5624501369863015,2018,15150.0,18.12200956937799
207,TEXAS,REFUGIO,48391,21.6616499238965,37.29,-3.821851851851852,22.85185185185185,71.55555555555556,1475.7865185185185,0.6707992897006595,0.0,108.88888888888889,16.074074074074073,142033.1857312,6.2592592592592595,77.8703196347032,6.530359309994926,2018,80100.0,95.47079856972586
208,TEXAS,ROBERTSON,48395,19.38369057211926,41.58529411764706,-10.365294117647059,57.705882352941174,117.91176470588235,1276.1859705882353,0.801569379532635,5.235294117647059,99.5,15.029411764705882,133864.64078061178,8.441176470588236,73.2524496373892,4.23916124093473,2018,40490.0,36.44464446444645
209,TEXAS,RUNNELS,48399,18.573024657534244,41.282,-11.7964,77.2,148.12,736.97316,1.2529880547945205,47.32,56.56,9.8,162292.50262080002,5.4,57.39841095890411,3.7735898082191786,2018,54650.0,117.52688172043011
210,TEXAS,SAN PATRICIO,48409,21.899160647571605,36.71909090909091,-3.0422727272727275,20.136363636363637,66.81818181818181,1375.323409090909,0.6915403486924036,0.0,102.5,14.863636363636363,142135.20193483637,6.681818181818182,77.36683686176836,6.644685927770859,2018,184600.0,224.02912621359224
211,TEXAS,SCURRY,48415,17.878928767123288,41.6785,-14.744,74.35,159.0,534.52055,1.3294108219178082,59.05,50.35,4.4,168043.7986272,3.0,52.41209589041096,4.312103150684932,2018,6900.0,14.587737843551798
212,TEXAS,SHERMAN,48421,13.942008219178081,41.21,-17.204500000000003,33.45,211.55,379.20545,1.0680075342465754,14.3,45.65,3.1,169934.16625920002,0.7,53.026095890410964,4.884325890410959,2018,112980.0,98.93169877408056
213,TEXAS,STARR,48427,23.281200152207,41.32222222222222,-1.1638888888888888,109.19444444444444,51.638888888888886,914.689611111111,1.1585695585996956,5.055555555555555,68.63888888888889,8.555555555555555,155643.7571712,1.888888888888889,68.14908675799087,4.865027168949772,2018,10400.0,15.2046783625731
214,TEXAS,SWISHER,48437,14.928772602739727,40.4345,-15.828,37.25,197.45,422.6378,1.0887923287671233,20.8,46.45,4.05,171750.6869472,1.4500000000000002,53.998424657534244,4.675000136986301,2018,119600.0,127.64140875133404
215,TEXAS,TERRY,48445,15.705639726027398,40.5815,-15.672999999999998,51.3,193.3,412.98255,1.209572602739726,38.55,40.45,2.8000000000000003,178190.9049312,0.1,51.8948904109589,4.195610136986302,2018,185200.0,319.3103448275862
216,TEXAS,TOM GREEN,48451,18.601898238747555,41.465102040816326,-10.022244897959185,73.42857142857143,143.40816326530611,703.5817755102041,1.2506574224210232,46.40816326530612,52.6530612244898,9.387755102040817,164992.97722834288,3.510204081632653,57.091339110986866,3.9253606933184235,2018,107700.0,180.10033444816054
217,TEXAS,UPTON,48461,19.102928767123288,41.33133333333333,-10.356666666666666,79.83333333333333,138.23333333333332,390.11833333333334,1.4160544292237442,63.5,37.4,4.2,178939.9598112,1.8,51.78402739726027,4.507200913242009,2018,4500.0,5.415162454873646
218,TEXAS,UVALDE,48463,20.342749119373778,41.01114285714286,-6.522571428571428,75.57142857142857,101.82857142857142,786.1236,1.0294299804305285,12.028571428571428,84.42857142857143,6.9714285714285715,143651.05205348574,2.6857142857142855,65.89954598825831,3.1340004696673187,2018,46000.0,37.489812550937245
219,TEXAS,VICTORIA,48469,21.118637608966377,38.802121212121214,-5.385454545454546,41.39393939393939,81.6969696969697,1402.6431515151514,0.7113125778331257,0.0,113.60606060606061,14.272727272727273,136035.7530912,4.909090909090909,76.94292237442923,5.988821917808219,2018,52000.0,47.10144927536232
220,TEXAS,WHARTON,48481,20.77075479452055,36.8835,-7.372750000000001,21.5,84.825,1403.48485,0.6827846575342466,0.0,118.0,15.2,139908.1110192,4.8,77.22431506849315,5.799935205479452,2018,165700.0,165.7
221,TEXAS,WHEELER,48483,15.223630136986301,43.1255,-17.311500000000002,53.75,192.55,505.12295,1.0657486301369863,25.45,53.9,4.35,165660.9795072,1.2,56.28772602739726,4.473985616438356,2018,11560.0,18.5553772070626
222,TEXAS,WICHITA,48485,17.64100273972603,43.72,-14.298,69.33333333333333,161.2,849.2194,1.0672405479452054,28.0,61.733333333333334,10.266666666666667,157029.70201920002,8.266666666666667,62.10319634703197,4.058256438356165,2018,6530.0,17.506702412868634
223,TEXAS,WILBARGER,48487,17.766289778714437,43.61038461538461,-14.562692307692307,79.84615384615384,164.07692307692307,640.5053846153846,1.191132244467861,36.38461538461539,55.42307692307692,6.230769230769231,159880.91491273846,4.538461538461538,57.47344573234984,4.286217597471022,2018,22900.0,41.63636363636363
224,TEXAS,WILLACY,48489,23.232390410958903,38.899166666666666,-1.2808333333333335,49.583333333333336,42.75,1002.4085833333334,0.8240502283105022,0.0,87.33333333333333,8.416666666666666,147028.0622112,5.75,75.977899543379,7.521992694063927,2018,24900.0,29.784688995215312
225,TEXAS,WILLIAMSON,48491,19.633317677756033,41.67642857142857,-10.850952380952382,59.30952380952381,117.54761904761905,1040.7359523809523,0.8969433789954339,7.19047619047619,91.59523809523809,11.285714285714285,139829.64168548572,6.166666666666667,69.62877364644488,3.45190189171559,2018,26340.0,42.07667731629393
226,TEXAS,YOAKUM,48501,15.35030993150685,39.995625000000004,-15.97125,41.625,196.75,379.0263125,1.213477397260274,36.0625,44.5625,2.3125,180190.1841912,0.0,50.443527397260276,4.222430821917808,2018,116300.0,159.53360768175583
227,TEXAS,ZAVALA,48507,21.291391389432484,42.39678571428572,-4.5217857142857145,97.78571428571429,97.75,582.9425357142857,1.1502866927592954,26.25,67.53571428571429,5.571428571428571,146994.75099977144,1.5,65.35956947162427,3.258256653620352,2018,22800.0,14.795587280986373
228,ARKANSAS,ASHLEY,05003,17.940305479452057,37.542500000000004,-7.6370000000000005,19.25,136.05,1810.7514,0.6723858904109589,0.0,95.5,26.5,149271.3746208,9.65,74.6918904109589,5.052044520547945,2019,60300.0,55.018248175182485
229,ARKANSAS,CHICOT,05017,18.136414611872148,36.754,-7.890666666666666,19.8,136.53333333333333,1748.7031333333334,0.7108865753424657,0.0,93.0,24.933333333333334,152104.7567808,9.666666666666666,73.79021004566209,5.482025936073059,2019,57400.0,52.08711433756806
230,ARKANSAS,CLAY,05021,15.57995205479452,35.12,-9.58,2.0625,168.75,1768.5403125,0.5844217465753425,0.0,105.6875,26.25,140241.9580488,9.5625,74.97155821917809,4.606222602739726,2019,88000.0,75.60137457044674
231,ARKANSAS,CRAIGHEAD,05031,15.929118150684932,35.63125,-8.98625,3.5625,161.5625,1848.3519375,0.5788385273972603,0.0,104.5625,24.3125,139556.8524888,13.4375,75.73573630136987,4.971308219178082,2019,237000.0,175.03692762186114
232,ARKANSAS,CRITTENDEN,05035,16.883021170610213,35.64181818181818,-8.148181818181818,5.409090909090909,150.63636363636363,1927.6004545454546,0.6604102117061021,0.0,100.95454545454545,26.727272727272727,142516.91555607272,12.272727272727273,73.58134495641345,4.889490535491905,2019,65000.0,59.14467697907188
233,ARKANSAS,DESHA,05041,17.764587214611872,36.245666666666665,-7.923,16.933333333333334,143.3,1965.3075,0.6964508675799087,0.0,96.63333333333334,28.966666666666665,149807.8027008,10.366666666666667,74.10061187214612,5.33904301369863,2019,72300.0,59.8014888337469
234,ARKANSAS,DREW,05043,17.660976712328768,37.739,-6.784000000000001,22.2,141.75,1849.64835,0.7044506849315069,0.0,93.95,27.15,149180.8127328,9.25,73.33535616438355,4.846095479452055,2019,31600.0,24.591439688715955
235,ARKANSAS,JEFFERSON,05069,17.09359589041096,36.09357142857143,-8.342857142857143,11.071428571428571,149.42857142857142,1705.5095714285715,0.6780723091976517,0.0,91.5,22.392857142857142,148233.7793088,8.107142857142858,73.09366927592954,4.913330821917808,2019,26000.0,21.035598705501616
236,ARKANSAS,LEE,05077,16.828254403131115,36.145714285714284,-8.15,5.857142857142857,152.07142857142858,1870.0534285714286,0.6002816046966732,0.0,102.07142857142857,25.21428571428571,145079.9620745143,9.857142857142858,76.07829745596868,5.144577103718199,2019,139500.0,125.67567567567568
237,ARKANSAS,LINCOLN,05079,17.351091976516635,36.18214285714286,-8.132857142857143,13.071428571428571,145.78571428571428,1925.3384285714285,0.6881831702544031,0.0,89.78571428571429,26.0,149288.3172288,7.714285714285714,73.4418590998043,5.0134763209393345,2019,63400.0,52.09531635168447
238,ARKANSAS,MISSISSIPPI,05093,16.377216968625717,35.25774193548387,-8.633548387096774,3.838709677419355,156.51612903225808,1866.3800322580646,0.6486226248342908,0.0,105.41935483870968,25.161290322580644,139302.7804855742,16.612903225806452,73.35885992045957,4.82972611577552,2019,283000.0,235.44093178036604
239,ARKANSAS,MONROE,05095,16.858334474885847,36.361666666666665,-8.207083333333333,8.25,153.20833333333334,1785.0347083333334,0.6125502283105023,0.0,99.95833333333333,23.041666666666668,144968.9411088,10.041666666666666,75.8190296803653,5.316170205479453,2019,38000.0,32.0945945945946
240,ARKANSAS,PHILLIPS,05107,17.216730593607306,36.577619047619045,-8.190000000000001,9.761904761904761,148.47619047619048,1988.2738571428572,0.6228880626223092,0.0,100.9047619047619,29.19047619047619,147624.5383488,10.952380952380953,75.97544683626876,5.245208219178082,2019,92000.0,86.46616541353383
241,ARKANSAS,POINSETT,05111,16.23488184931507,35.52875,-8.375,4.125,157.3125,1909.6373125,0.5953176369863014,0.0,104.0,23.5625,139980.82430880002,13.8125,75.19352739726028,5.087858732876713,2019,64400.0,54.99573014517507
242,ARKANSAS,ST. FRANCIS,05123,16.71329315068493,35.878,-8.236666666666666,5.533333333333333,153.4,1749.1760666666667,0.6225059360730594,0.0,98.86666666666666,24.4,144518.6155968,10.533333333333333,74.80147945205479,5.119279086757991,2019,80000.0,67.05783738474435
243,CALIFORNIA,KINGS,06031,17.457527262959978,39.94509803921569,-3.3137254901960786,68.70588235294117,176.9607843137255,238.79074509803922,1.2899205479452056,48.666666666666664,37.86274509803921,0.7647058823529411,181677.9812645647,1.0196078431372548,53.9808165457964,3.011006876175127,2019,35400.0,19.579646017699115
244,CALIFORNIA,MERCED,06047,16.741101435094585,38.743928571428576,-1.025952380952381,47.476190476190474,166.5952380952381,341.5458095238095,1.1133918786692758,25.642857142857142,44.51190476190476,1.773809523809524,177327.41431680002,1.5714285714285714,57.934739073711675,3.6338160469667318,2019,35200.0,24.37673130193906
245,CALIFORNIA,TULARE,06107,11.54400478626836,31.531626506024097,-8.24843373493976,27.626506024096386,233.74096385542168,662.6906385542169,0.9508364581614127,22.572289156626507,52.566265060240966,7.451807228915662,181917.1485136193,1.5421686746987953,50.963614457831326,2.522436870770754,2019,37400.0,22.916666666666668
246,KANSAS,HARPER,20077,13.806487671232878,39.88533333333333,-14.633333333333333,27.6,197.26666666666668,1333.4576666666667,0.6794672146118722,3.466666666666667,74.93333333333334,16.133333333333333,151727.1144768,4.666666666666666,70.00133333333333,4.113319634703196,2019,20700.0,26.675257731958762
247,KANSAS,KINGMAN,20095,13.445478147423353,38.93190476190476,-14.989523809523808,17.857142857142858,199.38095238095238,988.5924761904762,0.6902215264187868,1.5238095238095237,69.66666666666667,12.428571428571427,150415.17277165715,4.809523809523809,68.27009784735812,4.482466536203523,2019,10300.0,14.949201741654571
248,KANSAS,PRATT,20151,13.086648401826485,39.30733333333333,-16.472666666666665,22.266666666666666,202.93333333333334,907.7711333333333,0.7301123287671233,2.0666666666666664,65.13333333333334,11.266666666666666,152165.97751680002,2.6,66.7582100456621,4.569731872146118,2019,33000.0,37.5
249,KANSAS,STEVENS,20189,12.447815525114157,39.016,-15.811333333333334,33.93333333333334,218.53333333333333,498.2842,0.8424692237442922,7.133333333333334,51.93333333333333,4.666666666666667,165332.6273088,2.0666666666666664,62.26381735159818,4.440000730593607,2019,20800.0,21.246169560776302
250,KANSAS,SUMNER,20191,13.831160469667319,38.473571428571425,-14.426785714285714,19.82142857142857,193.92857142857142,1305.7562142857143,0.6483988258317026,0.8571428571428571,82.64285714285714,15.857142857142858,146951.2089545143,5.892857142857142,71.1283072407045,4.112313894324853,2019,78900.0,87.08609271523179
251,TEXAS,AUSTIN,48015,20.784993150684933,38.50083333333333,-2.15625,50.208333333333336,103.125,1126.7757083333333,0.823900799086758,0.0,103.25,10.708333333333334,152913.88586880002,3.833333333333333,72.96220319634703,4.659286757990868,2019,6300.0,8.129032258064516
252,TEXAS,BAILEY,48017,14.638294520547944,39.1205,-11.695,35.35,207.15,382.38075,1.0960702739726027,20.2,42.5,3.0,181250.0640288,1.35,53.47927397260274,4.3682250684931505,2019,66100.0,121.95571955719558
253,TEXAS,BEE,48025,22.274624834290766,38.47774193548387,-2.012258064516129,81.6774193548387,76.64516129032258,715.2652258064517,0.9522129916040654,0.3870967741935484,91.2258064516129,5.903225806451613,155569.94143525162,4.548387096774194,70.49628811312417,5.417173398144056,2019,48000.0,42.93381037567084
254,TEXAS,BELL,48027,19.65352022937241,38.10418604651163,-6.025116279069767,56.18604651162791,124.48837209302326,910.6646744186047,0.9290757566103856,1.6744186046511629,76.93023255813954,9.13953488372093,154826.34263531162,4.534883720930233,68.45487097801848,3.5421521503663587,2019,10600.0,20.0
255,TEXAS,BORDEN,48033,17.373246575342463,42.435500000000005,-9.6065,51.6,167.45,373.9326,1.2223297260273973,33.75,37.8,3.9,176805.65710080002,3.05,54.07168493150685,3.8284175342465754,2019,9900.0,39.75903614457831
256,TEXAS,BOSQUE,48035,18.850495960660343,38.19794871794872,-6.62102564102564,55.61538461538461,133.76923076923077,696.1819487179487,0.9375940990516334,2.2051282051282053,63.69230769230769,8.538461538461538,159968.23518572308,3.9743589743589745,67.03083245521601,3.426319353705655,2019,1900.0,3.3333333333333335
257,TEXAS,BRAZORIA,48039,21.370615949119372,35.676607142857144,-0.32767857142857143,11.964285714285714,75.07142857142857,1418.5535535714287,0.6303912426614481,0.0,108.92857142857143,13.928571428571429,145667.50614308572,4.535714285714286,78.5432240704501,6.175799021526419,2019,13800.0,14.375
258,TEXAS,BRISCOE,48045,15.586856164383562,39.7945,-11.27,44.55,186.5,469.80185,1.0817071232876712,24.25,46.6,3.85,171912.4557408,1.9,55.708082191780825,3.997669589041096,2019,29900.0,44.16543574593796
259,TEXAS,BURLESON,48051,20.168092465753425,38.28333333333333,-2.6704166666666667,50.875,112.20833333333333,862.346125,0.8054162100456621,0.0,87.91666666666667,8.875,152340.1315488,5.5,73.50356164383561,4.071745091324201,2019,21800.0,25.616921269095183
260,TEXAS,CALDWELL,48055,20.466128767123287,38.777,-2.7235,60.05,103.7,840.4099,0.8319673972602739,0.0,101.85,7.7,152899.6143168,4.45,72.67846575342466,3.469305753424657,2019,3700.0,9.367088607594937
261,TEXAS,CALHOUN,48057,22.09172174657534,34.81375,0.6381249999999999,8.6875,51.5625,1107.900375,0.6073285102739726,0.0,100.25,8.1875,153880.5088188,3.9375,79.80032534246575,6.900275256849315,2019,54800.0,61.229050279329606
262,TEXAS,CAMERON,48061,23.540238621299164,36.55870967741935,2.73,38.58064516129032,36.774193548387096,638.9583870967742,0.7311898365002208,0.0,83.74193548387096,5.161290322580645,157126.4092855742,3.6451612903225805,78.57764030048608,7.462849668581529,2019,82100.0,140.1023890784983
263,TEXAS,CARSON,48065,14.550657534246575,39.08,-13.8345,37.15,193.6,422.22835000000003,1.0436630136986302,21.35,50.45,3.3,170162.1083808,1.8,55.60843835616439,5.020994383561644,2019,55700.0,69.79949874686717
264,TEXAS,CASTRO,48069,14.259228767123286,37.815999999999995,-13.831999999999999,23.55,203.8,466.20295,0.9883053424657534,9.3,48.05,3.45,176411.4415488,1.9,56.58735616438356,4.544684657534247,2019,64600.0,60.8286252354049
265,TEXAS,CHILDRESS,48075,16.43696917808219,41.179375,-10.71875,57.5625,180.6875,531.391125,1.0799375,22.9375,45.8125,4.25,167346.82388880002,1.1875,58.119880136986296,3.8721316780821917,2019,62100.0,101.47058823529412
266,TEXAS,COCHRAN,48079,15.425058219178082,40.374375,-11.6325,39.0,193.25,361.49975,1.1945162671232876,27.875,37.5625,3.125,185130.8766288,1.25,50.62876712328767,4.560341267123287,2019,112200.0,231.340206185567
267,TEXAS,COLEMAN,48083,18.344449315068495,40.20285714285714,-7.364285714285714,49.628571428571426,143.34285714285716,555.6233428571429,1.0982891585127201,13.657142857142857,46.31428571428572,6.257142857142857,168779.82125622858,2.0,60.43798825831703,3.518565636007828,2019,3000.0,15.0
268,TEXAS,COLLINGSWORTH,48087,15.36671506849315,39.7935,-12.116499999999998,43.05,188.15,586.48295,0.9576538356164384,14.8,50.1,6.05,167416.4204928,1.95,60.274452054794516,4.005622191780822,2019,88600.0,140.18987341772151
269,TEXAS,COLORADO,48089,20.76670998043053,38.508,-1.6354285714285715,50.8,101.6,1056.2264,0.8068203522504892,0.0,105.71428571428571,8.857142857142858,151619.54326765714,4.314285714285714,73.64100195694716,4.808900352250489,2019,7300.0,7.080504364694471
270,TEXAS,COMANCHE,48093,18.16558904109589,39.14184210526315,-7.889736842105263,47.421052631578945,143.28947368421052,654.9568157894737,0.9688383561643835,7.447368421052632,54.39473684210526,6.763157894736842,164809.50062248422,2.1315789473684212,65.0635183850036,3.4746882480173036,2019,5300.0,11.252653927813164
271,TEXAS,CONCHO,48095,18.812805479452056,39.7896,-6.9084,53.72,135.44,395.47388,1.171197808219178,18.48,42.6,3.6799999999999997,173870.968608,2.2,58.5658301369863,3.742837479452055,2019,29900.0,71.70263788968825
272,TEXAS,COTTLE,48101,16.9952698630137,42.1565,-10.5565,60.8,173.05,447.5173,1.1477541095890411,27.65,44.4,4.25,169480.5903648,1.5,56.477219178082194,4.079415890410958,2019,15200.0,52.054794520547944
273,TEXAS,CROSBY,48107,16.2144,42.2455,-10.563500000000001,39.95,180.1,350.61115,1.1350616438356165,26.1,37.95,3.0,175740.3809568,1.6,54.30539726027398,4.222058219178082,2019,187300.0,343.6697247706422
274,TEXAS,DAWSON,48115,16.94164109589041,43.759,-9.169,48.45,177.25,282.005,1.2264323287671233,35.0,31.65,2.9,182230.30874880002,2.1,53.40002739726027,4.010565342465753,2019,160300.0,381.6666666666667
275,TEXAS,DEAF SMITH,48117,14.173184170471842,38.655,-12.871944444444445,32.80555555555556,205.33333333333334,446.33975,1.062255403348554,19.52777777777778,51.138888888888886,3.194444444444444,176247.8153088,2.138888888888889,54.208485540334856,4.755326255707763,2019,25800.0,39.57055214723926
276,TEXAS,DICKENS,48125,16.69722876712329,42.418,-9.971,49.9,173.9,424.36,1.1403419178082193,27.5,41.05,4.15,174365.2925568,1.95,55.35967123287671,4.068947671232877,2019,19800.0,62.06896551724138
277,TEXAS,DONLEY,48129,14.9916,39.7725,-12.3995,41.75,190.95,435.56850000000003,0.996026301369863,22.0,45.65,3.25,170119.29329280002,2.1999999999999997,57.977479452054794,4.01993698630137,2019,18100.0,28.96
278,TEXAS,ELLIS,48139,18.890849315068493,37.797000000000004,-6.5649999999999995,41.06666666666666,131.66666666666666,887.2404,0.8625187214611872,0.16666666666666666,72.5,11.133333333333333,153792.4123008,5.1,68.87409132420092,3.82267899543379,2019,20000.0,38.98635477582846
279,TEXAS,FISHER,48151,17.91758219178082,42.792500000000004,-7.8865,55.05,156.1,503.30825,1.1889435616438357,29.35,42.75,5.800000000000001,174295.5971328,1.6500000000000001,56.845287671232875,4.025521780821918,2019,35300.0,154.14847161572052
280,TEXAS,FLOYD,48153,15.445787397260275,40.53,-12.3804,32.84,183.96,445.601,1.0640619178082193,19.48,42.4,4.12,173656.4419008,1.8000000000000003,55.43568219178083,4.597549808219178,2019,160800.0,241.8045112781955
281,TEXAS,FORT BEND,48157,21.234628369421124,36.817419354838705,-1.2274193548387096,26.870967741935484,85.74193548387096,1358.205806451613,0.7539958462218295,0.0,104.7741935483871,13.709677419354838,150945.1013320258,2.7419354838709675,74.73975254087495,5.435273530711445,2019,66500.0,89.38172043010752
282,TEXAS,FRIO,48163,21.69752397260274,40.76083333333333,-3.9545833333333333,114.95833333333333,95.875,465.2892083333333,1.1899528538812785,10.041666666666666,66.91666666666667,4.166666666666667,163226.44586880002,2.5,64.31421232876713,3.427632420091324,2019,23700.0,16.666666666666668
283,TEXAS,GAINES,48165,16.309595890410957,42.704722222222216,-9.534444444444444,47.47222222222222,186.27777777777777,273.33691666666664,1.2122730593607307,30.666666666666668,31.47222222222222,2.138888888888889,184615.1971488,1.8333333333333335,52.740235920852356,3.9311604261796047,2019,213100.0,437.57700205338807
284,TEXAS,GARZA,48169,17.29242191780822,42.054500000000004,-9.3435,52.5,168.6,354.64435,1.233909315068493,32.9,36.2,3.5500000000000003,175421.2033728,2.45,53.24113698630137,3.8601891780821918,2019,50500.0,85.8843537414966
285,TEXAS,GLASSCOCK,48173,18.330242465753425,43.1945,-8.0155,61.0,150.05,269.66635,1.2978938356164382,39.75,35.5,1.8499999999999999,181134.9861408,1.4500000000000002,53.79675342465753,4.476041095890411,2019,81700.0,199.75550122249388
286,TEXAS,GRAY,48179,14.472924657534247,38.8555,-13.7715,33.6,194.1,468.11425,0.9722046575342466,16.3,51.15,3.55,167460.99900480002,2.3,57.94534246575342,4.719054109589042,2019,28600.0,36.47959183673469
287,TEXAS,GUADALUPE,48187,20.565521526418785,38.792142857142856,-3.064285714285714,60.392857142857146,101.03571428571429,809.4503928571429,0.8820396281800391,0.0,102.17857142857143,7.071428571428571,153713.36636022857,4.428571428571429,70.73190802348337,3.3291512720156557,2019,2800.0,4.375
288,TEXAS,HALE,48189,14.974407671232877,39.648,-12.0776,28.84,191.52,329.64556,1.0393509041095892,14.04,40.68,2.12,175320.8687808,1.6400000000000001,55.72930410958904,4.450038136986302,2019,202800.0,341.4141414141414
289,TEXAS,HALL,48191,16.08489315068493,40.4995,-10.4135,56.7,184.95,504.499,1.0755634246575343,24.9,44.2,4.75,168550.68487680002,2.3,57.73491780821917,3.5610553424657536,2019,61200.0,126.18556701030928
290,TEXAS,HANSFORD,48195,13.897190410958904,39.745999999999995,-14.362,41.15,205.0,478.54235,1.0112430136986301,22.75,53.45,3.9,169278.7992768,2.2,56.597808219178084,4.75840397260274,2019,33500.0,37.51399776035834
291,TEXAS,HARDEMAN,48197,17.16052315720809,41.52095238095238,-10.872857142857143,62.047619047619044,172.42857142857142,517.0936190476191,1.1200213959556424,24.238095238095237,46.523809523809526,4.714285714285714,166652.38072594287,2.142857142857143,57.784253098499676,4.228551859099804,2019,26400.0,31.466030989272944
292,TEXAS,HARTLEY,48205,13.348281582952815,40.35166666666667,-14.542222222222222,37.72222222222222,216.97222222222223,391.1086111111111,1.011320700152207,21.055555555555557,49.861111111111114,2.111111111111111,175729.3910688,2.2777777777777777,55.320525114155245,4.359182496194825,2019,8800.0,8.333333333333334
293,TEXAS,HASKELL,48207,17.983031506849315,42.131,-8.2145,62.25,157.95,697.10295,1.1610778082191782,25.9,48.85,7.5,172473.3213408,2.4499999999999997,58.32683561643836,4.046337808219178,2019,41100.0,130.0632911392405
294,TEXAS,HIDALGO,48215,23.732286656519534,40.580925925925925,0.4198148148148148,99.22222222222223,47.61111111111111,706.1154814814815,1.0451660578386606,0.14814814814814814,66.48148148148148,5.37037037037037,161125.6157888,2.9814814814814814,71.04535261288686,6.098908726534754,2019,135500.0,117.72371850564727
295,TEXAS,HILL,48217,18.883236790606656,37.85028571428571,-5.564857142857143,50.57142857142857,131.0,817.3766285714286,0.8551081017612524,1.542857142857143,71.0,10.17142857142857,154862.04467108572,4.628571428571428,70.03876320939334,3.7252224657534247,2019,25400.0,41.23376623376623
296,TEXAS,HOCKLEY,48219,15.615939726027397,41.608,-10.3555,38.1,190.35,330.4049,1.1556030136986302,27.25,35.55,2.25,180507.5700768,2.75,52.5147397260274,4.402261232876713,2019,248500.0,496.00798403193613
297,TEXAS,HOWARD,48227,17.84847123287671,42.838499999999996,-8.0915,59.3,159.4,328.23325,1.2448413698630136,36.7,35.75,3.8,179567.3544768,2.15,54.92610958904109,3.959786712328767,2019,34500.0,98.01136363636364
298,TEXAS,HUDSPETH,48229,17.886355986479277,38.34915584415584,-4.8846753246753245,48.48051948051948,156.52597402597402,144.8493896103896,1.5686323074186088,77.17532467532467,24.961038961038962,0.564935064935065,198165.01233113767,1.1623376623376624,40.00289450275752,3.227110763209393,2019,16100.0,14.583333333333334
299,TEXAS,JACKSON,48239,21.507930528375734,38.09464285714286,-2.371785714285714,42.035714285714285,83.60714285714286,940.8135,0.7710935420743641,0.0,103.28571428571429,7.607142857142857,153700.5479945143,4.035714285714286,75.51179060665362,6.1079181017612525,2019,121400.0,134.58980044345898
300,TEXAS,JIM WELLS,48249,22.691450863609294,40.42173913043479,-0.8152173913043478,89.6086956521739,69.47826086956522,453.4701739130435,0.9779979749851102,0.5652173913043478,74.43478260869566,2.391304347826087,159004.91532271306,3.8695652173913047,71.05990470518165,5.658382727814176,2019,33700.0,42.28356336260979
301,TEXAS,JONES,48253,18.301865753424657,42.79,-7.323,63.3,152.6,558.17105,1.212615890410959,31.05,43.25,6.6,171748.50958080002,2.6,57.39357534246575,4.090125890410959,2019,36000.0,113.56466876971609
302,TEXAS,KNOX,48275,17.689245205479452,43.1395,-9.379999999999999,69.5,166.3,716.78895,1.1612243835616438,32.4,49.5,8.0,171099.0546048,2.5,58.45020547945206,4.016234794520548,2019,26600.0,40.61068702290076
303,TEXAS,LAMAR,48277,17.56863780821918,37.2416,-7.3072,25.48,144.68,1236.93756,0.742965698630137,0.0,84.52,14.88,147259.5609024,7.88,71.48527123287671,3.434295890410959,2019,7300.0,11.459968602825745
304,TEXAS,LAMB,48279,14.55950794520548,39.2196,-11.556400000000002,29.8,201.76,488.81108,1.0083055342465754,14.68,43.96,3.88,178370.6035392,2.3200000000000003,56.46254246575343,4.282665972602739,2019,173700.0,252.1044992743106
305,TEXAS,LIVE OAK,48297,22.308232485322897,39.28514285714286,-1.4048571428571428,90.02857142857142,76.62857142857143,627.9214000000001,1.0112590215264188,0.2571428571428571,81.11428571428571,5.085714285714285,157551.49523108572,4.2,68.77674363992172,5.081553581213307,2019,7400.0,10.206896551724139
306,TEXAS,LUBBOCK,48303,15.872502739726027,41.8415,-10.5355,39.8,185.85,288.85245,1.144167397260274,28.9,36.8,1.25,177586.1316288,1.85,53.97969863013699,4.347007397260274,2019,237000.0,495.81589958159
307,TEXAS,LYNN,48305,16.454798630136988,42.953500000000005,-9.2075,43.05,181.8,332.6496,1.1820553424657534,30.9,34.8,3.0,179485.8339168,2.85,53.75490410958904,4.303541917808219,2019,236100.0,593.2160804020101
308,TEXAS,MARTIN,48317,17.67531917808219,44.213499999999996,-7.522499999999999,56.0,164.1,331.3428,1.255411506849315,37.95,37.35,3.4000000000000004,181288.3539168,2.1,54.3126301369863,3.971494520547945,2019,111500.0,302.1680216802168
309,TEXAS,MATAGORDA,48321,21.661557428872495,35.27442307692308,-0.028653846153846165,9.538461538461538,67.23076923076923,1264.6412307692308,0.6209319283456269,0.0,105.46153846153847,12.115384615384615,150190.83883495384,3.4038461538461537,79.1008746048472,6.576272339304531,2019,89600.0,122.90809327846365
310,TEXAS,MCCULLOCH,48307,18.787002739726027,39.883199999999995,-6.8012,56.68,137.84,412.52528,1.137307397260274,17.8,50.84,3.0,170267.302368,2.48,60.271769863013695,3.5133213150684934,2019,11000.0,27.5
311,TEXAS,MCLENNAN,48309,19.245600400935515,37.993170731707316,-5.974878048780488,53.926829268292686,128.41463414634146,939.2479268292683,0.8644934179752756,0.6585365853658537,76.85365853658537,10.341463414634147,154263.01154294636,4.341463414634147,70.25855663214166,3.7747816906114267,2019,12400.0,20.840336134453782
312,TEXAS,MEDINA,48325,20.55547488584475,39.02416666666667,-3.306111111111111,74.0,102.94444444444444,660.9339444444445,1.0428119482496194,1.2777777777777777,92.94444444444444,4.111111111111111,155624.84906880002,2.7222222222222223,65.53661339421613,2.9823147640791476,2019,51200.0,34.385493619879114
313,TEXAS,MILAM,48331,19.802583273251624,38.13263157894737,-4.161578947368421,54.18421052631579,117.55263157894737,888.0952105263158,0.8191733237202595,0.07894736842105263,80.76315789473684,9.210526315789474,151960.09216774738,4.0,72.73600576784428,3.8336279019466475,2019,17500.0,28.135048231511256
314,TEXAS,MITCHELL,48335,18.015136986301368,43.06,-7.827,61.2,159.35,338.91455,1.2292731506849315,34.75,34.9,4.0,176603.6815488,1.85,56.21642465753424,3.8845306849315064,2019,41200.0,91.75946547884188
315,TEXAS,MOORE,48341,13.73224794520548,39.9245,-13.684999999999999,37.6,208.75,511.44105,0.9933661643835616,19.5,53.25,4.25,171905.62582080002,2.0,56.45119178082192,4.484100410958904,2019,32800.0,35.613463626492944
316,TEXAS,MOTLEY,48345,16.37090410958904,42.3316,-10.476399999999998,52.04,177.08,485.08776,1.113048,27.8,43.28,4.760000000000001,171687.6139968,2.16,56.132580821917806,4.103584767123288,2019,8000.0,32.520325203252035
317,TEXAS,NAVARRO,48349,18.866627253064166,37.40657894736842,-5.518684210526316,35.18421052631579,129.6315789473684,929.9343684210527,0.7864443403028119,0.05263157894736842,80.02631578947368,10.947368421052632,153671.0174814316,5.5,71.79475126171593,4.033965320836337,2019,13200.0,31.058823529411764
318,TEXAS,NOLAN,48353,17.654383561643836,41.451499999999996,-8.575,37.85,148.6,428.3941,1.1156816438356163,19.2,40.8,5.0,175302.61721280002,1.3,57.44082191780822,4.320152191780822,2019,48200.0,113.41176470588235
319,TEXAS,NUECES,48355,22.670509132420094,37.887499999999996,0.08875,48.875,61.625,649.1841666666667,0.8092439497716895,0.041666666666666664,86.91666666666667,5.375,157891.6929888,3.875,75.0826712328767,6.637051712328767,2019,269100.0,289.35483870967744
320,TEXAS,OCHILTREE,48357,13.978146575342466,39.763999999999996,-15.818999999999999,39.25,199.05,422.0698,0.9732901369863014,16.65,53.8,2.4499999999999997,166629.47244480002,2.3,58.30712328767123,4.655465205479452,2019,6600.0,10.410094637223974
321,TEXAS,PARMER,48369,14.084800000000001,37.9665,-13.491999999999999,23.3,208.45,444.11795,1.0297627397260274,12.15,49.75,3.15,178141.0563648,1.75,54.4387808219178,4.550849863013698,2019,61200.0,89.60468521229868
322,TEXAS,RANDALL,48381,14.414675342465753,38.667,-12.895,37.25,200.7,473.99545,1.0389583561643836,22.35,50.35,4.1000000000000005,174344.1487488,1.75,55.93054794520548,4.707726164383562,2019,5400.0,6.8789808917197455
323,TEXAS,REAGAN,48383,18.44240182648402,42.26566666666667,-7.168333333333334,56.233333333333334,147.46666666666667,367.4026666666667,1.2497434703196346,35.233333333333334,41.3,4.1,181656.29681280002,1.2,55.50204566210046,4.453275068493151,2019,38100.0,98.19587628865979
324,TEXAS,REFUGIO,48391,22.410542871638764,37.88740740740741,-1.5137037037037038,47.07407407407407,70.0,869.527925925926,0.7938795535261289,0.4074074074074074,99.4074074074074,6.0,154942.33866880002,6.185185185185185,75.3291831557585,6.535601217656012,2019,111400.0,98.58407079646018
325,TEXAS,ROBERTSON,48395,19.46225060435133,38.13205882352941,-5.509705882352941,41.26470588235294,120.88235294117646,997.2405588235295,0.7365166800966961,0.0,86.73529411764706,11.382352941176471,152118.6147817412,4.205882352941177,74.56417405318291,3.8469148267526188,2019,37000.0,29.790660225442835
326,TEXAS,RUNNELS,48399,18.44589589041096,41.376000000000005,-7.2924,56.76,146.8,458.3638,1.1750838356164384,22.44,41.48,5.48,172235.22791040002,1.72,58.46481095890411,3.6599342465753426,2019,54500.0,167.69230769230768
327,TEXAS,SAN PATRICIO,48409,22.5767198007472,38.41136363636363,-0.7781818181818182,42.0,63.95454545454545,701.2559090909091,0.8032561643835616,0.09090909090909091,91.4090909090909,5.818181818181818,156206.95785425455,5.590909090909091,74.88022415940225,6.52294794520548,2019,271000.0,252.09302325581396
328,TEXAS,SCHLEICHER,48413,18.01709081684424,38.181851851851846,-8.664074074074074,30.185185185185183,142.62962962962962,388.2656666666667,1.0192468797564689,4.925925925925926,42.925925925925924,4.111111111111111,174548.1281088,1.1111111111111112,61.32937595129376,4.021044951801117,2019,10600.0,24.145785876993166
329,TEXAS,SCURRY,48415,17.470350684931507,42.3525,-8.456,47.25,159.6,469.25915,1.1675101369863015,30.6,39.45,5.4,174657.2822208,2.1500000000000004,56.13009589041096,4.115277671232877,2019,43400.0,142.76315789473685
330,TEXAS,SHERMAN,48421,13.501069863013697,40.083999999999996,-14.5275,37.95,211.4,414.4583,1.009111095890411,18.3,50.3,3.4,171123.41594880002,2.0,55.763164383561644,4.763569041095891,2019,54200.0,59.36473165388828
331,TEXAS,STARR,48427,23.616209284627093,42.26416666666667,-0.10305555555555555,117.19444444444444,52.80555555555556,570.5331388888889,1.1871766362252663,4.055555555555555,53.25,5.388888888888888,168400.2456288,2.583333333333333,67.37973363774734,4.674042237442922,2019,7400.0,14.17624521072797
332,TEXAS,SWISHER,48437,14.555276712328768,38.602999999999994,-12.9625,30.3,198.55,529.4075,0.9971715068493151,16.1,46.5,5.2,173523.9099168,2.1,57.04030136986301,4.537389452054795,2019,65100.0,110.90289608177171
333,TEXAS,TAYLOR,48441,18.077528767123287,41.1645,-8.546,45.35,144.5,497.49145,1.1500497260273972,21.55,42.05,5.8,172570.86866880002,3.2,57.614493150684936,4.26050397260274,2019,18200.0,42.325581395348834
334,TEXAS,TERRY,48445,15.701861643835617,43.013,-10.129000000000001,37.1,189.7,385.11725,1.1030861643835617,24.0,33.55,4.15,183211.8274368,1.85,55.269657534246576,4.127569178082192,2019,172000.0,360.58700209643604
335,TEXAS,TOM GREEN,48451,18.609038859379368,40.6965306122449,-7.589183673469388,55.93877551020408,144.20408163265307,410.7147755102041,1.2063743360357841,22.897959183673468,40.734693877551024,4.653061224489796,176832.08391614695,1.4489795918367347,57.042163824433885,3.79799843444227,2019,119700.0,210.36906854130052
336,TEXAS,UPTON,48461,18.958274885844748,43.68933333333334,-8.007333333333333,63.06666666666667,143.33333333333334,350.39236666666665,1.3638889497716895,47.8,35.6,3.2,185242.9615488,1.1333333333333335,52.2553607305936,4.310433424657534,2019,12700.0,29.39814814814815
337,TEXAS,UVALDE,48463,20.556602739726028,38.73771428571428,-3.1285714285714286,72.17142857142858,101.34285714285714,433.51817142857146,1.0812904892367905,1.9428571428571428,79.62857142857143,2.0285714285714285,159925.91386422858,2.4571428571428573,63.841589041095894,3.0764573776908026,2019,48700.0,32.081686429512516
338,TEXAS,VICTORIA,48469,21.80008800332088,38.70454545454545,-2.9906060606060607,64.0909090909091,80.9090909090909,880.1586060606061,0.8366316313823162,0.030303030303030304,99.48484848484848,6.7272727272727275,154614.1341888,5.090909090909091,74.12171855541719,5.98524898298049,2019,54600.0,62.1160409556314
339,TEXAS,WHARTON,48481,21.061370547945206,37.12375,-2.034,27.225,90.3,1114.5205,0.7400194520547946,0.0,106.125,10.0,150976.3604688,3.925,75.40326712328768,5.695201643835616,2019,154500.0,181.97879858657245
340,TEXAS,WILBARGER,48487,17.471625922023183,41.03192307692307,-9.310384615384615,62.73076923076923,167.53846153846155,551.208423076923,1.053949736564805,20.615384615384617,51.69230769230769,5.346153846153846,166019.16913033847,2.5384615384615383,61.49418335089568,4.193320337197049,2019,21400.0,39.77695167286245
341,TEXAS,WILLACY,48489,23.503230593607306,38.39,1.8875,51.583333333333336,42.833333333333336,718.85,0.8161182648401827,0.0,81.5,4.75,157844.34794880002,3.75,76.25351598173516,7.265400684931508,2019,114000.0,144.85387547649302
342,TEXAS,WILLIAMSON,48491,19.73161317677756,38.00833333333333,-5.152142857142858,48.642857142857146,119.5952380952381,815.2397142857143,0.903270971950424,0.5,79.30952380952381,8.142857142857142,154479.37405165716,4.357142857142858,69.12199608610567,3.4186853228962817,2019,22600.0,38.30508474576271
343,TEXAS,YOAKUM,48501,15.592869863013698,41.972500000000004,-10.905,39.625,193.1875,295.40075,1.194663698630137,28.3125,31.9375,1.6875,185925.5179488,1.25,51.41678082191781,4.323083561643836,2019,74300.0,174.0046838407494
344,TEXAS,ZAVALA,48507,21.721865949119373,41.419642857142854,-4.237857142857143,113.71428571428571,95.35714285714286,402.987,1.2372468688845402,18.964285714285715,57.964285714285715,2.892857142857143,164721.46261165716,2.071428571428571,62.67314090019569,3.2115065557729943,2019,21700.0,13.545568039950062
345,ARKANSAS,ASHLEY,05003,18.025196721311474,35.431,-3.346,2.85,127.8,1987.9836,0.6293901639344263,0.0,106.7,23.3,146234.5141536,6.85,75.35346994535519,5.311613934426229,2020,50000.0,42.51700680272109
346,ARKANSAS,CHICOT,05017,18.3411839708561,34.79600000000001,-4.343999999999999,2.0,126.8,1840.5731333333333,0.6819,0.0,104.33333333333333,21.8,151231.0844736,6.733333333333333,73.97318761384335,5.7822743169398905,2020,45300.0,41.03260869565217
347,ARKANSAS,CLAY,05021,15.711673497267759,35.770625,-9.305,3.625,175.875,1310.6958750000001,0.5953253073770491,0.0,102.5625,14.0,144095.8174776,4.6875,73.92535860655738,4.862516564207651,2020,84100.0,65.600624024961
348,ARKANSAS,CRAIGHEAD,05031,15.941516393442624,35.5625,-8.358125,2.6875,170.625,1365.91975,0.5824395491803279,0.0,103.5625,17.125,142617.7661976,8.125,74.69487704918033,5.233749658469946,2020,213000.0,161.48597422289615
349,ARKANSAS,CRITTENDEN,05035,16.77160953800298,34.932272727272725,-6.768636363636364,1.7272727272727273,155.77272727272728,1467.6079545454545,0.6247636612021857,0.0,109.68181818181819,19.363636363636363,142372.97050123638,8.681818181818182,73.5633258817685,5.235757948335817,2020,34500.0,31.25
350,ARKANSAS,DESHA,05041,17.753179417122038,35.04866666666667,-4.397333333333333,2.0,133.73333333333332,1895.132,0.6433059198542804,0.0,101.5,24.766666666666666,148341.57327360002,6.533333333333333,74.7109927140255,5.533325318761384,2020,78900.0,65.42288557213931
351,ARKANSAS,DREW,05043,17.600599726775954,35.136,-3.457,1.6,135.05,1987.3602,0.6157051912568305,0.0,100.9,25.7,146074.1717376,6.55,75.07463114754098,5.071175273224044,2020,25700.0,22.504378283712786
352,ARKANSAS,GREENE,05055,15.8637263556116,35.64,-8.96923076923077,2.8461538461538463,169.76923076923077,1377.9142307692307,0.5914018495166037,0.0,104.61538461538461,15.846153846153847,142848.21605760002,7.6923076923076925,74.12227826817991,4.986587431693989,2020,12100.0,10.413080895008607
353,ARKANSAS,JEFFERSON,05069,17.003690476190478,34.871428571428574,-4.9750000000000005,1.1785714285714286,150.07142857142858,1767.5227857142856,0.6231543715846994,0.0,107.78571428571429,22.571428571428573,145142.8821833143,6.321428571428571,74.22783957845434,5.110413153786105,2020,24700.0,21.459600347523892
354,ARKANSAS,LAFAYETTE,05073,17.968662909836066,34.655625,-4.801875,0.5,130.25,1617.9635,0.5716712773224043,0.0,108.875,21.1875,141712.4291976,5.375,76.9129269125683,4.374385587431695,2020,8650.0,8.12206572769953
355,ARKANSAS,LEE,05077,16.66543520686963,34.855000000000004,-4.316428571428571,0.5714285714285714,155.64285714285714,1552.3124285714287,0.5523030835284933,0.0,107.71428571428571,20.5,146233.08972617143,6.714285714285714,76.54275956284154,5.36516237314598,2020,115100.0,101.67844522968198
356,ARKANSAS,LINCOLN,05079,17.280013661202187,34.794285714285714,-4.247857142857143,0.9285714285714286,144.21428571428572,1872.7839285714285,0.6196221701795472,0.0,106.35714285714286,25.142857142857142,146574.9652690286,5.642857142857142,74.64711163153785,5.190864558938329,2020,64900.0,56.43478260869565
357,ARKANSAS,MISSISSIPPI,05093,16.423330689229687,35.082258064516125,-8.002903225806453,1.3548387096774195,162.83870967741936,1320.825193548387,0.6343377401727481,0.0,103.96774193548387,15.161290322580646,140838.77864856774,10.064516129032258,72.69270227392914,5.194500969504672,2020,230100.0,198.19121447028425
358,ARKANSAS,MONROE,05095,16.70567281420765,35.020833333333336,-4.673333333333333,1.4166666666666667,153.75,1624.0504583333334,0.5653921903460838,0.0,107.33333333333333,19.75,143555.79677760002,8.375,76.42745901639344,5.483126252276867,2020,33200.0,29.38053097345133
359,ARKANSAS,PHILLIPS,05107,17.065413739266198,34.972857142857144,-3.4142857142857146,0.9047619047619047,147.66666666666666,1691.0642857142857,0.5634597970335675,0.0,103.9047619047619,20.61904761904762,147527.23768045715,6.19047619047619,76.83947436898256,5.384849076242519,2020,94800.0,85.63685636856368
360,ARKANSAS,POINSETT,05111,16.16677424863388,35.516875,-7.725,1.875,167.3125,1410.19575,0.6020708674863388,0.0,99.1875,17.625,141937.03895760002,7.8125,73.97296789617486,5.415466017759563,2020,52400.0,41.03367267032107
361,ARKANSAS,ST. FRANCIS,05123,16.522947176684884,34.97933333333334,-5.288666666666667,1.0666666666666667,158.53333333333333,1492.0234,0.5848861566484517,0.0,105.26666666666667,20.4,144339.7455936,8.266666666666666,74.93315118397085,5.394777595628415,2020,50300.0,47.904761904761905
362,CALIFORNIA,FRESNO,06019,13.715053068516184,36.2475,-5.444923076923077,47.36923076923077,212.39615384615385,244.87403076923079,1.1653955968894494,44.31153846153846,31.692307692307693,1.2153846153846155,186300.17930326154,0.09615384615384616,47.934456704497684,2.8169810634720474,2020,13100.0,6.0424354243542435
363,CALIFORNIA,KINGS,06031,17.801480231436837,41.904117647058825,-3.211372549019608,84.27450980392157,165.07843137254903,119.15870588235295,1.3840606450230364,61.411764705882355,16.372549019607842,0.45098039215686275,186068.70937524707,0.0,52.54301939354977,2.961398424943748,2020,38000.0,18.962075848303392
364,CALIFORNIA,MERCED,06047,17.207546513140777,42.310833333333335,-1.2825,64.32142857142857,169.42857142857142,142.73616666666666,1.2389548204527714,35.82142857142857,20.535714285714285,0.7738095238095237,181952.31709645715,0.4404761904761905,55.46299765807963,3.471749934946656,2020,19800.0,11.042944785276074
365,CALIFORNIA,RIVERSIDE,06065,20.837906175894425,43.79679245283019,1.3477358490566036,97.99245283018868,121.0377358490566,137.6986603773585,2.156707990514486,128.011320754717,14.562264150943395,1.0264150943396226,197419.4181949585,0.018867924528301886,32.11058356531601,2.659105815032478,2020,22700.0,10.4176227627352
366,CALIFORNIA,TULARE,06107,12.695708571992888,33.945060240963855,-6.237650602409639,34.74698795180723,221.789156626506,267.20709036144575,1.0794216044505893,30.897590361445783,30.048192771084338,2.0120481927710845,189221.69618752773,0.07228915662650603,46.59132102179209,2.4143429784712622,2020,23300.0,11.667501251877816
367,KANSAS,HARPER,20077,14.568910746812385,39.372,-10.597333333333333,36.266666666666666,198.33333333333334,818.0414666666667,0.7951289617486339,2.466666666666667,67.13333333333334,9.266666666666667,159076.9475136,5.333333333333333,66.7552276867031,4.118875227686703,2020,14700.0,18.23821339950372
368,KANSAS,KINGMAN,20095,14.186112412177986,38.602380952380955,-11.598571428571429,28.476190476190474,197.47619047619048,747.0458571428571,0.7916286755139214,3.4761904761904763,66.85714285714286,8.142857142857142,156771.48677760002,3.2857142857142856,65.74497788186314,4.420069476971117,2020,13600.0,16.30695443645084
369,KANSAS,PRATT,20151,13.757413479052822,38.74466666666667,-12.171333333333333,25.333333333333332,204.06666666666666,731.8204666666667,0.7959872495446266,3.1333333333333333,65.2,7.466666666666667,159467.2531776,3.8666666666666667,65.35455373406192,4.497210200364298,2020,41500.0,47.26651480637813
370,KANSAS,STEVENS,20189,13.375688524590165,40.507333333333335,-16.188666666666666,43.0,217.06666666666666,472.5462,0.963547723132969,16.333333333333332,50.46666666666667,4.4,173441.47973760002,0.4666666666666667,59.12604735883425,4.713343533697632,2020,22400.0,30.64295485636115
371,KANSAS,SUMNER,20191,14.511835480093676,37.45392857142857,-12.242499999999998,19.57142857142857,189.89285714285714,910.1256071428571,0.7313192818110851,0.6785714285714286,74.46428571428571,10.071428571428571,154041.54187474286,5.321428571428571,68.55227361436378,4.04737656128025,2020,87600.0,100.45871559633028
372,TEXAS,BAILEY,48017,15.363159836065574,41.872,-11.857000000000001,48.25,214.25,215.7339,1.3286371584699455,41.25,36.8,0.65,188500.1819616,0.85,47.46323770491803,4.389630327868852,2020,30000.0,52.72407732864675
373,TEXAS,BAYLOR,48023,18.172982240437157,41.415499999999994,-13.971,52.449999999999996,146.7,719.76365,1.1060834699453552,19.25,54.6,9.2,170357.8887936,4.75,60.58301912568306,3.9976689890710384,2020,5600.0,7.854137447405329
374,TEXAS,BEE,48025,22.779869557553326,39.34129032258064,0.009999999999999995,60.16129032258065,63.12903225806452,869.041,0.8918968799576944,0.0,91.2258064516129,7.580645161290322,158703.64143050322,1.5483870967741935,72.47394676537986,5.45721716904636,2020,32000.0,31.037827352085355
375,TEXAS,BELL,48027,20.15647668064557,40.24813953488372,-4.145813953488372,56.46511627906977,103.5813953488372,724.4737906976744,0.9666511627906977,8.186046511627907,75.3953488372093,6.651162790697675,155329.19135062327,3.8139534883720927,68.00976617105096,3.517758673274876,2020,9230.0,12.372654155495978
376,TEXAS,BORDEN,48033,18.123841530054644,43.622,-13.119499999999999,75.95,155.4,319.51355,1.4289916666666667,53.45,38.65,3.55,181440.6012576,2.65,49.93647540983606,3.8756513661202185,2020,9950.0,35.03521126760563
377,TEXAS,BRAZORIA,48039,22.06153786104606,35.26875,0.8319642857142856,10.839285714285714,60.19642857142857,1213.6624642857143,0.6686927205308353,0.0,101.32142857142857,14.071428571428571,149535.8503776,3.4285714285714284,78.07077966432475,6.311131391491023,2020,14500.0,14.705882352941176
378,TEXAS,BRISCOE,48045,16.409118852459017,43.0045,-8.459999999999999,56.9,183.6,249.26855,1.2705901639344261,34.9,38.35,1.1500000000000001,180234.0965376,0.1,51.46023224043716,4.072156693989071,2020,28500.0,38.101604278074866
379,TEXAS,BURLESON,48051,20.738327641165757,39.07125,-2.4883333333333333,48.041666666666664,90.91666666666667,922.1060416666667,0.8247436247723132,0.625,87.83333333333333,8.166666666666666,151315.1802576,5.125,72.93191029143898,4.254179075591986,2020,26100.0,26.470588235294116
380,TEXAS,CALDWELL,48055,21.135198087431693,40.2615,-3.0175,55.3,90.7,766.716,0.8933717213114754,2.5999999999999996,86.05,7.6,154885.4290656,4.4,71.3024863387978,3.610889071038251,2020,6180.0,8.643356643356643
381,TEXAS,CALHOUN,48057,22.677741632513662,34.404375,3.3959375,7.75,41.15625,940.74946875,0.6269766051912568,0.0,88.8125,9.46875,158721.0594876,1.34375,79.1861168032787,6.883604166666666,2020,51300.0,47.89915966386555
382,TEXAS,CAMERON,48061,24.117021857923497,37.40677419354839,2.5829032258064513,30.903225806451612,28.483870967741936,665.4622903225807,0.802258945884012,0.0,62.87096774193548,5.354838709677419,167346.58348985808,1.129032258064516,76.20326987484576,7.31885572007756,2020,16500.0,18.456375838926174
383,TEXAS,CARSON,48065,15.21298087431694,41.9185,-10.4895,39.2,194.6,318.20195,1.182802732240437,27.75,43.35,2.3,180511.9684416,0.15000000000000002,52.338060109289614,5.071471038251366,2020,66900.0,66.43495531281033
384,TEXAS,CASTRO,48069,15.034657103825138,39.944,-11.6675,38.1,205.1,222.1128,1.2064232240437158,27.4,38.7,0.15000000000000002,184701.3165216,0.2,50.787964480874315,4.582731420765027,2020,44400.0,53.753026634382564
385,TEXAS,CHILDRESS,48075,17.133784153005465,44.0275,-7.769375,63.8125,175.0,472.7888125,1.1970478142076504,30.25,47.75,3.5625,174891.48935760002,0.625,56.19520150273224,3.9189426229508197,2020,25800.0,71.66666666666667
386,TEXAS,COCHRAN,48079,16.1737243852459,41.981875,-10.600625,55.6875,195.625,180.07425,1.4266400273224045,53.6875,30.25,0.75,190387.7716176,0.5625,45.111082650273225,4.561119364754099,2020,38500.0,73.33333333333333
387,TEXAS,COLLINGSWORTH,48087,16.183945355191256,42.859500000000004,-9.472,47.85,182.85,396.01505,1.0915982240437159,19.65,48.3,2.85,174954.22234560002,0.85,57.615163934426235,4.114881557377049,2020,60700.0,96.19651347068145
388,TEXAS,COLORADO,48089,21.273230288836846,37.81285714285715,-1.3671428571428572,33.48571428571429,82.91428571428571,1109.6703428571427,0.769308118657299,0.22857142857142856,99.34285714285714,10.628571428571428,151524.45024274287,3.1714285714285713,74.83010928961748,4.945836768149883,2020,5560.0,5.082266910420476
389,TEXAS,CONCHO,48095,19.211641530054646,40.9692,-5.188400000000001,66.08,129.08,411.6326,1.227946775956284,25.12,39.2,3.7199999999999998,174031.1770176,2.84,57.90650273224043,3.6265616393442626,2020,13600.0,33.333333333333336
390,TEXAS,COTTLE,48101,17.61672950819672,44.5695,-7.4845,67.9,163.6,564.73405,1.2517157103825136,35.2,45.0,5.15,175167.9539136,0.55,55.14322404371584,4.075522267759562,2020,7100.0,28.514056224899598
391,TEXAS,CROSBY,48107,17.04686612021858,43.6055,-8.7775,54.35,170.0,308.56875,1.3451005464480874,41.35,40.85,1.55,181378.4122656,0.15,49.72616120218579,4.2925102459016395,2020,135000.0,242.80575539568346
392,TEXAS,DAWSON,48115,17.685035519125684,43.1005,-11.9655,75.75,166.8,220.0847,1.4356476775956284,57.4,32.65,1.95,186084.21375360002,1.05,48.83206284153005,4.093522404371584,2020,82000.0,110.6612685560054
393,TEXAS,DEAF SMITH,48117,14.740850789313903,40.441944444444445,-11.314722222222223,42.22222222222222,207.16666666666666,275.54952777777777,1.2400245901639344,32.916666666666664,39.80555555555556,0.9722222222222222,185544.8964576,0.027777777777777776,49.10475106253794,4.758709623557984,2020,20000.0,26.246719160104988
394,TEXAS,DICKENS,48125,17.5296543715847,43.525999999999996,-8.137,62.95,164.1,403.0827,1.33346543715847,41.75,40.25,2.95,178981.5928896,1.45,51.488306010928966,4.149437568306011,2020,13000.0,26.262626262626263
395,TEXAS,DONLEY,48129,15.750661202185793,43.264500000000005,-8.912,44.85,192.1,357.48635,1.1310263661202185,24.65,43.1,2.7,178853.59863360002,0.15000000000000002,55.206311475409834,4.142124453551912,2020,18800.0,21.88591385331781
396,TEXAS,ELLIS,48139,19.350421675774136,39.63066666666667,-3.5223333333333335,32.03333333333333,110.76666666666667,1020.0370666666666,0.8614319672131148,1.8666666666666667,74.66666666666667,11.066666666666666,150790.9893696,6.366666666666667,69.39248633879782,3.7929728597449905,2020,23900.0,25.83783783783784
397,TEXAS,FISHER,48151,18.443950819672132,44.1105,-12.149,77.8,145.7,485.4672,1.324762431693989,46.05,42.25,5.1000000000000005,175534.6778496,2.45,54.787718579234976,4.042637295081968,2020,12800.0,54.46808510638298
398,TEXAS,FLOYD,48153,16.27555956284153,42.638400000000004,-10.414000000000001,45.92,178.8,241.40976,1.2739792349726777,34.96,39.96,0.6,180360.55589760002,0.04,50.86194535519126,4.631707213114755,2020,178000.0,213.42925659472422
399,TEXAS,FORT BEND,48157,21.788644456196018,36.72870967741935,-0.832258064516129,20.806451612903224,69.3225806451613,1391.3438709677419,0.7580866384628945,0.0,103.16129032258064,15.129032258064516,150873.41010147097,2.935483870967742,75.4477965802926,5.598117045654857,2020,88100.0,73.97145256087322
400,TEXAS,GAINES,48165,16.951918639951426,42.05777777777777,-11.534444444444444,75.41666666666667,187.88888888888889,181.72227777777778,1.434725030358227,56.05555555555556,27.47222222222222,1.3333333333333333,189453.2196576,0.6944444444444444,47.47490133576199,3.955258348512447,2020,87200.0,211.13801452784503
401,TEXAS,GARZA,48169,17.93025956284153,43.5235,-10.663,69.15,160.5,359.26115,1.4033612021857922,47.7,40.4,3.1,181258.8670656,1.7000000000000002,49.808265027322406,3.8829079234972674,2020,45500.0,85.84905660377359
402,TEXAS,GLASSCOCK,48173,18.902939890710382,43.0715,-12.136,85.0,135.65,289.98825,1.4828571038251366,63.2,34.2,3.1999999999999997,183954.7051776,2.85,50.11266393442623,4.503521448087431,2020,38800.0,53.2967032967033
403,TEXAS,GRAY,48179,15.159777322404372,41.683499999999995,-10.003,36.75,195.7,332.35200000000003,1.0994625683060109,20.55,47.25,1.55,177736.6855296,0.75,55.33304644808743,4.840175683060109,2020,17300.0,32.09647495361781
404,TEXAS,HALE,48189,15.738826229508197,41.3552,-11.6304,41.36,190.96,224.17704,1.243647213114754,32.96,37.84,0.76,183310.47342720002,0.12,51.09181420765027,4.509889945355191,2020,148000.0,231.97492163009403
405,TEXAS,HALL,48191,16.92124863387978,44.3085,-7.5825000000000005,65.65,180.35,383.92955,1.240880737704918,33.75,43.2,3.25,176087.1388896,0.0,54.37204918032787,3.667176775956284,2020,66900.0,102.92307692307692
406,TEXAS,HANSFORD,48195,14.66774180327869,41.03,-10.9885,47.6,200.55,365.73215,1.1538198087431695,32.7,49.6,2.4000000000000004,178470.4435776,0.85,53.091489071038254,4.931466803278688,2020,59400.0,58.349705304518665
407,TEXAS,HARDEMAN,48197,17.620520426749934,43.94904761904762,-8.926190476190476,62.80952380952381,164.04761904761904,586.8807619047619,1.1772896174863388,25.857142857142858,51.047619047619044,6.714285714285714,171576.4160118857,0.8571428571428571,57.217577413479056,4.178276346604216,2020,20600.0,23.542857142857144
408,TEXAS,HARTLEY,48205,14.131316029143898,39.47666666666667,-11.555277777777778,48.333333333333336,217.72222222222223,285.03341666666665,1.1674094565877353,25.97222222222222,38.361111111111114,1.1666666666666667,183728.2248576,0.2222222222222222,50.376677292046146,4.448671296296296,2020,53400.0,43.34415584415584
409,TEXAS,HASKELL,48207,18.395465846994536,43.6365,-14.588999999999999,71.3,149.65,709.45375,1.2320203551912567,34.65,48.55,8.15,174700.6154496,3.65,57.771229508196726,3.9630963114754096,2020,38000.0,91.56626506024097
410,TEXAS,HAYS,48209,20.51838407494145,39.79642857142857,-2.6542857142857144,47.75,95.46428571428571,810.8310714285715,0.9360251756440281,3.9285714285714284,78.0,7.5,156140.11980617142,4.0,68.45171740827479,3.205277907884465,2020,3300.0,5.164319248826291
411,TEXAS,HILL,48217,19.359322404371586,40.07828571428571,-2.5028571428571427,37.77142857142857,111.54285714285714,1016.5171142857142,0.8569345042935206,4.142857142857142,72.48571428571428,11.942857142857143,152075.6669376,6.085714285714285,70.31781420765027,3.6449288836846216,2020,40400.0,38.54961832061068
412,TEXAS,HOCKLEY,48219,16.432236338797814,42.6705,-10.309999999999999,55.65,186.55,177.70105,1.3939419398907105,48.25,31.150000000000002,0.15000000000000002,187512.5232576,0.35,47.11247267759563,4.474842896174864,2020,120000.0,223.04832713754647
413,TEXAS,HOWARD,48227,18.62471174863388,43.8395,-12.2235,85.0,144.25,351.7694,1.4613468579234972,60.4,36.8,3.85,182338.7521536,3.25,50.460860655737704,4.087353825136613,2020,6600.0,15.75178997613365
414,TEXAS,HUNT,48231,18.470823087431693,38.24166666666667,-2.7808333333333333,24.166666666666668,121.625,1033.7944583333333,0.7600702413479052,0.125,88.66666666666667,10.791666666666666,148455.7693776,4.625,71.97361111111111,3.6110853825136613,2020,10400.0,14.092140921409214
415,TEXAS,JACKSON,48239,22.134119828259173,37.89142857142857,-1.1175,36.32142857142857,70.60714285714286,1003.619,0.7848319672131147,0.0,93.96428571428571,9.035714285714285,155916.5030290286,1.1428571428571428,75.21145589383295,6.188669886807181,2020,59200.0,71.67070217917676
416,TEXAS,JIM WELLS,48249,23.132192919933477,40.73347826086957,-0.17347826086956522,77.6086956521739,58.69565217391305,861.6449565217391,0.9713667141838916,0.0,79.17391304347827,9.434782608695652,164200.55083325217,1.7391304347826086,71.08429555713947,5.783001781895938,2020,15000.0,25.210084033613445
417,TEXAS,JONES,48253,18.702748633879782,43.368,-12.58,78.15,143.6,557.30385,1.2908122950819672,39.55,43.55,6.7,173128.3423776,3.6,56.491612021857925,3.981171857923497,2020,23000.0,71.20743034055728
418,TEXAS,KLEBERG,48273,23.239362689032916,36.406046511627906,2.6476744186046512,35.7906976744186,42.04651162790698,817.1685581395349,0.78093372728428,0.0,72.67441860465117,8.418604651162791,164737.1276110884,1.6046511627906976,75.82704282628033,7.0830714194942175,2020,70900.0,73.3195449844881
419,TEXAS,KNOX,48275,18.30647267759563,44.988,-13.715,78.75,157.7,644.8806,1.2671416666666666,42.75,52.45,7.2,174069.8021376,3.1500000000000004,57.036844262295084,4.02215887978142,2020,27700.0,32.70365997638725
420,TEXAS,LAMB,48279,15.466960655737704,42.1152,-11.5744,44.68,206.6,225.5556,1.275756612021858,36.12,38.32,0.4,186133.9442112,0.32,50.02068852459016,4.381772786885246,2020,89000.0,119.6236559139785
421,TEXAS,LUBBOCK,48303,16.59862568306011,43.185500000000005,-10.138,54.6,178.6,249.479,1.3445939890710383,45.6,37.15,1.15,184445.20445760002,0.35,49.3380737704918,4.407592896174863,2020,203500.0,344.331641285956
422,TEXAS,LYNN,48305,17.154012295081966,43.2315,-10.657,61.05,170.15,218.89965,1.382820218579235,48.15,33.95,1.0,185708.1413376,0.19999999999999998,49.16534153005464,4.352762704918033,2020,186200.0,496.53333333333336
423,TEXAS,MARTIN,48317,18.46625819672131,43.468,-14.575999999999999,87.7,151.65,236.89995,1.5066736338797815,67.05,33.35,2.5,185198.94466560002,2.1,48.67812841530055,4.128893715846995,2020,18900.0,54.310344827586206
424,TEXAS,MATAGORDA,48321,22.199634300126103,34.88115384615384,2.0078846153846155,6.288461538461538,53.25,1149.3461730769232,0.6316988755779739,0.0,93.11538461538461,12.942307692307693,154689.88137452307,1.2884615384615385,79.02349201345103,6.609344314838167,2020,95400.0,95.4
425,TEXAS,MCCULLOCH,48307,19.286625136612024,41.7712,-4.7744,65.12,127.6,478.81828,1.1988445901639344,27.32,43.56,5.76,170927.95685760002,3.24,59.383453551912574,3.454456830601093,2020,2300.0,7.210031347962382
426,TEXAS,MCLENNAN,48309,19.762339730774357,40.26682926829268,-3.423658536585366,49.1219512195122,109.29268292682927,1028.191024390244,0.8961402105824338,5.073170731707317,73.53658536585365,11.21951219512195,152174.96982930732,5.024390243902439,69.79695455151273,3.715220378515261,2020,12500.0,13.354700854700855
427,TEXAS,MEDINA,48325,21.199703248330298,41.30138888888889,-3.4844444444444442,71.91666666666667,90.63888888888889,621.5491388888889,1.1398209623557984,9.38888888888889,72.47222222222223,5.861111111111112,160129.2058176,1.6388888888888888,63.33312841530054,2.9801123254401944,2020,40400.0,27.709190672153635
428,TEXAS,MILAM,48331,20.433147828587863,39.81578947368421,-2.649736842105263,54.39473684210526,97.23684210526316,788.087947368421,0.8772121081392004,2.7894736842105265,84.39473684210526,6.763157894736842,151537.4770176,4.131578947368421,71.31637906241012,3.944941041127409,2020,21800.0,29.781420765027324
429,TEXAS,MITCHELL,48335,18.674177595628414,44.0675,-12.872499999999999,86.75,143.55,437.6047,1.3999515027322404,55.55,39.5,4.7,179748.1475136,2.7,53.15846994535519,3.8955112021857925,2020,13300.0,32.51833740831296
430,TEXAS,MOORE,48341,14.680550546448089,40.739,-10.534,49.25,203.65,311.2737,1.184364344262295,32.9,41.25,2.15,182026.0014336,0.0,51.451106557377045,4.60901912568306,2020,44500.0,47.69560557341908
431,TEXAS,NAVARRO,48349,19.475273943054358,38.856842105263155,-2.1244736842105265,25.552631578947366,106.94736842105263,1284.9229210526316,0.7903913574920909,1.131578947368421,81.13157894736842,13.5,150385.42623865264,6.026315789473684,71.92740868564854,4.055397397181478,2020,25300.0,34.80055020632737
432,TEXAS,NOLAN,48353,18.15475956284153,41.3565,-10.131499999999999,52.4,136.4,491.03885,1.2274,29.9,43.65,5.1,176540.8576896,2.15,55.38207650273224,4.2425852459016395,2020,11800.0,18.88
433,TEXAS,NUECES,48355,23.168825136612025,37.086666666666666,1.24125,41.666666666666664,51.0,799.3792083333333,0.8168066939890711,0.0,78.54166666666667,8.291666666666666,163797.22877760002,1.875,74.98637295081967,6.715283128415301,2020,294600.0,281.37535816618913
434,TEXAS,OCHILTREE,48357,14.565890710382513,41.3305,-12.248999999999999,42.85,203.0,405.23785,1.0881621584699455,24.15,52.05,3.5,175530.8792736,1.1,55.523825136612025,4.846832786885246,2020,41000.0,56.629834254143645
435,TEXAS,PARMER,48369,14.841012295081967,40.463499999999996,-10.8385,37.8,208.25,216.34199999999998,1.2509172131147541,32.65,38.25,0.2,187047.62904960001,0.5499999999999999,48.47263661202186,4.589446584699454,2020,34000.0,46.25850340136054
436,TEXAS,REAGAN,48383,19.081948998178504,42.16466666666667,-7.418,82.43333333333334,133.8,288.3247,1.4496849726775956,58.43333333333333,35.166666666666664,2.333333333333333,186148.3761216,2.3666666666666667,51.41258652094718,4.436015118397085,2020,15200.0,25.418060200668897
437,TEXAS,REFUGIO,48391,22.96869054847197,37.86,0.43925925925925924,40.74074074074074,57.629629629629626,803.6937407407407,0.7999642784861364,0.1111111111111111,90.5925925925926,7.37037037037037,159260.25061760002,1.8148148148148147,75.45903663226068,6.521141671726371,2020,102400.0,97.70992366412214
438,TEXAS,ROBERTSON,48395,20.265853423336548,39.60588235294117,-2.874705882352941,49.23529411764706,97.88235294117646,881.5559411764706,0.8373621022179364,0.7352941176470589,87.11764705882354,8.294117647058824,149452.66433054119,4.588235294117647,72.04553198328512,4.020180649308904,2020,36400.0,27.492447129909365
439,TEXAS,RUNNELS,48399,18.82917486338798,41.72,-6.805599999999999,70.72,137.64,493.46416,1.2467230601092896,29.919999999999998,43.76,4.72,173045.68272,2.48,57.20246994535519,3.525625792349727,2020,32000.0,96.96969696969697
440,TEXAS,SAN PATRICIO,48409,23.030661947342274,36.80227272727273,0.6,34.54545454545455,54.81818181818182,826.3274090909091,0.7845953800298062,0.0,82.95454545454545,8.090909090909092,162721.40641396365,2.090909090909091,75.7810481867859,6.573959885742673,2020,249200.0,232.24603914259086
441,TEXAS,STONEWALL,48433,18.298237704918034,44.621500000000005,-12.8465,80.1,155.25,552.31225,1.3078293715846994,44.35,48.45,4.9,176445.1908576,3.05,55.36868852459016,3.869826092896175,2020,1300.0,8.49673202614379
442,TEXAS,SWISHER,48437,15.338319672131147,41.418,-11.250499999999999,40.9,198.4,255.6192,1.1971591530054646,27.9,37.15,1.05,182661.9494976,0.1,52.17475409836065,4.576356284153006,2020,49000.0,82.91032148900169
443,TEXAS,TAYLOR,48441,18.53838387978142,41.4125,-7.6659999999999995,57.0,135.15,555.9377999999999,1.2320583333333335,28.55,48.65,5.55,173267.3975616,3.25,56.07102459016393,4.1242919398907105,2020,8380.0,19.264367816091955
444,TEXAS,TERRY,48445,16.412378415300548,42.661500000000004,-10.5855,62.35,194.5,188.60835,1.344377049180328,41.6,29.0,1.3,187933.86840960002,0.85,49.56886612021859,4.218289754098361,2020,67000.0,162.227602905569
445,TEXAS,TOM GREEN,48451,19.055860934537748,41.85204081632653,-6.225102040816326,74.89795918367346,134.28571428571428,411.53530612244896,1.3032210326753653,37.285714285714285,37.38775510204081,4.673469387755102,177537.42619964082,2.4081632653061225,55.63039478086316,3.7265379725660757,2020,81000.0,112.65646731571627
446,TEXAS,TRAVIS,48453,20.559700786352124,39.99292682926829,-2.7243902439024392,52.78048780487805,97.07317073170732,901.2424146341464,0.9451288151406104,6.878048780487805,78.4390243902439,8.682926829268293,155797.02304296585,4.219512195121951,68.79772757563642,3.0815429161668666,2020,2100.0,3.7102473498233217
447,TEXAS,UVALDE,48463,21.12653395784543,41.307428571428574,-3.985142857142857,70.85714285714286,87.4,480.0487142857143,1.1877874316939891,13.342857142857142,60.48571428571429,4.6,161974.54159817143,1.7714285714285714,61.13698672911788,3.0455004683840747,2020,50300.0,28.957973517559008
448,TEXAS,VICTORIA,48469,22.51916956449743,38.92272727272727,-1.2121212121212122,57.121212121212125,70.21212121212122,852.5853333333333,0.8713290279847656,0.12121212121212122,94.87878787878788,6.848484848484849,156273.78507578184,1.1818181818181819,73.37593972512006,6.016780013247226,2020,42500.0,43.545081967213115
449,TEXAS,WHARTON,48481,21.60033606557377,36.398,-1.07925,18.35,73.5,1216.043625,0.7267250683060109,0.0,99.325,12.125,151510.4526096,1.8499999999999999,76.22412568306011,5.8213599726775955,2020,145000.0,143.99205561072492
450,TEXAS,WHEELER,48483,15.468525956284152,43.4675,-9.472,41.75,193.7,419.2125,1.0391486338797813,16.9,52.15,3.1,174123.0867456,1.2,58.909316939890715,4.487152732240437,2020,11200.0,17.77777777777778
451,TEXAS,WICHITA,48485,17.794653916211292,41.766,-10.506666666666666,51.666666666666664,150.93333333333334,853.7754,1.0092380692167577,12.666666666666666,62.733333333333334,9.266666666666667,165047.4219456,6.0,63.81903460837887,3.954738069216758,2020,13300.0,23.130434782608695
452,TEXAS,WILBARGER,48487,17.760782891971417,42.00884615384616,-11.60153846153846,58.30769230769231,156.73076923076923,759.1035384615384,1.0845700924758301,18.692307692307693,59.46153846153846,8.884615384615385,168106.21759606156,4.1923076923076925,60.9838062211013,4.089490542244641,2020,29400.0,60.869565217391305
453,TEXAS,WILLACY,48489,23.941263661202186,38.42166666666667,1.8758333333333332,45.666666666666664,40.75,688.4125,0.8891693989071038,0.0,59.333333333333336,6.333333333333333,167495.2387776,1.6666666666666667,73.81138433515483,7.214760701275045,2020,4540.0,6.476462196861626
454,TEXAS,WILLIAMSON,48491,20.21890189955764,39.50404761904762,-3.694523809523809,48.833333333333336,100.88095238095238,794.3189285714286,0.9249064532916992,5.071428571428571,77.57142857142857,7.309523809523809,155110.92876617145,3.4761904761904763,68.920914650013,3.3968199323445223,2020,14700.0,25.0
455,TEXAS,YOAKUM,48501,16.15895150273224,41.911875,-10.664375,64.4375,202.9375,175.6600625,1.3980954576502733,51.25,26.5,1.1875,191337.9496776,0.5,46.67067964480874,4.299698087431694,2020,28900.0,70.48780487804878
456,TEXAS,ZAVALA,48507,22.363400663544105,42.58,-2.802142857142857,100.03571428571429,80.64285714285714,334.04224999999997,1.3167242388758782,23.571428571428573,47.464285714285715,2.392857142857143,167216.4492233143,0.6428571428571428,60.4690768930523,3.2327041373926617,2020,18100.0,13.269794721407624
457,ARKANSAS,ASHLEY,05003,18.04452739726027,36.269,-13.839500000000001,6.8,126.65,1029.8991,0.6440401369863014,0.0,84.1,9.1,170007.5095776,5.0,74.19753424657534,4.981822328767124,2021,42800.0,37.51095530236635
458,ARKANSAS,CHICOT,05017,18.182122374429223,35.81933333333333,-13.76,3.666666666666667,123.8,1075.1814666666667,0.6390710502283105,0.0,84.86666666666666,11.4,173036.5744896,4.4,74.58779908675798,5.579784657534247,2021,40500.0,34.585824081981215
459,ARKANSAS,CLAY,05021,15.595010273972603,34.99625,-20.080000000000002,1.3125,163.0,1245.6764375,0.5521489726027398,0.0,89.4375,16.25,166195.98221760002,7.625,74.70744863013698,4.842615239726027,2021,84100.0,64.79198767334361
460,ARKANSAS,CRAIGHEAD,05031,16.034561643835616,37.03875,-19.699375,5.8125,158.875,1007.4540625,0.6129672945205479,0.0,83.25,10.5625,168031.2116376,5.9375,73.28945205479452,5.313043664383562,2021,209700.0,157.55071374906086
461,ARKANSAS,CRITTENDEN,05035,16.869259028642592,35.198181818181816,-18.648636363636363,3.5,140.45454545454547,1172.7018636363637,0.6284447073474471,0.0,90.18181818181819,13.045454545454545,165296.3832576,4.090909090909091,73.44625155666252,5.251587297633873,2021,28700.0,23.54388843314192
462,ARKANSAS,DESHA,05041,17.80539908675799,35.92066666666666,-14.844666666666667,6.333333333333333,127.96666666666667,1179.322,0.6569524200913242,0.0,86.3,11.733333333333333,170934.7349376,4.233333333333333,73.64824657534247,5.434085844748859,2021,72000.0,55.42725173210162
463,ARKANSAS,DREW,05043,17.833547945205478,37.0965,-16.2895,12.6,128.6,1084.05555,0.6709913698630137,0.0,86.7,12.05,169389.5210496,4.85,73.16339726027397,4.871316712328767,2021,25600.0,19.631901840490798
464,ARKANSAS,JEFFERSON,05069,17.449221135029354,36.70464285714286,-19.857142857142858,14.642857142857142,135.92857142857142,1038.9121071428572,0.7265545988258317,0.0,78.14285714285714,12.5,169029.56340617145,4.178571428571429,70.82745596868884,5.073988160469667,2021,24600.0,21.243523316062177
465,ARKANSAS,LEE,05077,16.70721917808219,35.121428571428574,-17.263571428571428,2.7142857142857144,142.5,1206.5374285714286,0.5534800391389432,0.0,87.14285714285714,13.5,168528.34312045714,3.571428571428571,76.65285714285714,5.346637181996086,2021,95900.0,79.1907514450867
466,ARKANSAS,LINCOLN,05079,17.653497064579255,36.49785714285714,-18.229285714285716,13.857142857142858,130.57142857142858,1117.5817857142856,0.7145373776908023,0.0,82.64285714285714,12.428571428571429,170468.6371776,4.428571428571429,71.41467710371819,5.131955577299413,2021,59200.0,46.46781789638933
467,ARKANSAS,MISSISSIPPI,05093,16.536557666813966,35.645806451612906,-19.261935483870968,4.548387096774193,147.32258064516128,944.5628709677419,0.6566714980114892,0.0,89.03225806451613,7.903225806451613,164708.42568340647,7.870967741935484,71.70061864781265,5.218717366327883,2021,255500.0,201.1811023622047
468,ARKANSAS,MONROE,05095,16.835374429223744,35.505,-17.538333333333334,5.708333333333333,143.04166666666666,1087.0547916666667,0.5939688356164383,0.0,82.08333333333333,10.666666666666666,168026.1005376,5.125,75.53342465753425,5.474090410958904,2021,29900.0,25.84269662921348
469,ARKANSAS,PHILLIPS,05107,17.061562948467056,35.287619047619046,-16.01238095238095,2.761904761904762,138.23809523809524,1239.2307142857142,0.5654133072407045,0.0,82.09523809523809,13.476190476190476,170446.13182902857,4.285714285714286,76.68202217873451,5.3518956294846705,2021,75300.0,63.54430379746835
470,ARKANSAS,POINSETT,05111,16.412686643835617,36.45,-19.465625,7.5,152.0625,913.5175625,0.6509835616438356,0.0,85.0,8.375,166434.08333760002,5.5,72.3480993150685,5.49137602739726,2021,59600.0,47.301587301587304
471,CALIFORNIA,FRESNO,06019,13.901934562697576,37.81284615384615,-5.783807692307692,52.72692307692308,214.23076923076923,447.9193307692308,1.241602139093783,55.73076923076923,30.338461538461537,5.292307692307692,216576.33410769232,4.0,45.75882929399368,2.6915966807165437,2021,5500.0,2.8541774779449924
472,CALIFORNIA,KINGS,06031,18.190744023636853,43.37803921568627,-0.9133333333333333,91.17647058823529,181.45098039215685,171.89425490196078,1.5071773301101261,80.43137254901961,21.176470588235293,1.2352941176470589,217416.37589195295,2.058823529411765,50.07942519473542,2.9871862476497446,2021,29100.0,13.752362948960302
473,CALIFORNIA,MERCED,06047,17.145066536203522,42.19297619047619,-0.8198809523809525,66.94047619047619,181.23809523809524,269.25925,1.2634066210045662,42.57142857142857,24.19047619047619,3.3095238095238098,213117.80540502857,2.0357142857142856,54.14694390084801,3.7202469341161124,2021,9800.0,5.52112676056338
474,CALIFORNIA,TULARE,06107,13.164250866479616,35.34506024096385,-6.9634939759036145,40.674698795180724,221.9578313253012,372.094734939759,1.1691525334213568,43.403614457831324,28.813253012048193,4.403614457831325,217473.42564988916,3.0843373493975905,44.486060406007596,2.311562716619904,2021,14300.0,8.542413381123058
475,KANSAS,PRATT,20151,14.2018100456621,39.571333333333335,-24.728,36.333333333333336,198.73333333333332,512.8468,0.8671881278538812,9.4,47.4,5.533333333333333,181660.5369216,1.2000000000000002,61.6083105022831,4.726254246575342,2021,31400.0,36.469221835075494
476,KANSAS,SUMNER,20191,14.87645205479452,39.02214285714285,-27.502857142857145,33.67857142857143,190.39285714285714,629.02775,0.8015635029354208,1.7857142857142858,53.42857142857143,6.25,172143.3604690286,0.7142857142857142,64.87353228962819,4.232312720156556,2021,61200.0,72.51184834123222
477,TEXAS,ATASCOSA,48013,21.832454337899545,37.81361111111111,-10.321944444444446,46.30555555555556,72.72222222222223,719.0531388888888,0.9467130136986301,0.7777777777777778,53.30555555555556,8.722222222222221,178580.7250176,1.1388888888888888,69.46435312024353,3.8619280821917807,2021,7000.0,6.311992786293959
478,TEXAS,AUSTIN,48015,20.735277397260276,35.574999999999996,-11.930833333333332,11.625,84.875,1130.0415833333334,0.6739125570776255,0.0,82.33333333333333,13.541666666666666,159563.9293776,3.3333333333333335,76.28254566210046,4.672415525114155,2021,6200.0,5.102880658436214
479,TEXAS,BAILEY,48017,14.860828767123289,39.6845,-21.634999999999998,15.6,200.4,328.11255,1.064049589041096,10.15,33.2,2.65,203702.5678176,0.3,51.251520547945205,4.3627138356164386,2021,63500.0,107.99319727891157
480,TEXAS,BEE,48025,21.83579584622183,35.9483870967742,-9.692580645161291,18.483870967741936,61.645161290322584,920.8070967741935,0.7066794520547945,0.0,66.41935483870968,10.774193548387096,166799.2942563097,2.3225806451612905,76.40007070260715,5.3260659301811755,2021,34300.0,31.46788990825688
481,TEXAS,BELL,48027,19.513912711054477,37.20209302325581,-16.623488372093025,24.162790697674417,104.5813953488372,666.0891627906976,0.7948306467027715,0.023255813953488372,65.18604651162791,6.813953488372093,168023.46021387907,5.395348837209302,70.97710098757565,3.4544231920993944,2021,8100.0,7.956777996070727
482,TEXAS,BORDEN,48033,17.38501095890411,38.8555,-19.377000000000002,35.35,160.15,352.3383,1.1301120547945205,5.1499999999999995,36.35,3.3,197666.81631360002,0.75,54.69212328767123,3.892124520547945,2021,40600.0,85.29411764705883
483,TEXAS,BRAZOS,48041,20.226492096944153,36.47692307692308,-15.518461538461539,23.423076923076923,95.61538461538461,879.0211153846154,0.7379146469968387,0.0,80.03846153846153,9.153846153846153,161773.04642067692,4.384615384615384,73.75175974710221,4.250211485774499,2021,19000.0,18.962075848303392
484,TEXAS,BRISCOE,48045,16.018194520547944,38.5815,-21.467,30.3,181.6,377.96075,1.0807824657534246,10.0,41.2,3.65,196383.2345856,0.0,53.491191780821914,4.1343035616438355,2021,34000.0,53.54330708661417
485,TEXAS,BURLESON,48051,20.33368378995434,36.846666666666664,-15.027500000000002,26.75,95.20833333333333,914.014375,0.7547907534246575,0.0,77.83333333333333,9.75,159166.6499376,4.125,73.33623287671233,4.094578310502283,2021,19000.0,22.511848341232227
486,TEXAS,CALDWELL,48055,20.62009315068493,36.890499999999996,-13.16,25.8,91.85,993.67435,0.791285205479452,0.0,76.35,10.85,161427.7645056,5.15,72.43224657534246,3.542756301369863,2021,6200.0,8.125819134993447
487,TEXAS,CALHOUN,48057,21.936785102739726,33.7196875,-8.2478125,2.96875,40.375,1320.15540625,0.6342647260273973,0.0,71.9375,13.6875,163517.4806976,3.4375,78.01982876712329,6.681424571917809,2021,43000.0,41.030534351145036
488,TEXAS,CAMERON,48061,23.456935041979673,34.86419354838709,-4.480322580645161,17.741935483870968,32.516129032258064,704.7737419354838,0.7410288113124172,0.0,50.29032258064516,8.032258064516128,171655.53362663227,2.0,77.80754750331418,6.883238356164384,2021,75000.0,98.16753926701571
489,TEXAS,CARSON,48065,14.8753,38.862,-25.072499999999998,24.1,191.45,315.86935,1.0243539726027397,11.35,34.6,2.6,194782.9277376,0.1,54.08413698630137,4.986708219178082,2021,90000.0,110.83743842364532
490,TEXAS,CASTRO,48069,14.445453424657535,39.3505,-21.788,14.1,202.25,322.7325,0.9826782191780822,8.0,38.1,2.1,200636.1290016,0.0,54.14882191780822,4.509695479452055,2021,31700.0,44.15041782729805
491,TEXAS,CHILDRESS,48075,16.989962328767124,38.610625,-19.173125,51.25,174.375,348.4205625,1.0979626712328767,11.625,39.375,2.9375,194400.53483760002,0.0,56.22957191780822,3.9260388698630138,2021,43100.0,100.23255813953489
492,TEXAS,COCHRAN,48079,15.324167808219178,40.086875,-20.910625,16.0625,194.875,354.06325,1.093427910958904,10.375,36.6875,2.75,205818.68417760002,0.9375,51.10369863013698,4.399623287671233,2021,71300.0,133.2710280373832
493,TEXAS,COLEMAN,48083,18.325407436399217,37.818285714285715,-16.82542857142857,28.942857142857143,131.8,459.79054285714284,0.9814435225048924,1.8285714285714285,44.05714285714286,4.114285714285714,185685.54354102857,1.1714285714285715,62.61803522504893,3.455212759295499,2021,6400.0,13.973799126637555
494,TEXAS,COLLINGSWORTH,48087,16.05198904109589,37.796499999999995,-21.5145,38.85,182.45,406.11595,0.9947209589041096,6.35,40.35,4.05,193728.2222016,0.0,57.54419178082192,4.054547808219178,2021,98100.0,134.93810178817057
495,TEXAS,CONCHO,48095,18.517059726027398,37.494,-16.702,26.36,126.36,443.28568,0.9845182465753424,1.8,42.36,3.8400000000000003,187732.38620160002,1.44,62.873183561643835,3.6532177534246575,2021,40000.0,71.68458781362007
496,TEXAS,COTTLE,48101,17.261475342465754,38.9005,-19.434,47.25,166.9,386.0885,1.0915423287671233,8.0,39.0,2.95,193969.8220896,0.2,56.57623287671233,4.055522465753424,2021,14800.0,47.43589743589744
497,TEXAS,CROSBY,48107,16.44060821917808,39.456,-20.278,20.35,171.8,304.1297,1.07419,4.7,34.65,2.9,199830.54144960002,0.35,54.05019178082192,4.257080684931507,2021,294000.0,430.4538799414348
498,TEXAS,DAWSON,48115,16.91771917808219,41.1755,-18.957,26.5,166.25,291.57465,1.1230782191780821,8.25,32.6,2.5,202955.5473696,0.0,53.803999999999995,4.0017160273972605,2021,355400.0,602.3728813559322
499,TEXAS,DEAF SMITH,48117,14.261684931506851,39.75666666666667,-23.81361111111111,19.25,205.19444444444446,288.09294444444447,1.0298851598173515,12.36111111111111,34.833333333333336,2.5,200974.6325376,0.0,51.99853881278539,4.7611096651445965,2021,25200.0,30.215827338129497
500,TEXAS,DICKENS,48125,17.016883561643837,37.6495,-20.054499999999997,27.0,160.9,391.5496,1.086283698630137,2.6,42.25,3.65,196640.0793216,0.15,54.72806849315068,4.183132876712329,2021,33500.0,70.3781512605042
501,TEXAS,DONLEY,48129,15.665758904109591,37.723,-22.485999999999997,26.05,185.45,365.11705,1.018527397260274,5.9,40.2,2.6,194662.4874336,0.3,55.07432876712329,4.156973561643836,2021,21000.0,26.054590570719604
502,TEXAS,EASTLAND,48133,18.338641728134878,38.012307692307694,-19.185384615384613,27.653846153846153,128.96153846153845,496.6222307692308,0.9935847207586934,3.0769230769230766,47.76923076923077,4.1923076923076925,180413.6015099077,1.8461538461538463,62.45779768177028,3.8688530031612225,2021,3500.0,5.079825834542816
503,TEXAS,ELLIS,48139,19.087647488584476,36.781,-17.540666666666667,21.4,109.23333333333333,765.3184666666666,0.7850632876712328,0.0,67.03333333333333,7.566666666666666,166644.50492160002,2.0,70.50910502283105,3.706139817351598,2021,10800.0,11.065573770491802
504,TEXAS,FISHER,48151,18.15549589041096,39.4705,-19.657,46.25,144.7,326.0,1.149477808219178,7.35,35.15,2.6,192985.92092160002,0.6,55.92747945205479,4.066712328767123,2021,62100.0,200.32258064516128
505,TEXAS,FLOYD,48153,15.534440547945207,39.236,-21.446399999999997,17.28,184.84,333.4924,1.012419397260274,4.5600000000000005,35.32,3.2800000000000002,198831.1580928,0.04,55.00584109589042,4.507961095890411,2021,292200.0,369.4058154235145
506,TEXAS,FORT BEND,48157,21.210261599646486,35.08032258064516,-10.36741935483871,9.548387096774194,72.03225806451613,1282.670935483871,0.6712178524083076,0.0,88.38709677419355,15.129032258064516,153016.11630534194,3.096774193548387,76.72030932390632,5.400882633672117,2021,52100.0,69.37416777629826
507,TEXAS,FRIO,48163,22.132739726027395,38.25,-10.142083333333334,76.41666666666667,73.375,501.72641666666664,1.1461812785388128,1.3333333333333333,41.458333333333336,6.0,185267.55677760002,0.7916666666666666,64.27683789954338,3.452382876712329,2021,15700.0,12.208398133748055
508,TEXAS,GAINES,48165,16.525572298325724,41.718611111111116,-18.774722222222223,27.61111111111111,177.77777777777777,236.5582222222222,1.165761111111111,11.833333333333334,26.805555555555557,1.9444444444444444,205246.43021760002,0.1111111111111111,51.726263318112636,3.9230303652968037,2021,368100.0,587.0813397129186
509,TEXAS,GARZA,48169,17.421498630136984,38.891000000000005,-19.09,34.05,158.7,390.18545,1.1481784931506849,5.5,36.9,3.35,198185.0854176,0.0,53.53590410958904,3.9641197260273975,2021,66200.0,93.37094499294781
510,TEXAS,GLASSCOCK,48173,17.678998630136984,38.074,-19.6815,27.7,146.2,329.8194,1.1171027397260274,5.75,32.45,2.95,201226.6643616,0.7000000000000001,55.89667123287671,4.2323994520547945,2021,164300.0,217.6158940397351
511,TEXAS,GRAY,48179,14.90123698630137,37.372,-23.735,15.7,191.35,395.8032,0.9543945205479452,6.05,37.4,4.05,193137.80952960002,0.25,56.40605479452054,4.748500547945206,2021,34300.0,45.43046357615894
512,TEXAS,HALE,48189,15.073539726027397,39.0212,-20.8604,15.88,194.08,319.48856,0.9908853698630137,5.32,35.28,2.96,200809.63791360002,0.0,54.977183561643834,4.301884383561644,2021,260000.0,372.4928366762178
513,TEXAS,HALL,48191,16.846004109589042,38.6595,-19.481,47.15,176.7,359.42314999999996,1.1313776712328767,13.450000000000001,40.25,2.9,195049.52487360002,0.05,54.08201369863014,3.7370949315068493,2021,95000.0,155.22875816993465
514,TEXAS,HANSFORD,48195,14.49197397260274,40.1215,-25.4085,36.65,198.7,317.61335,1.0542020547945206,15.65,38.25,3.0,196156.26783360002,0.8,53.09671232876712,4.884825890410959,2021,63000.0,71.67235494880546
515,TEXAS,HARDEMAN,48197,17.44597390737117,39.04857142857143,-19.678571428571427,52.95238095238095,163.57142857142858,354.51957142857145,1.084783039791259,7.857142857142857,39.38095238095238,2.8095238095238093,189814.7950518857,0.7142857142857142,57.45333333333333,4.169077495107632,2021,23800.0,27.90152403282532
516,TEXAS,HARTLEY,48205,13.883060882800608,40.150555555555556,-25.084166666666665,27.52777777777778,211.22222222222223,261.07716666666664,1.0602896499238965,15.916666666666666,33.19444444444444,1.5,201820.2086976,0.05555555555555555,50.47872907153729,4.447467351598173,2021,38600.0,52.94924554183813
517,TEXAS,HASKELL,48207,17.986345205479452,40.147,-19.6155,45.6,147.15,473.5035,1.071588493150685,5.35,42.3,4.8,193701.0334176,1.7,58.95193150684932,3.893634794520548,2021,63100.0,158.1453634085213
518,TEXAS,HIDALGO,48215,23.3983033992897,38.035,-5.3261111111111115,49.148148148148145,42.48148148148148,759.4042222222222,0.8939619482496194,0.0,44.05555555555556,9.185185185185185,184430.7819776,2.5555555555555554,73.77837138508372,5.808522831050228,2021,62700.0,65.44885177453027
519,TEXAS,HILL,48217,19.108019569471626,36.978857142857144,-17.49,23.37142857142857,110.6,702.4737142857143,0.787478277886497,0.0,64.02857142857142,6.6,169838.05060388573,2.4857142857142858,70.5881095890411,3.6160780430528376,2021,28600.0,26.654240447343895
520,TEXAS,HOCKLEY,48219,15.669173972602739,40.6985,-19.7435,17.75,188.45,329.4112,1.0845609589041096,8.5,35.15,2.75,204720.5019456,0.0,52.43472602739726,4.341997945205479,2021,307800.0,512.1464226289518
521,TEXAS,HOWARD,48227,17.62730684931507,38.229,-19.871000000000002,33.2,152.65,425.1955,1.12806301369863,6.0,35.5,4.05,199055.4215616,0.8,55.38175342465753,3.9824893150684932,2021,127400.0,268.7763713080169
522,TEXAS,HUTCHINSON,48233,15.16300410958904,40.4215,-24.332,37.8,193.65,340.00105,1.0876609589041095,16.4,40.3,2.8,195589.6670016,0.25,52.48561643835617,4.575002191780822,2021,20500.0,29.160739687055475
523,TEXAS,JACKSON,48239,21.433478473581214,36.066785714285714,-9.885000000000002,12.821428571428571,69.75,1361.4985,0.7238381604696673,0.0,74.57142857142857,14.142857142857142,160376.87278902857,3.0,75.43046966731897,5.969289432485323,2021,61000.0,79.84293193717278
524,TEXAS,JIM WELLS,48249,22.706301369863013,37.98608695652174,-8.194347826086956,52.869565217391305,53.0,646.4135652173914,0.8778177486599167,0.0,52.73913043478261,7.3478260869565215,178501.31110455655,1.5217391304347827,73.08678975580703,5.560142465753425,2021,23000.0,26.869158878504674
525,TEXAS,JONES,48253,18.260957534246575,39.952999999999996,-18.6535,46.85,140.5,423.8505,1.1115393150684931,8.1,41.55,3.5,190794.5313696,1.2,58.02402739726028,3.948526301369863,2021,61200.0,147.82608695652175
526,TEXAS,KLEBERG,48273,22.827557183816502,35.16232558139535,-7.118372093023255,24.627906976744185,40.97674418604651,774.6317441860465,0.7146739088881808,0.0,53.581395348837205,8.465116279069768,173502.30443341396,1.8604651162790697,77.38640331315706,6.659714112774769,2021,60900.0,76.22027534418022
527,TEXAS,KNOX,48275,18.015290410958904,40.052499999999995,-19.3435,56.0,152.3,485.91825,1.116381506849315,11.799999999999999,43.2,4.3,192306.69077760002,0.6,57.5221506849315,3.9971605479452057,2021,27500.0,32.69916765755053
528,TEXAS,LAMB,48279,15.003092602739727,39.74,-21.2656,16.56,197.0,304.67628,1.0342763835616438,9.08,35.12,2.2399999999999998,202972.5108864,0.0,53.145435616438355,4.296607561643836,2021,153700.0,262.7350427350427
529,TEXAS,LUBBOCK,48303,16.005879452054792,41.259,-20.069,20.55,180.9,277.5775,1.0796331506849315,6.0,36.5,2.1,201614.4552096,0.0,53.43372602739726,4.264711506849315,2021,400900.0,501.125
530,TEXAS,LYNN,48305,16.294384931506848,41.0305,-19.4735,19.45,173.9,314.14625,1.0691631506849315,5.05,35.15,2.65,202531.9696416,0.0,54.34142465753424,4.212971095890411,2021,425200.0,702.8099173553719
531,TEXAS,MARTIN,48317,17.686802739726026,39.702,-18.31,35.15,154.9,303.07625,1.191834109589041,9.9,30.65,2.4,200781.5052096,0.4,53.019027397260274,4.000914109589041,2021,160100.0,328.07377049180326
532,TEXAS,MATAGORDA,48321,21.52409220231823,33.535961538461535,-8.735961538461538,1.0961538461538463,53.26923076923077,1417.8095384615385,0.6204691780821918,0.0,75.36538461538461,16.057692307692307,162042.09469144617,3.153846153846154,78.1877502634352,6.426505110642783,2021,53500.0,76.86781609195403
533,TEXAS,MCCULLOCH,48307,18.65030904109589,38.3856,-16.2656,31.240000000000002,125.76,520.51796,0.9786267397260274,2.28,47.68,5.0,184349.28291840001,2.92,63.77116712328767,3.529026191780822,2021,11200.0,24.190064794816415
534,TEXAS,MCLENNAN,48309,19.373816237888406,37.03121951219512,-16.567560975609755,24.609756097560975,107.95121951219512,687.4532926829268,0.8026111593718678,0.0,65.39024390243902,6.658536585365854,169675.64586052683,3.975609756097561,70.34694286668895,3.6990173738723686,2021,18500.0,13.376717281272596
535,TEXAS,MEDINA,48325,20.654809741248098,36.553333333333335,-12.349722222222223,29.38888888888889,86.63888888888889,558.6765,0.9784350076103501,0.4444444444444444,49.30555555555556,5.583333333333333,178241.8649376,1.8055555555555556,66.02144596651446,2.8833111872146118,2021,30000.0,23.547880690737834
536,TEXAS,MIDLAND,48329,18.141379452054796,39.3445,-19.1895,36.5,141.5,280.263,1.2282631506849315,11.1,29.25,2.5,203839.7049216,0.15000000000000002,52.53898630136986,4.22135698630137,2021,22700.0,46.900826446280995
537,TEXAS,MILAM,48331,19.985138428262438,37.50157894736842,-16.88078947368421,33.13157894736842,98.78947368421052,772.9961842105263,0.796066258111031,0.0,69.42105263157895,8.868421052631579,162148.18507654738,4.7368421052631575,71.85821196827686,3.7746235039653926,2021,18800.0,18.076923076923077
538,TEXAS,MITCHELL,48335,18.107364383561645,38.832,-19.923,45.7,145.7,434.0512,1.154288493150685,7.5,36.35,4.4,196056.36048960002,0.5,55.88308219178082,3.889690684931507,2021,37800.0,97.92746113989638
539,TEXAS,MOORE,48341,14.357708219178082,40.313,-25.2445,30.4,201.2,309.4825,1.0488597260273973,14.25,37.3,2.25,199080.19157760002,0.3,52.06209589041096,4.610211780821918,2021,50000.0,52.083333333333336
540,TEXAS,MOTLEY,48345,16.897376438356165,37.9112,-19.898,31.16,165.4,384.20284,1.108619397260274,6.6000000000000005,38.28,3.52,196185.75494400001,0.24000000000000002,54.09583561643836,4.269884602739726,2021,19900.0,39.95983935742972
541,TEXAS,NAVARRO,48349,19.329507570295604,36.48026315789474,-17.91,19.42105263157895,105.15789473684211,761.1921578947369,0.7733545782263879,0.0,67.84210526315789,6.7368421052631575,167521.35355654737,3.4473684210526314,71.34823359769285,3.9689969718817593,2021,22000.0,26.666666666666668
542,TEXAS,NOLAN,48353,17.607494520547945,37.6125,-19.715,19.650000000000002,139.75,432.80740000000003,1.0303356164383561,3.4,40.05,3.55,192037.7595456,0.65,58.34183561643836,4.255168356164384,2021,66400.0,109.0311986863711
543,TEXAS,NUECES,48355,22.73801940639269,36.11666666666667,-8.110000000000001,22.583333333333332,46.875,714.3099166666667,0.7209188356164384,0.0,57.583333333333336,7.375,171358.78001760002,2.5,77.25748858447488,6.421891095890411,2021,273100.0,265.92015579357354
544,TEXAS,OCHILTREE,48357,14.432597260273972,38.677,-25.368000000000002,32.4,198.1,344.0855,1.001358082191781,10.8,37.35,3.5,194065.7450976,0.4,55.11095890410959,4.821906438356164,2021,48000.0,55.81395348837209
545,TEXAS,OLDHAM,48359,14.842547945205478,41.18222222222222,-24.066388888888888,30.88888888888889,196.86111111111111,278.63783333333333,1.130061415525114,19.22222222222222,36.0,1.6944444444444444,201149.9398176,0.027777777777777776,49.55764079147641,4.497946651445966,2021,4240.0,6.583850931677019
546,TEXAS,PARMER,48369,14.18960684931507,39.599000000000004,-23.807499999999997,15.0,206.9,321.42605,1.001421917808219,9.55,33.85,2.35,203307.9742656,0.0,52.35319178082192,4.4864863013698635,2021,53400.0,62.31038506417736
547,TEXAS,RANDALL,48381,14.6659,39.409,-23.963,19.5,198.5,305.841,1.0210082191780823,10.55,39.8,2.0500000000000003,197229.7135296,0.0,53.546863013698626,4.675819452054794,2021,10600.0,17.014446227929373
548,TEXAS,REAGAN,48383,18.017919634703198,38.02966666666667,-18.412666666666667,25.566666666666666,138.9,281.4857,1.1168534246575343,7.166666666666666,37.766666666666666,1.7666666666666666,200488.94069760002,1.8666666666666667,56.95710502283105,4.234030502283105,2021,72100.0,92.67352185089975
549,TEXAS,REFUGIO,48391,21.76160933536276,34.70481481481482,-9.576296296296297,4.296296296296296,54.96296296296296,1188.7091481481482,0.5993069507864028,0.0,68.44444444444444,12.62962962962963,160594.03285760002,3.4814814814814814,79.41932014205986,6.196722780314561,2021,78000.0,92.9678188319428
550,TEXAS,ROBERTSON,48395,20.008278807413376,37.06205882352941,-17.99529411764706,27.176470588235293,98.67647058823529,823.4879117647059,0.8105174858984691,0.0,72.55882352941177,8.705882352941176,162468.01369524706,4.4411764705882355,70.95858984689767,3.8537604351329575,2021,28000.0,27.695351137487638
551,TEXAS,RUNNELS,48399,18.30065424657534,38.0548,-17.779600000000002,33.160000000000004,134.6,441.95648,1.0343208767123289,3.4000000000000004,43.04,4.04,188718.182208,1.44,60.56770410958904,3.528047123287671,2021,91900.0,150.65573770491804
552,TEXAS,SAN PATRICIO,48409,22.171306351183063,35.017272727272726,-8.795454545454545,8.727272727272727,51.5,851.5520909090909,0.607213200498132,0.0,64.18181818181819,9.772727272727273,168772.9967266909,3.227272727272727,79.91540473225405,6.301743586550436,2021,225000.0,209.49720670391062
553,TEXAS,SCHLEICHER,48413,18.1099533231862,36.400740740740744,-17.695185185185185,13.074074074074074,132.7037037037037,304.2022592592593,0.9632845256215119,1.4814814814814814,38.59259259259259,2.0,189272.18581760002,0.7777777777777777,62.79692541856926,3.9566382546930488,2021,11500.0,21.863117870722434
554,TEXAS,SCURRY,48415,17.49796301369863,38.615,-19.658499999999997,32.5,151.7,387.9279,1.0864271232876712,3.7,38.4,3.65,195839.89824960002,0.7,56.42558904109589,4.123269726027397,2021,59800.0,148.01980198019803
555,TEXAS,SHERMAN,48421,14.076936986301371,40.5105,-26.164499999999997,34.35,205.9,279.827,1.0595528767123288,16.5,34.85,2.2,199457.46452160002,0.75,51.946917808219176,4.795013698630137,2021,48300.0,53.726362625139046
556,TEXAS,STONEWALL,48433,18.066897260273972,40.0985,-19.8385,52.75,151.25,415.599,1.140747808219178,7.9,40.3,3.75,194835.7436256,0.5,56.2173698630137,3.8627200000000004,2021,8000.0,21.447721179624665
557,TEXAS,SWISHER,48437,14.810368493150683,37.977,-22.425,15.55,196.9,319.9951,0.9880539726027397,4.95,40.5,2.6,197941.1168736,0.0,54.88187671232876,4.510716027397261,2021,91300.0,159.3368237347295
558,TEXAS,TAYLOR,48441,17.949975342465752,37.97,-19.1305,25.7,132.0,413.06155,1.0380960273972604,4.15,40.55,3.6,188399.3674176,1.3,59.03056164383561,4.155290547945206,2021,25400.0,38.13813813813814
559,TEXAS,TERRY,48445,16.060816438356166,41.2645,-19.8005,20.7,184.55,315.69325,1.0969950684931506,8.0,34.3,2.35,204698.3377536,0.0,53.13708219178082,4.139156849315069,2021,294900.0,504.1025641025641
560,TEXAS,TOM GREEN,48451,18.424618395303327,37.55795918367347,-18.42204081632653,30.24489795918367,132.16326530612244,366.03591836734694,1.0574090578697233,4.755102040816326,38.51020408163265,2.9183673469387754,192394.4759988245,1.6122448979591837,60.115610847078564,3.7396897400055913,2021,155200.0,211.156462585034
561,TEXAS,UPTON,48461,18.37144200913242,39.208666666666666,-18.052,32.666666666666664,134.4,216.34386666666666,1.2121312328767124,10.166666666666666,30.46666666666667,1.3333333333333333,206839.03973760002,0.6666666666666666,53.711497716894975,4.202510593607306,2021,17300.0,29.98266897746967
562,TEXAS,UVALDE,48463,20.449158512720157,36.506,-11.732285714285714,24.65714285714286,83.48571428571428,411.05685714285715,0.962508336594912,0.19999999999999998,41.25714285714286,3.6857142857142855,180396.8348873143,1.9714285714285713,65.9195459882583,3.1193145205479453,2021,35000.0,27.494108405341713
563,TEXAS,VICTORIA,48469,21.46387795765878,36.59878787878788,-10.026060606060607,18.454545454545453,69.03030303030303,1263.9116666666666,0.7305935242839353,0.0,75.18181818181819,14.636363636363637,159391.86093032727,3.3636363636363638,75.29769198837693,5.827674802822748,2021,30000.0,44.18262150220913
564,TEXAS,WASHINGTON,48477,20.411068493150683,35.594,-13.637,9.8,89.15,1148.92555,0.6662543835616438,0.0,82.2,12.95,161247.47664960002,2.9,76.00245205479452,4.234428493150685,2021,700.0,0.9790209790209791
565,TEXAS,WHARTON,48481,20.9729698630137,35.117000000000004,-10.24375,5.8,74.4,1235.24115,0.6623768493150685,0.0,79.95,13.55,157319.7624576,3.0749999999999997,76.90779452054795,5.613299452054794,2021,107300.0,138.8098318240621
566,TEXAS,WHEELER,48483,15.327713698630136,37.349000000000004,-22.806,24.55,190.3,355.4733,0.9355012328767123,4.7,40.65,2.85,191888.5808736,0.0,58.13734246575343,4.425448493150685,2021,14400.0,22.929936305732483
567,TEXAS,WICHITA,48485,17.75266301369863,40.047333333333334,-20.373333333333335,43.0,147.73333333333332,472.2176666666667,0.9873457534246575,2.0,49.0,4.866666666666667,184511.01634560002,1.6666666666666665,61.92962557077625,4.066238173515982,2021,15100.0,27.305605786618443
568,TEXAS,WILBARGER,48487,17.741864067439412,39.42807692307693,-19.771538461538462,51.57692307692308,155.5,440.57053846153843,1.0524951527924131,5.153846153846153,46.0,4.115384615384615,187364.66195298464,1.6923076923076923,59.53457323498419,4.115425395152792,2021,35400.0,61.88811188811189
569,TEXAS,WILLACY,48489,23.211744292237444,36.34916666666667,-5.9175,26.25,39.583333333333336,681.0859166666667,0.7560205479452055,0.0,45.0,7.416666666666667,174753.13541760002,1.1666666666666665,77.24219178082193,6.64500296803653,2021,83300.0,100.0
570,TEXAS,WILLIAMSON,48491,19.759356816699285,37.35095238095238,-15.85404761904762,22.714285714285715,101.38095238095238,766.2283333333334,0.7968510763209393,0.0,64.83333333333333,9.023809523809524,164697.9898176,5.190476190476191,71.12958904109588,3.400242139595564,2021,18700.0,16.374781085814362
571,TEXAS,YOAKUM,48501,15.78614897260274,40.643750000000004,-20.055,19.875,189.6875,271.9590625,1.132629109589041,10.25,30.9375,2.1875,207052.60739760002,0.3125,51.18489726027397,4.225642465753425,2021,106600.0,213.2
572,TEXAS,YOUNG,48503,18.21254794520548,38.275,-19.9,31.25,132.0,529.535,0.9856576712328766,1.0,49.85,4.7,184769.5815936,1.85,62.32246575342466,3.8092305479452055,2021,700.0,2.356902356902357
573,ARKANSAS,ASHLEY,05003,17.89999589041096,37.069,-13.169999999999998,23.95,138.15,1138.0846999999999,0.7480132876712329,0.0,76.85,13.35,145922.2116768,18.1,69.47791780821917,5.026012876712329,2022,45200.0,44.79682854311199
574,ARKANSAS,CHICOT,05017,17.93019908675799,36.67333333333333,-13.012,15.933333333333334,133.93333333333334,1123.3622666666668,0.7375413698630138,0.0,78.93333333333334,13.466666666666667,146506.45970880002,17.46666666666667,69.95609132420091,5.587480913242009,2022,44700.0,44.38927507447865
575,ARKANSAS,CLAY,05021,15.34311301369863,36.949375,-18.84,17.25,169.125,1171.8613125,0.6505989726027397,0.0,76.75,14.8125,139900.6610928,22.1875,70.32256849315068,4.905726883561644,2022,105300.0,84.98789346246973
576,ARKANSAS,CRAIGHEAD,05031,15.680373287671234,37.24875,-18.34375,19.75,164.75,1064.3953125,0.6924256849315069,0.0,77.4375,13.875,141649.6006728,21.8125,69.36931506849315,5.392368321917808,2022,211800.0,168.36248012718602
577,ARKANSAS,CRITTENDEN,05035,16.569936488169365,37.143181818181816,-17.150909090909092,16.272727272727273,150.72727272727272,1051.6656363636364,0.7217435865504358,0.0,85.86363636363636,11.727272727272727,139591.45149643638,21.5,69.16261519302616,5.31255703611457,2022,54200.0,46.44387317909169
578,ARKANSAS,DESHA,05041,17.694686757990866,36.83866666666667,-14.063333333333333,21.7,137.16666666666666,1039.4792,0.776843196347032,0.0,79.96666666666667,12.666666666666666,144188.75004480002,17.866666666666667,68.5556712328767,5.440714063926941,2022,100500.0,80.20750199521149
579,ARKANSAS,DREW,05043,17.690712328767123,37.498000000000005,-13.849,25.7,138.05,1175.84585,0.7549169863013698,0.0,80.7,13.7,144625.7213568,18.05,68.96734246575343,4.866614246575343,2022,38000.0,28.744326777609682
580,ARKANSAS,JACKSON,05067,15.585857534246575,36.5225,-17.773500000000002,14.2,166.9,1095.7464,0.6530401369863014,0.0,79.05,14.2,141443.6603328,22.35,70.17171232876711,5.201667123287671,2022,13600.0,13.333333333333334
581,ARKANSAS,JEFFERSON,05069,17.392042074363992,37.31857142857143,-14.804285714285713,35.142857142857146,142.03571428571428,915.005,0.8095974559686889,0.0,78.89285714285714,10.571428571428571,142926.22786422857,18.071428571428573,67.06122309197652,5.031473776908023,2022,33500.0,27.30236348818256
582,ARKANSAS,LEE,05077,16.515551859099805,37.04357142857143,-16.14,17.57142857142857,155.07142857142858,1062.8609999999999,0.6615401174168297,0.0,80.64285714285714,13.785714285714285,141712.99474422858,19.928571428571427,72.03270058708415,5.43620156555773,2022,123800.0,102.31404958677686
583,ARKANSAS,LINCOLN,05079,17.597624266144816,37.02928571428571,-14.496428571428572,30.5,138.35714285714286,983.3282857142857,0.8030273972602741,0.0,79.64285714285714,11.928571428571429,144276.40992137144,18.785714285714285,67.35825831702545,5.082853228962818,2022,74400.0,61.03363412633306
584,ARKANSAS,MISSISSIPPI,05093,16.052398585947856,37.01774193548387,-17.9741935483871,15.387096774193548,158.7741935483871,1054.3177096774193,0.7166817498895272,0.0,85.70967741935483,11.548387096774194,138949.2862708645,22.451612903225808,68.46191780821917,5.2742798939460895,2022,267700.0,228.21824381926683
585,ARKANSAS,MONROE,05095,16.664535388127856,37.36,-15.550416666666665,25.625,155.16666666666666,989.352375,0.7055002283105023,0.0,76.375,13.041666666666666,141696.4703328,19.708333333333332,70.86660958904109,5.532235388127854,2022,36700.0,31.260647359454854
586,ARKANSAS,PHILLIPS,05107,16.96189562948467,36.79571428571429,-15.194761904761904,18.19047619047619,147.28571428571428,965.3365238095238,0.6864797129810829,0.0,78.71428571428571,11.666666666666666,142985.8870642286,19.428571428571427,71.78473581213308,5.427847619047619,2022,104000.0,87.46846089150547
587,ARKANSAS,POINSETT,05111,15.970065068493149,37.13,-17.985625,17.0625,161.75,990.814375,0.7172065068493151,0.0,80.875,11.3125,140836.3995528,22.0,68.6569006849315,5.563708732876712,2022,66700.0,53.105095541401276
588,ARKANSAS,PRAIRIE,05117,16.577256700416914,37.19913043478261,-15.699130434782608,24.869565217391305,155.52173913043478,981.7231304347827,0.7242936271590232,0.0,77.34782608695652,12.08695652173913,141564.38113627827,21.0,69.43922572960095,5.420758189398452,2022,9350.0,8.854166666666666
589,ARKANSAS,ST. FRANCIS,05123,16.413892237442923,37.51733333333333,-16.798,18.866666666666667,156.73333333333332,1034.0333333333333,0.7059870319634703,0.0,79.06666666666666,13.2,141602.3317728,20.066666666666666,69.98544292237443,5.4898,2022,82800.0,70.22900763358778
590,CALIFORNIA,FRESNO,06019,13.45576765015806,38.068615384615384,-6.066192307692308,50.09615384615385,216.82692307692307,315.11521153846155,1.2252942360379346,52.79615384615385,26.06923076923077,3.2115384615384617,171718.61789907693,15.296153846153846,45.20970916754479,2.6897211169652264,2022,6600.0,4.061538461538461
591,CALIFORNIA,KINGS,06031,17.72755089981198,44.94,-5.690392156862745,89.09803921568627,178.84313725490196,98.89849019607843,1.5117747515444535,80.6470588235294,15.823529411764705,0.11764705882352941,172932.5528250353,12.627450980392156,49.340510341122744,2.9852062315337093,2022,15100.0,9.063625450180073
592,CALIFORNIA,TULARE,06107,12.628082191780821,35.75626506024096,-7.0046987951807225,37.48192771084337,224.04819277108433,276.2097710843374,1.105672850305331,38.59036144578313,25.186746987951807,2.3855421686746987,172944.06465183615,14.451807228915662,46.102878362766134,2.2899394784617924,2022,6300.0,3.436988543371522
593,KANSAS,KINGMAN,20095,14.275742987606002,42.37380952380953,-20.70285714285714,60.857142857142854,193.57142857142858,412.47390476190475,1.0532344422700588,22.095238095238095,47.666666666666664,1.9523809523809523,154627.77483565715,14.380952380952381,55.939843444227,4.808791650358773,2022,4370.0,10.581113801452785
594,KANSAS,PRATT,20151,13.967691324200914,42.346000000000004,-20.958000000000002,56.666666666666664,198.26666666666668,358.38966666666664,1.0528003652968037,21.4,46.06666666666666,1.5333333333333332,157445.08102080002,14.466666666666667,55.398575342465755,4.934431415525114,2022,31400.0,42.72108843537415
595,KANSAS,RENO,20155,13.803383561643834,41.6578125,-21.1653125,54.25,197.75,421.3285625,0.9998698630136986,18.84375,45.21875,2.34375,153577.0105128,15.1875,57.007919520547944,4.756154280821917,2022,3800.0,9.718670076726342
596,KANSAS,SEWARD,20175,13.580445205479453,41.652499999999996,-20.9775,66.66666666666667,209.58333333333334,235.83291666666668,1.1680593607305938,33.916666666666664,34.416666666666664,1.6666666666666667,163305.3572928,12.25,50.54139269406393,4.768310273972602,2022,21400.0,20.05623242736645
597,KANSAS,SUMNER,20191,14.772658512720158,42.0875,-19.832142857142856,59.32142857142857,185.03571428571428,563.4687142857143,1.0216996086105674,22.928571428571427,52.25,6.357142857142857,151659.14458422858,15.107142857142858,58.16196673189824,4.405707045009785,2022,38000.0,87.96296296296296
598,TEXAS,ARMSTRONG,48011,15.716683561643835,41.334500000000006,-18.0785,52.65,170.95,267.32315,1.271036301369863,41.95,36.55,1.3,167321.78830080002,13.6,47.92387671232877,4.421941917808219,2022,15100.0,17.5990675990676
599,TEXAS,AUSTIN,48015,20.976986301369863,40.67208333333333,-9.303333333333333,70.54166666666667,91.58333333333333,586.2880833333334,0.9361761415525115,0.7083333333333333,53.666666666666664,6.041666666666667,151059.7744128,17.875,69.24954337899543,4.835010273972602,2022,2630.0,3.873343151693667
600,TEXAS,BAILEY,48017,15.25473698630137,41.0905,-17.3605,50.8,181.75,257.01275,1.288006712328767,49.35,30.6,1.9000000000000001,173546.27066880002,13.4,46.90538356164384,4.440261232876712,2022,27000.0,42.31974921630094
601,TEXAS,BELL,48027,20.139642561325264,41.44372093023256,-11.098837209302326,79.76744186046511,107.32558139534883,479.38772093023255,1.144413698630137,19.97674418604651,43.372093023255815,4.930232558139535,155342.46490024187,16.27906976744186,62.313214399490285,3.8292378464479135,2022,7300.0,13.321167883211679
602,TEXAS,BRISCOE,48045,16.559623287671233,41.689,-16.4785,67.55,164.8,330.80494999999996,1.3592734246575342,55.15,40.15,2.45,167152.4417088,14.65,47.475547945205484,4.335571369863014,2022,16700.0,18.955732122587968
603,TEXAS,BURLESON,48051,20.761369863013698,41.82416666666666,-10.286666666666667,81.70833333333333,96.20833333333333,604.792375,1.071018378995434,6.5,51.125,6.916666666666667,152427.0749328,19.25,65.35789954337899,4.318193493150685,2022,22000.0,22.916666666666668
604,TEXAS,CALDWELL,48055,20.994268493150685,40.931,-9.306000000000001,93.15,95.65,523.6725,1.091522602739726,3.65,50.8,6.0,150846.9913728,16.85,64.74204109589041,3.8488590410958907,2022,2300.0,4.581673306772909
605,TEXAS,CALHOUN,48057,21.70277568493151,34.8971875,-9.07125,9.21875,61.78125,656.7451875,0.6557297089041095,0.0,52.09375,7.8125,149302.92752280002,17.15625,76.58758561643836,6.7857708904109595,2022,32000.0,39.603960396039604
606,TEXAS,CAMERON,48061,22.941528060097216,36.25774193548387,-6.591612903225807,32.25806451612903,49.38709677419355,553.3864193548387,0.7769396376491383,0.0,50.096774193548384,6.741935483870968,146528.67303731613,19.806451612903224,76.14304021210782,7.129967830313743,2022,119900.0,126.21052631578948
607,TEXAS,CARSON,48065,15.149716438356164,41.898,-18.8895,47.9,176.1,336.67935,1.2237835616438355,35.65,38.15,2.3,167137.58695680002,13.05,49.143630136986296,5.013647534246576,2022,113800.0,129.17139614074915
608,TEXAS,CASTRO,48069,14.834215068493151,40.839999999999996,-18.1995,38.15,182.45,231.5253,1.1972905479452056,34.35,29.2,1.6500000000000001,172043.6899968,12.05,48.85930136986301,4.648675890410958,2022,51500.0,43.35016835016835
609,TEXAS,COCHRAN,48079,15.740671232876712,40.479375,-16.391875,49.6875,174.75,221.517875,1.3200417808219178,51.75,31.5625,0.625,175060.9196928,13.5,46.77267123287672,4.447145890410959,2022,43800.0,69.63434022257552
610,TEXAS,COLLINGSWORTH,48087,16.63259178082192,44.838,-16.779,72.65,168.1,375.09345,1.29755,44.1,38.3,2.7,165142.16038080002,14.5,50.365863013698636,4.286100547945205,2022,46000.0,79.17383820998279
611,TEXAS,CROSBY,48107,17.15932465753425,41.24550000000001,-14.842500000000001,71.55,156.1,233.98345,1.4117784931506852,64.8,30.45,2.2,171632.94828480002,15.1,47.332191780821915,4.430549863013699,2022,75700.0,92.65605875152998
612,TEXAS,DAWSON,48115,17.740827397260276,40.5595,-14.100999999999999,78.0,147.9,172.5186,1.4697190410958905,72.75,26.4,1.05,175476.32009280002,13.15,46.522561643835616,4.156190136986301,2022,16000.0,20.356234096692113
613,TEXAS,DEAF SMITH,48117,14.58016894977169,40.49527777777777,-18.413055555555555,37.583333333333336,183.36111111111111,219.12433333333334,1.2112445205479452,34.47222222222222,31.166666666666668,0.9722222222222222,171430.05281280002,12.472222222222221,47.70914764079147,4.82641301369863,2022,22600.0,21.668264621284756
614,TEXAS,DICKENS,48125,17.733264383561643,41.392,-14.047,80.35,149.4,282.308,1.4417350684931507,65.65,33.25,3.0,169988.3540928,15.35,47.3453698630137,4.329000684931507,2022,6300.0,8.129032258064516
615,TEXAS,DONLEY,48129,16.1588698630137,42.337,-17.02,61.75,170.7,310.6854,1.2810238356164383,41.0,37.05,1.75,166424.8750848,14.15,48.959849315068496,4.352102191780822,2022,16200.0,24.582701062215477
616,TEXAS,ELLIS,48139,19.59673881278539,40.86466666666667,-11.345,71.0,113.5,648.1683666666667,1.116253698630137,29.933333333333334,48.43333333333334,6.766666666666667,152862.7418208,15.366666666666667,62.07135159817352,3.9730602739726026,2022,10000.0,24.390243902439025
617,TEXAS,FALLS,48145,20.032216343882855,41.721034482758625,-10.908275862068965,78.0,107.24137931034483,526.7986896551724,1.106854133207369,17.448275862068964,47.03448275862069,6.137931034482759,155043.52048452414,17.344827586206897,63.566584789796885,4.146298346717052,2022,7720.0,17.665903890160184
618,TEXAS,FLOYD,48153,16.156984109589043,41.062799999999996,-16.7364,61.36,167.44,257.97411999999997,1.3144589589041096,53.76,37.24,1.88,168778.66380480002,14.36,48.62619178082192,4.687753095890411,2022,112200.0,126.06741573033707
619,TEXAS,FORT BEND,48157,21.09093857711003,38.97677419354839,-8.508709677419354,48.61290322580645,86.90322580645162,687.5140322580645,0.8372220945647372,0.0,60.32258064516129,6.32258064516129,146671.30438699355,17.838709677419356,71.46965974370305,5.510431462660185,2022,40900.0,65.02384737678855
620,TEXAS,GAINES,48165,17.09069710806697,40.537499999999994,-14.468055555555557,69.97222222222223,158.30555555555554,157.93272222222222,1.4248782343987823,63.0,21.86111111111111,0.5555555555555555,177591.2442528,13.13888888888889,46.39566971080669,4.072399162861491,2022,61100.0,106.26086956521739
621,TEXAS,GARZA,48169,18.22643561643836,41.3755,-13.0485,82.8,141.5,241.7574,1.5114891780821917,72.75,31.35,2.1,172398.68426880002,14.45,46.372547945205476,4.142612739726028,2022,11900.0,15.657894736842104
622,TEXAS,GLASSCOCK,48173,18.64695616438356,40.1635,-12.2635,88.0,131.25,160.3541,1.503085205479452,74.15,21.95,1.1,174929.5454688,13.7,47.36450684931506,4.4424786301369865,2022,14500.0,16.129032258064516
623,TEXAS,GRAY,48179,15.277608219178083,41.8515,-18.5785,44.75,175.55,330.21715,1.1857523287671232,29.0,39.0,1.7,166169.7894528,14.2,50.59773972602739,4.862289726027398,2022,32100.0,42.51655629139073
624,TEXAS,GUADALUPE,48187,21.03440410958904,40.90678571428572,-8.878214285714286,91.0,96.60714285714286,427.05635714285717,1.1083840508806262,3.0,44.67857142857143,4.214285714285714,152130.3402528,15.428571428571429,64.12101761252447,3.730144422700587,2022,780.0,2.9770992366412212
625,TEXAS,HALE,48189,15.583355616438356,40.5952,-17.2332,54.12,175.44,229.85556,1.2556644383561644,45.48,34.2,1.84,170383.12735680002,13.28,49.11160547945206,4.4795966027397265,2022,95000.0,127.51677852348993
626,TEXAS,HALL,48191,17.37431232876712,43.192,-15.107,85.1,161.0,354.61725,1.4215346575342465,65.15,39.35,3.05,166315.8063168,15.05,47.97365753424657,3.958054931506849,2022,33000.0,66.66666666666667
627,TEXAS,HANSFORD,48195,14.744910958904109,41.8685,-19.194,62.0,185.6,172.77955,1.2610702739726027,36.85,28.35,0.8,166814.6673888,12.1,47.489876712328766,4.97335493150685,2022,61000.0,61.86612576064909
628,TEXAS,HARDEMAN,48197,18.087172863666016,44.53857142857143,-14.281904761904762,95.47619047619048,151.1904761904762,401.13142857142856,1.4318883235485975,63.333333333333336,40.904761904761905,4.0476190476190474,163481.47988708573,17.428571428571427,50.62143509458578,4.367857925636008,2022,15000.0,19.71090670170828
629,TEXAS,HARTLEY,48205,14.164884322678844,40.33277777777778,-20.158611111111114,41.05555555555556,191.25,188.9728888888889,1.211142694063927,30.5,29.77777777777778,0.888888888888889,171369.58481280002,12.722222222222221,46.45448249619483,4.50691796042618,2022,41000.0,42.708333333333336
630,TEXAS,HASKELL,48207,18.922154794520548,43.0745,-13.419999999999998,102.85,135.65,367.78815,1.493464794520548,69.45,35.6,3.65,166364.5700448,14.2,50.37442465753425,4.139755890410959,2022,13700.0,33.091787439613526
631,TEXAS,HIDALGO,48215,22.879328767123287,39.49,-8.873148148148148,78.12962962962963,62.31481481481482,401.2731851851852,0.997728564180619,0.0,41.648148148148145,2.925925925925926,153988.9679328,17.72222222222222,70.42592592592592,6.190902536783359,2022,89000.0,87.08414872798434
632,TEXAS,HILL,48217,19.690150293542075,40.40942857142857,-11.496571428571428,74.65714285714286,112.45714285714286,580.9984,1.1456582387475538,31.4,41.4,7.428571428571429,155596.65579565716,15.257142857142856,61.73587475538161,3.958190136986301,2022,13100.0,36.08815426997245
633,TEXAS,HOCKLEY,48219,16.143241095890414,40.689,-16.842499999999998,59.4,170.2,196.31915,1.3389984931506849,53.75,30.55,1.0,173048.82482880002,13.85,47.29939726027397,4.4396193150684935,2022,94700.0,141.76646706586826
634,TEXAS,HUTCHINSON,48233,15.40906301369863,42.822,-18.188,63.25,179.45,238.6943,1.3031931506849315,40.55,34.2,1.2,166041.1035648,12.9,47.206712328767125,4.631719178082192,2022,31500.0,32.71028037383178
635,TEXAS,JACKSON,48239,21.38701663405088,39.01107142857143,-8.230357142857143,51.464285714285715,86.17857142857143,565.9626428571429,0.8488675146771038,0.0,52.035714285714285,5.892857142857142,149339.67054994288,17.571428571428573,71.71227984344422,6.07337084148728,2022,65200.0,98.34087481146305
636,TEXAS,JONES,48253,19.306627397260275,42.9665,-12.3695,107.1,128.8,260.234,1.5769516438356166,78.45,30.55,1.55,166468.71530880002,14.4,48.66306849315069,4.189718904109589,2022,2100.0,6.1946902654867255
637,TEXAS,KLEBERG,48273,22.263007327174257,36.30930232558139,-9.097441860465116,36.41860465116279,63.83720930232558,499.89888372093026,0.7280520547945205,0.0,47.348837209302324,4.093023255813954,149546.79770768373,15.790697674418604,75.93936922586812,6.921502771583307,2022,35000.0,73.6842105263158
638,TEXAS,KNOX,48275,18.87341095890411,44.383,-13.086000000000002,107.15,142.7,394.90155,1.5322017808219177,73.85,38.2,4.15,165400.53785280001,14.85,49.719630136986304,4.231200821917809,2022,18300.0,23.13527180783818
639,TEXAS,LAMB,48279,15.408976438356163,40.8228,-18.1256,52.36,179.32,263.69108,1.2636660821917807,47.08,31.2,2.2,171685.4691168,13.32,48.163178082191784,4.416516821917808,2022,53900.0,71.29629629629629
640,TEXAS,LUBBOCK,48303,16.624271232876712,40.894,-15.991999999999999,66.1,164.45,190.78815,1.3759583561643836,62.05,30.15,0.85,171840.5311968,13.65,47.52247945205479,4.423899863013698,2022,96000.0,135.78500707213578
641,TEXAS,LYNN,48305,17.084575342465754,40.8895,-14.859,70.65,158.05,197.93515,1.4073520547945204,64.5,28.9,0.9,174580.4060928,13.75,47.477876712328765,4.373267808219178,2022,45000.0,71.09004739336493
642,TEXAS,MATAGORDA,48321,21.36430821917808,35.104615384615386,-8.586153846153847,17.115384615384617,73.03846153846153,720.5200576923077,0.7150034246575342,0.0,54.13461538461539,9.057692307692308,148558.1257728,17.076923076923077,74.89106954689146,6.466886037934668,2022,77900.0,109.41011235955057
643,TEXAS,MCLENNAN,48309,20.00592181757434,40.87341463414634,-11.346341463414634,82.60975609756098,110.17073170731707,495.8450243902439,1.174470965586368,27.5609756097561,43.36585365853659,6.439024390243903,155560.9366508488,15.804878048780488,61.37889074507183,4.065298496491814,2022,6180.0,15.76530612244898
644,TEXAS,MEDINA,48325,20.97053881278539,41.19166666666667,-9.177777777777777,93.11111111111111,100.72222222222223,270.77483333333333,1.2474878234398783,12.75,32.11111111111111,2.4166666666666665,158054.85569280002,13.944444444444445,59.00943683409437,3.1314461948249623,2022,23000.0,23.760330578512395
645,TEXAS,MILAM,48331,20.484265320836336,41.458684210526314,-10.756842105263157,82.26315789473685,101.07894736842105,600.637447368421,1.1257084354722424,14.5,46.973684210526315,7.368421052631579,152924.35807174738,18.0,63.694073540014415,4.0457742609949525,2022,12900.0,27.92207792207792
646,TEXAS,MOORE,48341,14.635153424657535,41.199,-19.438499999999998,50.35,185.95,241.49525,1.231384109589041,32.05,29.85,1.35,169301.71385280002,12.95,47.22054794520548,4.672213150684931,2022,62100.0,58.751182592242195
647,TEXAS,NAVARRO,48349,19.863326604181687,40.826578947368425,-10.82736842105263,72.55263157894737,108.55263157894737,621.9186578947368,1.1178612833453496,27.184210526315788,49.473684210526315,6.973684210526316,152482.59646332634,16.18421052631579,62.62518385003605,4.1805002883922135,2022,12700.0,40.445859872611464
648,TEXAS,NOLAN,48353,18.685101369863013,40.7795,-12.9115,86.45,126.85,202.90370000000001,1.4929538356164382,70.85,28.0,0.75,169233.97150080002,14.45,47.952863013698625,4.37154506849315,2022,3040.0,6.4543524416135885
649,TEXAS,NUECES,48355,22.162070776255707,37.248333333333335,-6.835,38.208333333333336,70.83333333333333,455.33054166666665,0.7589530821917808,0.0,49.458333333333336,3.9583333333333335,148610.2285728,15.208333333333334,75.0292694063927,6.685750228310502,2022,128400.0,187.17201166180757
650,TEXAS,OCHILTREE,48357,14.646052054794522,42.69,-19.465,60.15,184.75,185.71665000000002,1.222845890410959,34.7,30.400000000000002,0.55,165870.1883808,12.1,48.8967397260274,4.93629602739726,2022,39200.0,42.93537787513691
651,TEXAS,PARMER,48369,14.599635616438357,40.816500000000005,-18.116,37.1,185.1,213.5042,1.2086445205479452,34.95,29.45,1.7000000000000002,172936.83703680002,12.15,47.76138356164383,4.582593287671233,2022,24700.0,29.369797859690845
652,TEXAS,RANDALL,48381,15.119431506849315,40.92,-18.6515,47.25,176.65,209.591,1.2483443835616437,40.0,30.75,1.0,168665.3039808,12.4,47.96849315068493,4.810609726027398,2022,8500.0,8.664627930682977
653,TEXAS,REAGAN,48383,18.804966210045663,40.473,-11.939333333333334,80.5,126.6,193.36716666666666,1.4475560730593608,66.76666666666667,22.9,1.1333333333333333,174701.9834208,14.1,49.360383561643836,4.427268675799087,2022,10000.0,11.750881316098708
654,TEXAS,REEVES,48389,19.057102674494455,41.87428571428572,-11.186285714285713,92.18095238095238,136.93333333333334,181.95686666666666,1.7200176908023486,94.01904761904763,19.8,1.9904761904761905,182787.5649065143,13.228571428571428,40.74426092628833,3.3950401304631446,2022,9080.0,8.87585532746823
655,TEXAS,ROBERTSON,48395,20.524744560838034,42.09911764705882,-10.57294117647059,81.52941176470588,101.6470588235294,608.5527058823529,1.1449551974214343,17.5,48.588235294117645,7.882352941176471,152838.8644692706,19.235294117647058,62.7846091861402,4.138099194198227,2022,31300.0,35.40723981900452
656,TEXAS,SAN PATRICIO,48409,21.60054794520548,36.220454545454544,-9.465454545454547,15.0,77.31818181818181,480.89604545454546,0.6440298879202988,0.0,50.09090909090909,3.909090909090909,148586.6458237091,15.772727272727273,77.55777085927771,6.518228393524284,2022,78800.0,111.93181818181819
657,TEXAS,SCURRY,48415,18.492305479452053,41.8495,-12.3885,88.65,136.5,234.3383,1.5101801369863013,74.4,29.45,1.15,171321.89489280002,14.55,47.56519178082191,4.2889116438356165,2022,3450.0,6.764705882352941
658,TEXAS,SHERMAN,48421,14.385372602739727,41.673,-19.1435,58.8,188.95,172.3399,1.2461828767123286,33.6,27.55,1.15,168293.35327680002,12.2,46.842547945205474,4.839793424657534,2022,68500.0,63.54359925788497
659,TEXAS,SWISHER,48437,15.305047945205478,40.493,-17.7155,52.45,176.65,267.48255,1.2457019178082192,43.35,33.75,1.75,168799.3933248,12.85,48.78353424657535,4.670564246575342,2022,43000.0,55.84415584415584
660,TEXAS,TERRY,48445,16.614010958904107,40.619,-15.155000000000001,64.3,164.6,186.84045,1.3700363013698629,58.0,28.25,0.7000000000000001,174978.5247648,13.4,47.426712328767124,4.2569976712328765,2022,34100.0,48.57549857549858
661,TEXAS,TOM GREEN,48451,19.37071792004473,40.781020408163265,-11.815714285714286,90.71428571428571,117.65306122448979,218.83661224489796,1.463432317584568,65.28571428571429,27.06122448979592,1.4693877551020407,170151.15404218776,13.714285714285714,50.68331003634331,3.9696256080514396,2022,44400.0,54.146341463414636
662,TEXAS,UVALDE,48463,20.775644618395305,41.158,-9.048,85.02857142857142,102.54285714285714,304.68737142857145,1.2196040704500979,12.2,30.82857142857143,3.1999999999999997,159401.82510308572,13.857142857142858,58.74363209393346,3.3174056360078277,2022,27000.0,32.926829268292686
663,TEXAS,VICTORIA,48469,21.463896222498963,39.32939393939394,-8.13030303030303,66.93939393939394,88.18181818181819,520.9294848484849,0.8770178497301785,0.0,53.18181818181818,4.878787878787879,148370.15242734546,18.606060606060606,71.10419261104192,5.979934744707347,2022,33700.0,44.576719576719576
664,TEXAS,WHARTON,48481,20.88417123287671,38.67675,-8.440000000000001,40.2,89.65,668.2926,0.7986525342465753,0.0,54.05,7.4,149722.6267008,18.05,72.6347602739726,5.708283356164383,2022,100200.0,146.27737226277372
665,TEXAS,WILBARGER,48487,18.380986301369862,44.74307692307692,-12.756923076923076,97.73076923076923,146.73076923076923,408.6478076923077,1.4007172813487883,59.92307692307692,42.15384615384615,3.1153846153846154,162556.0478097231,16.26923076923077,52.38460484720759,4.3505024236037935,2022,21300.0,24.79627473806752
666,TEXAS,WILLACY,48489,22.70037899543379,38.012499999999996,-8.7925,42.083333333333336,59.166666666666664,499.27866666666665,0.8131945205479452,0.0,45.916666666666664,4.75,148111.6523328,18.0,74.96952054794521,6.951762100456621,2022,101100.0,139.64088397790056
667,TEXAS,WILLIAMSON,48491,20.250513372472277,41.017857142857146,-10.844285714285714,78.02380952380952,103.35714285714286,553.0086904761905,1.1059258969341161,10.095238095238095,46.57142857142857,6.523809523809524,153875.61696137144,16.476190476190474,63.26173515981735,3.714268623613829,2022,10500.0,24.193548387096776
668,TEXAS,YOAKUM,48501,16.195157534246576,40.266875,-15.5525,55.875,170.8125,188.818,1.3502140410958905,54.375,30.875,0.4375,176941.19321280002,12.6875,46.753595890410956,4.302006678082192,2022,22000.0,52.88461538461539
669,TEXAS,ZAVALA,48507,21.986797455968688,43.30392857142857,-8.753214285714286,107.42857142857143,98.85714285714286,328.4992142857143,1.3784288649706458,33.535714285714285,28.428571428571427,2.857142857142857,162385.04886994287,13.678571428571429,57.42472602739726,3.5106448140900195,2022,13400.0,12.350230414746544
